[2025-05-26 19:02:46] local.ERROR: SQLSTATE[HY000] [2002] Connection refused (SQL: select `value`, `key` from `system` where `key` in (additional_js, additional_css)) {"view":{"view":"/Users/evills/developer/AudazPOS/resources/views/welcome.blade.php","data":{"asset_v":"<pre class=sf-dump id=sf-dump-2100947995 data-indent-pad=\"  \"><span class=sf-dump-num>670</span>
</pre><script>Sfdump(\"sf-dump-2100947995\", {\"maxDepth\":3,\"maxStringLength\":160})</script>
","errors":"<pre class=sf-dump id=sf-dump-438536811 data-indent-pad=\"  \"><span class=sf-dump-note>Illuminate\\Support\\ViewErrorBag</span> {<a class=sf-dump-ref>#2260</a><samp data-depth=1 class=sf-dump-expanded>
  #<span class=sf-dump-protected title=\"Protected property\">bags</span>: []
</samp>}
</pre><script>Sfdump(\"sf-dump-438536811\", {\"maxDepth\":3,\"maxStringLength\":160})</script>
","enabled_modules":"<pre class=sf-dump id=sf-dump-1363199137 data-indent-pad=\"  \">[]
</pre><script>Sfdump(\"sf-dump-1363199137\", {\"maxDepth\":3,\"maxStringLength\":160})</script>
","__is_pusher_enabled":"<pre class=sf-dump id=sf-dump-531612194 data-indent-pad=\"  \"><span class=sf-dump-const>false</span>
</pre><script>Sfdump(\"sf-dump-531612194\", {\"maxDepth\":3,\"maxStringLength\":160})</script>
"}},"exception":"[object] (Spatie\\LaravelIgnition\\Exceptions\\ViewException(code: 0): SQLSTATE[HY000] [2002] Connection refused (SQL: select `value`, `key` from `system` where `key` in (additional_js, additional_css)) at /Users/evills/developer/AudazPOS/vendor/laravel/framework/src/Illuminate/Database/Connection.php:760)
[stacktrace]
#0 /Users/evills/developer/AudazPOS/vendor/laravel/framework/src/Illuminate/Database/Connection.php(899): Illuminate\\Database\\Connection->runQueryCallback('select `value`,...', Array, Object(Closure))
#1 /Users/evills/developer/AudazPOS/vendor/laravel/framework/src/Illuminate/Database/Connection.php(878): Illuminate\\Database\\Connection->tryAgainIfCausedByLostConnection(Object(Illuminate\\Database\\QueryException), 'select `value`,...', Array, Object(Closure))
#2 /Users/evills/developer/AudazPOS/vendor/laravel/framework/src/Illuminate/Database/Connection.php(722): Illuminate\\Database\\Connection->handleQueryException(Object(Illuminate\\Database\\QueryException), 'select `value`,...', Array, Object(Closure))
#3 /Users/evills/developer/AudazPOS/vendor/laravel/framework/src/Illuminate/Database/Connection.php(405): Illuminate\\Database\\Connection->run('select `value`,...', Array, Object(Closure))
#4 /Users/evills/developer/AudazPOS/vendor/laravel/framework/src/Illuminate/Database/Query/Builder.php(2705): Illuminate\\Database\\Connection->select('select `value`,...', Array, true)
#5 /Users/evills/developer/AudazPOS/vendor/laravel/framework/src/Illuminate/Database/Query/Builder.php(2920): Illuminate\\Database\\Query\\Builder->runSelect()
#6 /Users/evills/developer/AudazPOS/vendor/laravel/framework/src/Illuminate/Database/Query/Builder.php(3230): Illuminate\\Database\\Query\\Builder->Illuminate\\Database\\Query\\{closure}()
#7 /Users/evills/developer/AudazPOS/vendor/laravel/framework/src/Illuminate/Database/Query/Builder.php(2916): Illuminate\\Database\\Query\\Builder->onceWithColumns(Array, Object(Closure))
#8 /Users/evills/developer/AudazPOS/vendor/laravel/framework/src/Illuminate/Database/Eloquent/Builder.php(860): Illuminate\\Database\\Query\\Builder->pluck('value', 'key')
#9 /Users/evills/developer/AudazPOS/app/System.php(58): Illuminate\\Database\\Eloquent\\Builder->pluck('value', 'key')
#10 /Users/evills/developer/AudazPOS/app/Providers/AppServiceProvider.php(99): App\\System::getProperties(Array, true)
#11 /Users/evills/developer/AudazPOS/vendor/laravel/framework/src/Illuminate/View/Concerns/ManagesEvents.php(162): App\\Providers\\AppServiceProvider->App\\Providers\\{closure}(Object(Illuminate\\View\\View))
#12 /Users/evills/developer/AudazPOS/vendor/laravel/framework/src/Illuminate/Events/Dispatcher.php(418): Illuminate\\View\\Factory->Illuminate\\View\\Concerns\\{closure}('composing: layo...', Array)
#13 /Users/evills/developer/AudazPOS/vendor/laravel/framework/src/Illuminate/Events/Dispatcher.php(249): Illuminate\\Events\\Dispatcher->Illuminate\\Events\\{closure}('composing: layo...', Array)
#14 /Users/evills/developer/AudazPOS/vendor/laravel/framework/src/Illuminate/View/Concerns/ManagesEvents.php(177): Illuminate\\Events\\Dispatcher->dispatch('composing: layo...', Array)
#15 /Users/evills/developer/AudazPOS/vendor/laravel/framework/src/Illuminate/View/View.php(176): Illuminate\\View\\Factory->callComposer(Object(Illuminate\\View\\View))
#16 /Users/evills/developer/AudazPOS/vendor/laravel/framework/src/Illuminate/View/View.php(147): Illuminate\\View\\View->renderContents()
#17 /Users/evills/developer/AudazPOS/resources/views/welcome.blade.php(15): Illuminate\\View\\View->render()
#18 /Users/evills/developer/AudazPOS/vendor/laravel/framework/src/Illuminate/Filesystem/Filesystem.php(109): require('/Users/evills/d...')
#19 /Users/evills/developer/AudazPOS/vendor/laravel/framework/src/Illuminate/Filesystem/Filesystem.php(110): Illuminate\\Filesystem\\Filesystem::Illuminate\\Filesystem\\{closure}()
#20 /Users/evills/developer/AudazPOS/vendor/laravel/framework/src/Illuminate/View/Engines/PhpEngine.php(58): Illuminate\\Filesystem\\Filesystem->getRequire('/Users/evills/d...', Array)
#21 /Users/evills/developer/AudazPOS/vendor/laravel/framework/src/Illuminate/View/Engines/CompilerEngine.php(70): Illuminate\\View\\Engines\\PhpEngine->evaluatePath('/Users/evills/d...', Array)
#22 /Users/evills/developer/AudazPOS/vendor/laravel/framework/src/Illuminate/View/View.php(195): Illuminate\\View\\Engines\\CompilerEngine->get('/Users/evills/d...', Array)
#23 /Users/evills/developer/AudazPOS/vendor/laravel/framework/src/Illuminate/View/View.php(178): Illuminate\\View\\View->getContents()
#24 /Users/evills/developer/AudazPOS/vendor/laravel/framework/src/Illuminate/View/View.php(147): Illuminate\\View\\View->renderContents()
#25 /Users/evills/developer/AudazPOS/vendor/laravel/framework/src/Illuminate/Http/Response.php(69): Illuminate\\View\\View->render()
#26 /Users/evills/developer/AudazPOS/vendor/laravel/framework/src/Illuminate/Http/Response.php(35): Illuminate\\Http\\Response->setContent(Object(Illuminate\\View\\View))
#27 /Users/evills/developer/AudazPOS/vendor/laravel/framework/src/Illuminate/Routing/Router.php(906): Illuminate\\Http\\Response->__construct(Object(Illuminate\\View\\View), 200, Array)
#28 /Users/evills/developer/AudazPOS/vendor/laravel/framework/src/Illuminate/Routing/Router.php(875): Illuminate\\Routing\\Router::toResponse(Object(Illuminate\\Http\\Request), Object(Illuminate\\View\\View))
#29 /Users/evills/developer/AudazPOS/vendor/laravel/framework/src/Illuminate/Routing/Router.php(797): Illuminate\\Routing\\Router->prepareResponse(Object(Illuminate\\Http\\Request), Object(Illuminate\\View\\View))
#30 /Users/evills/developer/AudazPOS/vendor/laravel/framework/src/Illuminate/Pipeline/Pipeline.php(141): Illuminate\\Routing\\Router->Illuminate\\Routing\\{closure}(Object(Illuminate\\Http\\Request))
#31 /Users/evills/developer/AudazPOS/app/Http/Middleware/IsInstalled.php(50): Illuminate\\Pipeline\\Pipeline->Illuminate\\Pipeline\\{closure}(Object(Illuminate\\Http\\Request))
#32 /Users/evills/developer/AudazPOS/vendor/laravel/framework/src/Illuminate/Pipeline/Pipeline.php(180): App\\Http\\Middleware\\IsInstalled->handle(Object(Illuminate\\Http\\Request), Object(Closure))
#33 /Users/evills/developer/AudazPOS/vendor/barryvdh/laravel-debugbar/src/Middleware/InjectDebugbar.php(59): Illuminate\\Pipeline\\Pipeline->Illuminate\\Pipeline\\{closure}(Object(Illuminate\\Http\\Request))
#34 /Users/evills/developer/AudazPOS/vendor/laravel/framework/src/Illuminate/Pipeline/Pipeline.php(180): Barryvdh\\Debugbar\\Middleware\\InjectDebugbar->handle(Object(Illuminate\\Http\\Request), Object(Closure))
#35 /Users/evills/developer/AudazPOS/vendor/laravel/framework/src/Illuminate/Routing/Middleware/SubstituteBindings.php(50): Illuminate\\Pipeline\\Pipeline->Illuminate\\Pipeline\\{closure}(Object(Illuminate\\Http\\Request))
#36 /Users/evills/developer/AudazPOS/vendor/laravel/framework/src/Illuminate/Pipeline/Pipeline.php(180): Illuminate\\Routing\\Middleware\\SubstituteBindings->handle(Object(Illuminate\\Http\\Request), Object(Closure))
#37 /Users/evills/developer/AudazPOS/vendor/laravel/framework/src/Illuminate/Foundation/Http/Middleware/VerifyCsrfToken.php(78): Illuminate\\Pipeline\\Pipeline->Illuminate\\Pipeline\\{closure}(Object(Illuminate\\Http\\Request))
#38 /Users/evills/developer/AudazPOS/vendor/laravel/framework/src/Illuminate/Pipeline/Pipeline.php(180): Illuminate\\Foundation\\Http\\Middleware\\VerifyCsrfToken->handle(Object(Illuminate\\Http\\Request), Object(Closure))
#39 /Users/evills/developer/AudazPOS/vendor/laravel/framework/src/Illuminate/View/Middleware/ShareErrorsFromSession.php(49): Illuminate\\Pipeline\\Pipeline->Illuminate\\Pipeline\\{closure}(Object(Illuminate\\Http\\Request))
#40 /Users/evills/developer/AudazPOS/vendor/laravel/framework/src/Illuminate/Pipeline/Pipeline.php(180): Illuminate\\View\\Middleware\\ShareErrorsFromSession->handle(Object(Illuminate\\Http\\Request), Object(Closure))
#41 /Users/evills/developer/AudazPOS/vendor/laravel/framework/src/Illuminate/Session/Middleware/StartSession.php(121): Illuminate\\Pipeline\\Pipeline->Illuminate\\Pipeline\\{closure}(Object(Illuminate\\Http\\Request))
#42 /Users/evills/developer/AudazPOS/vendor/laravel/framework/src/Illuminate/Session/Middleware/StartSession.php(64): Illuminate\\Session\\Middleware\\StartSession->handleStatefulRequest(Object(Illuminate\\Http\\Request), Object(Illuminate\\Session\\Store), Object(Closure))
#43 /Users/evills/developer/AudazPOS/vendor/laravel/framework/src/Illuminate/Pipeline/Pipeline.php(180): Illuminate\\Session\\Middleware\\StartSession->handle(Object(Illuminate\\Http\\Request), Object(Closure))
#44 /Users/evills/developer/AudazPOS/vendor/laravel/framework/src/Illuminate/Cookie/Middleware/AddQueuedCookiesToResponse.php(37): Illuminate\\Pipeline\\Pipeline->Illuminate\\Pipeline\\{closure}(Object(Illuminate\\Http\\Request))
#45 /Users/evills/developer/AudazPOS/vendor/laravel/framework/src/Illuminate/Pipeline/Pipeline.php(180): Illuminate\\Cookie\\Middleware\\AddQueuedCookiesToResponse->handle(Object(Illuminate\\Http\\Request), Object(Closure))
#46 /Users/evills/developer/AudazPOS/vendor/laravel/framework/src/Illuminate/Cookie/Middleware/EncryptCookies.php(67): Illuminate\\Pipeline\\Pipeline->Illuminate\\Pipeline\\{closure}(Object(Illuminate\\Http\\Request))
#47 /Users/evills/developer/AudazPOS/vendor/laravel/framework/src/Illuminate/Pipeline/Pipeline.php(180): Illuminate\\Cookie\\Middleware\\EncryptCookies->handle(Object(Illuminate\\Http\\Request), Object(Closure))
#48 /Users/evills/developer/AudazPOS/vendor/laravel/framework/src/Illuminate/Pipeline/Pipeline.php(116): Illuminate\\Pipeline\\Pipeline->Illuminate\\Pipeline\\{closure}(Object(Illuminate\\Http\\Request))
#49 /Users/evills/developer/AudazPOS/vendor/laravel/framework/src/Illuminate/Routing/Router.php(797): Illuminate\\Pipeline\\Pipeline->then(Object(Closure))
#50 /Users/evills/developer/AudazPOS/vendor/laravel/framework/src/Illuminate/Routing/Router.php(776): Illuminate\\Routing\\Router->runRouteWithinStack(Object(Illuminate\\Routing\\Route), Object(Illuminate\\Http\\Request))
#51 /Users/evills/developer/AudazPOS/vendor/laravel/framework/src/Illuminate/Routing/Router.php(740): Illuminate\\Routing\\Router->runRoute(Object(Illuminate\\Http\\Request), Object(Illuminate\\Routing\\Route))
#52 /Users/evills/developer/AudazPOS/vendor/laravel/framework/src/Illuminate/Routing/Router.php(729): Illuminate\\Routing\\Router->dispatchToRoute(Object(Illuminate\\Http\\Request))
#53 /Users/evills/developer/AudazPOS/vendor/laravel/framework/src/Illuminate/Foundation/Http/Kernel.php(190): Illuminate\\Routing\\Router->dispatch(Object(Illuminate\\Http\\Request))
#54 /Users/evills/developer/AudazPOS/vendor/laravel/framework/src/Illuminate/Pipeline/Pipeline.php(141): Illuminate\\Foundation\\Http\\Kernel->Illuminate\\Foundation\\Http\\{closure}(Object(Illuminate\\Http\\Request))
#55 /Users/evills/developer/AudazPOS/vendor/barryvdh/laravel-debugbar/src/Middleware/InjectDebugbar.php(59): Illuminate\\Pipeline\\Pipeline->Illuminate\\Pipeline\\{closure}(Object(Illuminate\\Http\\Request))
#56 /Users/evills/developer/AudazPOS/vendor/laravel/framework/src/Illuminate/Pipeline/Pipeline.php(180): Barryvdh\\Debugbar\\Middleware\\InjectDebugbar->handle(Object(Illuminate\\Http\\Request), Object(Closure))
#57 /Users/evills/developer/AudazPOS/vendor/laravel/framework/src/Illuminate/Foundation/Http/Middleware/TransformsRequest.php(21): Illuminate\\Pipeline\\Pipeline->Illuminate\\Pipeline\\{closure}(Object(Illuminate\\Http\\Request))
#58 /Users/evills/developer/AudazPOS/vendor/laravel/framework/src/Illuminate/Foundation/Http/Middleware/ConvertEmptyStringsToNull.php(31): Illuminate\\Foundation\\Http\\Middleware\\TransformsRequest->handle(Object(Illuminate\\Http\\Request), Object(Closure))
#59 /Users/evills/developer/AudazPOS/vendor/laravel/framework/src/Illuminate/Pipeline/Pipeline.php(180): Illuminate\\Foundation\\Http\\Middleware\\ConvertEmptyStringsToNull->handle(Object(Illuminate\\Http\\Request), Object(Closure))
#60 /Users/evills/developer/AudazPOS/vendor/laravel/framework/src/Illuminate/Foundation/Http/Middleware/TransformsRequest.php(21): Illuminate\\Pipeline\\Pipeline->Illuminate\\Pipeline\\{closure}(Object(Illuminate\\Http\\Request))
#61 /Users/evills/developer/AudazPOS/vendor/laravel/framework/src/Illuminate/Foundation/Http/Middleware/TrimStrings.php(40): Illuminate\\Foundation\\Http\\Middleware\\TransformsRequest->handle(Object(Illuminate\\Http\\Request), Object(Closure))
#62 /Users/evills/developer/AudazPOS/vendor/laravel/framework/src/Illuminate/Pipeline/Pipeline.php(180): Illuminate\\Foundation\\Http\\Middleware\\TrimStrings->handle(Object(Illuminate\\Http\\Request), Object(Closure))
#63 /Users/evills/developer/AudazPOS/vendor/laravel/framework/src/Illuminate/Foundation/Http/Middleware/ValidatePostSize.php(27): Illuminate\\Pipeline\\Pipeline->Illuminate\\Pipeline\\{closure}(Object(Illuminate\\Http\\Request))
#64 /Users/evills/developer/AudazPOS/vendor/laravel/framework/src/Illuminate/Pipeline/Pipeline.php(180): Illuminate\\Foundation\\Http\\Middleware\\ValidatePostSize->handle(Object(Illuminate\\Http\\Request), Object(Closure))
#65 /Users/evills/developer/AudazPOS/vendor/laravel/framework/src/Illuminate/Foundation/Http/Middleware/PreventRequestsDuringMaintenance.php(86): Illuminate\\Pipeline\\Pipeline->Illuminate\\Pipeline\\{closure}(Object(Illuminate\\Http\\Request))
#66 /Users/evills/developer/AudazPOS/vendor/laravel/framework/src/Illuminate/Pipeline/Pipeline.php(180): Illuminate\\Foundation\\Http\\Middleware\\PreventRequestsDuringMaintenance->handle(Object(Illuminate\\Http\\Request), Object(Closure))
#67 /Users/evills/developer/AudazPOS/vendor/laravel/framework/src/Illuminate/Http/Middleware/HandleCors.php(49): Illuminate\\Pipeline\\Pipeline->Illuminate\\Pipeline\\{closure}(Object(Illuminate\\Http\\Request))
#68 /Users/evills/developer/AudazPOS/vendor/laravel/framework/src/Illuminate/Pipeline/Pipeline.php(180): Illuminate\\Http\\Middleware\\HandleCors->handle(Object(Illuminate\\Http\\Request), Object(Closure))
#69 /Users/evills/developer/AudazPOS/vendor/laravel/framework/src/Illuminate/Http/Middleware/TrustProxies.php(39): Illuminate\\Pipeline\\Pipeline->Illuminate\\Pipeline\\{closure}(Object(Illuminate\\Http\\Request))
#70 /Users/evills/developer/AudazPOS/vendor/laravel/framework/src/Illuminate/Pipeline/Pipeline.php(180): Illuminate\\Http\\Middleware\\TrustProxies->handle(Object(Illuminate\\Http\\Request), Object(Closure))
#71 /Users/evills/developer/AudazPOS/vendor/laravel/framework/src/Illuminate/Pipeline/Pipeline.php(116): Illuminate\\Pipeline\\Pipeline->Illuminate\\Pipeline\\{closure}(Object(Illuminate\\Http\\Request))
#72 /Users/evills/developer/AudazPOS/vendor/laravel/framework/src/Illuminate/Foundation/Http/Kernel.php(165): Illuminate\\Pipeline\\Pipeline->then(Object(Closure))
#73 /Users/evills/developer/AudazPOS/vendor/laravel/framework/src/Illuminate/Foundation/Http/Kernel.php(134): Illuminate\\Foundation\\Http\\Kernel->sendRequestThroughRouter(Object(Illuminate\\Http\\Request))
#74 /Users/evills/developer/AudazPOS/public/index.php(51): Illuminate\\Foundation\\Http\\Kernel->handle(Object(Illuminate\\Http\\Request))
#75 /Applications/Herd.app/Contents/Resources/valet/server.php(167): require('/Users/evills/d...')
#76 {main}

[previous exception] [object] (Illuminate\\Database\\QueryException(code: 2002): SQLSTATE[HY000] [2002] Connection refused (SQL: select `value`, `key` from `system` where `key` in (additional_js, additional_css)) at /Users/evills/developer/AudazPOS/vendor/laravel/framework/src/Illuminate/Database/Connection.php:760)
[stacktrace]
#0 /Users/evills/developer/AudazPOS/vendor/laravel/framework/src/Illuminate/Database/Connection.php(899): Illuminate\\Database\\Connection->runQueryCallback('select `value`,...', Array, Object(Closure))
#1 /Users/evills/developer/AudazPOS/vendor/laravel/framework/src/Illuminate/Database/Connection.php(878): Illuminate\\Database\\Connection->tryAgainIfCausedByLostConnection(Object(Illuminate\\Database\\QueryException), 'select `value`,...', Array, Object(Closure))
#2 /Users/evills/developer/AudazPOS/vendor/laravel/framework/src/Illuminate/Database/Connection.php(722): Illuminate\\Database\\Connection->handleQueryException(Object(Illuminate\\Database\\QueryException), 'select `value`,...', Array, Object(Closure))
#3 /Users/evills/developer/AudazPOS/vendor/laravel/framework/src/Illuminate/Database/Connection.php(405): Illuminate\\Database\\Connection->run('select `value`,...', Array, Object(Closure))
#4 /Users/evills/developer/AudazPOS/vendor/laravel/framework/src/Illuminate/Database/Query/Builder.php(2705): Illuminate\\Database\\Connection->select('select `value`,...', Array, true)
#5 /Users/evills/developer/AudazPOS/vendor/laravel/framework/src/Illuminate/Database/Query/Builder.php(2920): Illuminate\\Database\\Query\\Builder->runSelect()
#6 /Users/evills/developer/AudazPOS/vendor/laravel/framework/src/Illuminate/Database/Query/Builder.php(3230): Illuminate\\Database\\Query\\Builder->Illuminate\\Database\\Query\\{closure}()
#7 /Users/evills/developer/AudazPOS/vendor/laravel/framework/src/Illuminate/Database/Query/Builder.php(2916): Illuminate\\Database\\Query\\Builder->onceWithColumns(Array, Object(Closure))
#8 /Users/evills/developer/AudazPOS/vendor/laravel/framework/src/Illuminate/Database/Eloquent/Builder.php(860): Illuminate\\Database\\Query\\Builder->pluck('value', 'key')
#9 /Users/evills/developer/AudazPOS/app/System.php(58): Illuminate\\Database\\Eloquent\\Builder->pluck('value', 'key')
#10 /Users/evills/developer/AudazPOS/app/Providers/AppServiceProvider.php(99): App\\System::getProperties(Array, true)
#11 /Users/evills/developer/AudazPOS/vendor/laravel/framework/src/Illuminate/View/Concerns/ManagesEvents.php(162): App\\Providers\\AppServiceProvider->App\\Providers\\{closure}(Object(Illuminate\\View\\View))
#12 /Users/evills/developer/AudazPOS/vendor/laravel/framework/src/Illuminate/Events/Dispatcher.php(418): Illuminate\\View\\Factory->Illuminate\\View\\Concerns\\{closure}('composing: layo...', Array)
#13 /Users/evills/developer/AudazPOS/vendor/laravel/framework/src/Illuminate/Events/Dispatcher.php(249): Illuminate\\Events\\Dispatcher->Illuminate\\Events\\{closure}('composing: layo...', Array)
#14 /Users/evills/developer/AudazPOS/vendor/laravel/framework/src/Illuminate/View/Concerns/ManagesEvents.php(177): Illuminate\\Events\\Dispatcher->dispatch('composing: layo...', Array)
#15 /Users/evills/developer/AudazPOS/vendor/laravel/framework/src/Illuminate/View/View.php(176): Illuminate\\View\\Factory->callComposer(Object(Illuminate\\View\\View))
#16 /Users/evills/developer/AudazPOS/vendor/laravel/framework/src/Illuminate/View/View.php(147): Illuminate\\View\\View->renderContents()
#17 /Users/evills/developer/AudazPOS/storage/framework/views/1ccf6133b823725648c8fd2c3f82ead804f71f4a.php(18): Illuminate\\View\\View->render()
#18 /Users/evills/developer/AudazPOS/vendor/laravel/framework/src/Illuminate/Filesystem/Filesystem.php(109): require('/Users/evills/d...')
#19 /Users/evills/developer/AudazPOS/vendor/laravel/framework/src/Illuminate/Filesystem/Filesystem.php(110): Illuminate\\Filesystem\\Filesystem::Illuminate\\Filesystem\\{closure}()
#20 /Users/evills/developer/AudazPOS/vendor/laravel/framework/src/Illuminate/View/Engines/PhpEngine.php(58): Illuminate\\Filesystem\\Filesystem->getRequire('/Users/evills/d...', Array)
#21 /Users/evills/developer/AudazPOS/vendor/laravel/framework/src/Illuminate/View/Engines/CompilerEngine.php(70): Illuminate\\View\\Engines\\PhpEngine->evaluatePath('/Users/evills/d...', Array)
#22 /Users/evills/developer/AudazPOS/vendor/laravel/framework/src/Illuminate/View/View.php(195): Illuminate\\View\\Engines\\CompilerEngine->get('/Users/evills/d...', Array)
#23 /Users/evills/developer/AudazPOS/vendor/laravel/framework/src/Illuminate/View/View.php(178): Illuminate\\View\\View->getContents()
#24 /Users/evills/developer/AudazPOS/vendor/laravel/framework/src/Illuminate/View/View.php(147): Illuminate\\View\\View->renderContents()
#25 /Users/evills/developer/AudazPOS/vendor/laravel/framework/src/Illuminate/Http/Response.php(69): Illuminate\\View\\View->render()
#26 /Users/evills/developer/AudazPOS/vendor/laravel/framework/src/Illuminate/Http/Response.php(35): Illuminate\\Http\\Response->setContent(Object(Illuminate\\View\\View))
#27 /Users/evills/developer/AudazPOS/vendor/laravel/framework/src/Illuminate/Routing/Router.php(906): Illuminate\\Http\\Response->__construct(Object(Illuminate\\View\\View), 200, Array)
#28 /Users/evills/developer/AudazPOS/vendor/laravel/framework/src/Illuminate/Routing/Router.php(875): Illuminate\\Routing\\Router::toResponse(Object(Illuminate\\Http\\Request), Object(Illuminate\\View\\View))
#29 /Users/evills/developer/AudazPOS/vendor/laravel/framework/src/Illuminate/Routing/Router.php(797): Illuminate\\Routing\\Router->prepareResponse(Object(Illuminate\\Http\\Request), Object(Illuminate\\View\\View))
#30 /Users/evills/developer/AudazPOS/vendor/laravel/framework/src/Illuminate/Pipeline/Pipeline.php(141): Illuminate\\Routing\\Router->Illuminate\\Routing\\{closure}(Object(Illuminate\\Http\\Request))
#31 /Users/evills/developer/AudazPOS/app/Http/Middleware/IsInstalled.php(50): Illuminate\\Pipeline\\Pipeline->Illuminate\\Pipeline\\{closure}(Object(Illuminate\\Http\\Request))
#32 /Users/evills/developer/AudazPOS/vendor/laravel/framework/src/Illuminate/Pipeline/Pipeline.php(180): App\\Http\\Middleware\\IsInstalled->handle(Object(Illuminate\\Http\\Request), Object(Closure))
#33 /Users/evills/developer/AudazPOS/vendor/barryvdh/laravel-debugbar/src/Middleware/InjectDebugbar.php(59): Illuminate\\Pipeline\\Pipeline->Illuminate\\Pipeline\\{closure}(Object(Illuminate\\Http\\Request))
#34 /Users/evills/developer/AudazPOS/vendor/laravel/framework/src/Illuminate/Pipeline/Pipeline.php(180): Barryvdh\\Debugbar\\Middleware\\InjectDebugbar->handle(Object(Illuminate\\Http\\Request), Object(Closure))
#35 /Users/evills/developer/AudazPOS/vendor/laravel/framework/src/Illuminate/Routing/Middleware/SubstituteBindings.php(50): Illuminate\\Pipeline\\Pipeline->Illuminate\\Pipeline\\{closure}(Object(Illuminate\\Http\\Request))
#36 /Users/evills/developer/AudazPOS/vendor/laravel/framework/src/Illuminate/Pipeline/Pipeline.php(180): Illuminate\\Routing\\Middleware\\SubstituteBindings->handle(Object(Illuminate\\Http\\Request), Object(Closure))
#37 /Users/evills/developer/AudazPOS/vendor/laravel/framework/src/Illuminate/Foundation/Http/Middleware/VerifyCsrfToken.php(78): Illuminate\\Pipeline\\Pipeline->Illuminate\\Pipeline\\{closure}(Object(Illuminate\\Http\\Request))
#38 /Users/evills/developer/AudazPOS/vendor/laravel/framework/src/Illuminate/Pipeline/Pipeline.php(180): Illuminate\\Foundation\\Http\\Middleware\\VerifyCsrfToken->handle(Object(Illuminate\\Http\\Request), Object(Closure))
#39 /Users/evills/developer/AudazPOS/vendor/laravel/framework/src/Illuminate/View/Middleware/ShareErrorsFromSession.php(49): Illuminate\\Pipeline\\Pipeline->Illuminate\\Pipeline\\{closure}(Object(Illuminate\\Http\\Request))
#40 /Users/evills/developer/AudazPOS/vendor/laravel/framework/src/Illuminate/Pipeline/Pipeline.php(180): Illuminate\\View\\Middleware\\ShareErrorsFromSession->handle(Object(Illuminate\\Http\\Request), Object(Closure))
#41 /Users/evills/developer/AudazPOS/vendor/laravel/framework/src/Illuminate/Session/Middleware/StartSession.php(121): Illuminate\\Pipeline\\Pipeline->Illuminate\\Pipeline\\{closure}(Object(Illuminate\\Http\\Request))
#42 /Users/evills/developer/AudazPOS/vendor/laravel/framework/src/Illuminate/Session/Middleware/StartSession.php(64): Illuminate\\Session\\Middleware\\StartSession->handleStatefulRequest(Object(Illuminate\\Http\\Request), Object(Illuminate\\Session\\Store), Object(Closure))
#43 /Users/evills/developer/AudazPOS/vendor/laravel/framework/src/Illuminate/Pipeline/Pipeline.php(180): Illuminate\\Session\\Middleware\\StartSession->handle(Object(Illuminate\\Http\\Request), Object(Closure))
#44 /Users/evills/developer/AudazPOS/vendor/laravel/framework/src/Illuminate/Cookie/Middleware/AddQueuedCookiesToResponse.php(37): Illuminate\\Pipeline\\Pipeline->Illuminate\\Pipeline\\{closure}(Object(Illuminate\\Http\\Request))
#45 /Users/evills/developer/AudazPOS/vendor/laravel/framework/src/Illuminate/Pipeline/Pipeline.php(180): Illuminate\\Cookie\\Middleware\\AddQueuedCookiesToResponse->handle(Object(Illuminate\\Http\\Request), Object(Closure))
#46 /Users/evills/developer/AudazPOS/vendor/laravel/framework/src/Illuminate/Cookie/Middleware/EncryptCookies.php(67): Illuminate\\Pipeline\\Pipeline->Illuminate\\Pipeline\\{closure}(Object(Illuminate\\Http\\Request))
#47 /Users/evills/developer/AudazPOS/vendor/laravel/framework/src/Illuminate/Pipeline/Pipeline.php(180): Illuminate\\Cookie\\Middleware\\EncryptCookies->handle(Object(Illuminate\\Http\\Request), Object(Closure))
#48 /Users/evills/developer/AudazPOS/vendor/laravel/framework/src/Illuminate/Pipeline/Pipeline.php(116): Illuminate\\Pipeline\\Pipeline->Illuminate\\Pipeline\\{closure}(Object(Illuminate\\Http\\Request))
#49 /Users/evills/developer/AudazPOS/vendor/laravel/framework/src/Illuminate/Routing/Router.php(797): Illuminate\\Pipeline\\Pipeline->then(Object(Closure))
#50 /Users/evills/developer/AudazPOS/vendor/laravel/framework/src/Illuminate/Routing/Router.php(776): Illuminate\\Routing\\Router->runRouteWithinStack(Object(Illuminate\\Routing\\Route), Object(Illuminate\\Http\\Request))
#51 /Users/evills/developer/AudazPOS/vendor/laravel/framework/src/Illuminate/Routing/Router.php(740): Illuminate\\Routing\\Router->runRoute(Object(Illuminate\\Http\\Request), Object(Illuminate\\Routing\\Route))
#52 /Users/evills/developer/AudazPOS/vendor/laravel/framework/src/Illuminate/Routing/Router.php(729): Illuminate\\Routing\\Router->dispatchToRoute(Object(Illuminate\\Http\\Request))
#53 /Users/evills/developer/AudazPOS/vendor/laravel/framework/src/Illuminate/Foundation/Http/Kernel.php(190): Illuminate\\Routing\\Router->dispatch(Object(Illuminate\\Http\\Request))
#54 /Users/evills/developer/AudazPOS/vendor/laravel/framework/src/Illuminate/Pipeline/Pipeline.php(141): Illuminate\\Foundation\\Http\\Kernel->Illuminate\\Foundation\\Http\\{closure}(Object(Illuminate\\Http\\Request))
#55 /Users/evills/developer/AudazPOS/vendor/barryvdh/laravel-debugbar/src/Middleware/InjectDebugbar.php(59): Illuminate\\Pipeline\\Pipeline->Illuminate\\Pipeline\\{closure}(Object(Illuminate\\Http\\Request))
#56 /Users/evills/developer/AudazPOS/vendor/laravel/framework/src/Illuminate/Pipeline/Pipeline.php(180): Barryvdh\\Debugbar\\Middleware\\InjectDebugbar->handle(Object(Illuminate\\Http\\Request), Object(Closure))
#57 /Users/evills/developer/AudazPOS/vendor/laravel/framework/src/Illuminate/Foundation/Http/Middleware/TransformsRequest.php(21): Illuminate\\Pipeline\\Pipeline->Illuminate\\Pipeline\\{closure}(Object(Illuminate\\Http\\Request))
#58 /Users/evills/developer/AudazPOS/vendor/laravel/framework/src/Illuminate/Foundation/Http/Middleware/ConvertEmptyStringsToNull.php(31): Illuminate\\Foundation\\Http\\Middleware\\TransformsRequest->handle(Object(Illuminate\\Http\\Request), Object(Closure))
#59 /Users/evills/developer/AudazPOS/vendor/laravel/framework/src/Illuminate/Pipeline/Pipeline.php(180): Illuminate\\Foundation\\Http\\Middleware\\ConvertEmptyStringsToNull->handle(Object(Illuminate\\Http\\Request), Object(Closure))
#60 /Users/evills/developer/AudazPOS/vendor/laravel/framework/src/Illuminate/Foundation/Http/Middleware/TransformsRequest.php(21): Illuminate\\Pipeline\\Pipeline->Illuminate\\Pipeline\\{closure}(Object(Illuminate\\Http\\Request))
#61 /Users/evills/developer/AudazPOS/vendor/laravel/framework/src/Illuminate/Foundation/Http/Middleware/TrimStrings.php(40): Illuminate\\Foundation\\Http\\Middleware\\TransformsRequest->handle(Object(Illuminate\\Http\\Request), Object(Closure))
#62 /Users/evills/developer/AudazPOS/vendor/laravel/framework/src/Illuminate/Pipeline/Pipeline.php(180): Illuminate\\Foundation\\Http\\Middleware\\TrimStrings->handle(Object(Illuminate\\Http\\Request), Object(Closure))
#63 /Users/evills/developer/AudazPOS/vendor/laravel/framework/src/Illuminate/Foundation/Http/Middleware/ValidatePostSize.php(27): Illuminate\\Pipeline\\Pipeline->Illuminate\\Pipeline\\{closure}(Object(Illuminate\\Http\\Request))
#64 /Users/evills/developer/AudazPOS/vendor/laravel/framework/src/Illuminate/Pipeline/Pipeline.php(180): Illuminate\\Foundation\\Http\\Middleware\\ValidatePostSize->handle(Object(Illuminate\\Http\\Request), Object(Closure))
#65 /Users/evills/developer/AudazPOS/vendor/laravel/framework/src/Illuminate/Foundation/Http/Middleware/PreventRequestsDuringMaintenance.php(86): Illuminate\\Pipeline\\Pipeline->Illuminate\\Pipeline\\{closure}(Object(Illuminate\\Http\\Request))
#66 /Users/evills/developer/AudazPOS/vendor/laravel/framework/src/Illuminate/Pipeline/Pipeline.php(180): Illuminate\\Foundation\\Http\\Middleware\\PreventRequestsDuringMaintenance->handle(Object(Illuminate\\Http\\Request), Object(Closure))
#67 /Users/evills/developer/AudazPOS/vendor/laravel/framework/src/Illuminate/Http/Middleware/HandleCors.php(49): Illuminate\\Pipeline\\Pipeline->Illuminate\\Pipeline\\{closure}(Object(Illuminate\\Http\\Request))
#68 /Users/evills/developer/AudazPOS/vendor/laravel/framework/src/Illuminate/Pipeline/Pipeline.php(180): Illuminate\\Http\\Middleware\\HandleCors->handle(Object(Illuminate\\Http\\Request), Object(Closure))
#69 /Users/evills/developer/AudazPOS/vendor/laravel/framework/src/Illuminate/Http/Middleware/TrustProxies.php(39): Illuminate\\Pipeline\\Pipeline->Illuminate\\Pipeline\\{closure}(Object(Illuminate\\Http\\Request))
#70 /Users/evills/developer/AudazPOS/vendor/laravel/framework/src/Illuminate/Pipeline/Pipeline.php(180): Illuminate\\Http\\Middleware\\TrustProxies->handle(Object(Illuminate\\Http\\Request), Object(Closure))
#71 /Users/evills/developer/AudazPOS/vendor/laravel/framework/src/Illuminate/Pipeline/Pipeline.php(116): Illuminate\\Pipeline\\Pipeline->Illuminate\\Pipeline\\{closure}(Object(Illuminate\\Http\\Request))
#72 /Users/evills/developer/AudazPOS/vendor/laravel/framework/src/Illuminate/Foundation/Http/Kernel.php(165): Illuminate\\Pipeline\\Pipeline->then(Object(Closure))
#73 /Users/evills/developer/AudazPOS/vendor/laravel/framework/src/Illuminate/Foundation/Http/Kernel.php(134): Illuminate\\Foundation\\Http\\Kernel->sendRequestThroughRouter(Object(Illuminate\\Http\\Request))
#74 /Users/evills/developer/AudazPOS/public/index.php(51): Illuminate\\Foundation\\Http\\Kernel->handle(Object(Illuminate\\Http\\Request))
#75 /Applications/Herd.app/Contents/Resources/valet/server.php(167): require('/Users/evills/d...')
#76 {main}

[previous exception] [object] (PDOException(code: 2002): SQLSTATE[HY000] [2002] Connection refused at /Users/evills/developer/AudazPOS/vendor/laravel/framework/src/Illuminate/Database/Connectors/Connector.php:70)
[stacktrace]
#0 /Users/evills/developer/AudazPOS/vendor/laravel/framework/src/Illuminate/Database/Connectors/Connector.php(70): PDO->__construct('mysql:host=127....', 'root', Object(SensitiveParameterValue), Array)
#1 /Users/evills/developer/AudazPOS/vendor/laravel/framework/src/Illuminate/Database/Connectors/Connector.php(100): Illuminate\\Database\\Connectors\\Connector->createPdoConnection('mysql:host=127....', 'root', '', Array)
#2 /Users/evills/developer/AudazPOS/vendor/laravel/framework/src/Illuminate/Database/Connectors/Connector.php(49): Illuminate\\Database\\Connectors\\Connector->tryAgainIfCausedByLostConnection(Object(PDOException), 'mysql:host=127....', 'root', '', Array)
#3 /Users/evills/developer/AudazPOS/vendor/laravel/framework/src/Illuminate/Database/Connectors/MySqlConnector.php(24): Illuminate\\Database\\Connectors\\Connector->createConnection('mysql:host=127....', Array, Array)
#4 /Users/evills/developer/AudazPOS/vendor/laravel/framework/src/Illuminate/Database/Connectors/ConnectionFactory.php(184): Illuminate\\Database\\Connectors\\MySqlConnector->connect(Array)
#5 [internal function]: Illuminate\\Database\\Connectors\\ConnectionFactory->Illuminate\\Database\\Connectors\\{closure}()
#6 /Users/evills/developer/AudazPOS/vendor/laravel/framework/src/Illuminate/Database/Connection.php(1181): call_user_func(Object(Closure))
#7 /Users/evills/developer/AudazPOS/vendor/laravel/framework/src/Illuminate/Database/Connection.php(1217): Illuminate\\Database\\Connection->getPdo()
#8 /Users/evills/developer/AudazPOS/vendor/laravel/framework/src/Illuminate/Database/Connection.php(486): Illuminate\\Database\\Connection->getReadPdo()
#9 /Users/evills/developer/AudazPOS/vendor/laravel/framework/src/Illuminate/Database/Connection.php(414): Illuminate\\Database\\Connection->getPdoForSelect(true)
#10 /Users/evills/developer/AudazPOS/vendor/laravel/framework/src/Illuminate/Database/Connection.php(753): Illuminate\\Database\\Connection->Illuminate\\Database\\{closure}('select `value`,...', Array)
#11 /Users/evills/developer/AudazPOS/vendor/laravel/framework/src/Illuminate/Database/Connection.php(899): Illuminate\\Database\\Connection->runQueryCallback('select `value`,...', Array, Object(Closure))
#12 /Users/evills/developer/AudazPOS/vendor/laravel/framework/src/Illuminate/Database/Connection.php(878): Illuminate\\Database\\Connection->tryAgainIfCausedByLostConnection(Object(Illuminate\\Database\\QueryException), 'select `value`,...', Array, Object(Closure))
#13 /Users/evills/developer/AudazPOS/vendor/laravel/framework/src/Illuminate/Database/Connection.php(722): Illuminate\\Database\\Connection->handleQueryException(Object(Illuminate\\Database\\QueryException), 'select `value`,...', Array, Object(Closure))
#14 /Users/evills/developer/AudazPOS/vendor/laravel/framework/src/Illuminate/Database/Connection.php(405): Illuminate\\Database\\Connection->run('select `value`,...', Array, Object(Closure))
#15 /Users/evills/developer/AudazPOS/vendor/laravel/framework/src/Illuminate/Database/Query/Builder.php(2705): Illuminate\\Database\\Connection->select('select `value`,...', Array, true)
#16 /Users/evills/developer/AudazPOS/vendor/laravel/framework/src/Illuminate/Database/Query/Builder.php(2920): Illuminate\\Database\\Query\\Builder->runSelect()
#17 /Users/evills/developer/AudazPOS/vendor/laravel/framework/src/Illuminate/Database/Query/Builder.php(3230): Illuminate\\Database\\Query\\Builder->Illuminate\\Database\\Query\\{closure}()
#18 /Users/evills/developer/AudazPOS/vendor/laravel/framework/src/Illuminate/Database/Query/Builder.php(2916): Illuminate\\Database\\Query\\Builder->onceWithColumns(Array, Object(Closure))
#19 /Users/evills/developer/AudazPOS/vendor/laravel/framework/src/Illuminate/Database/Eloquent/Builder.php(860): Illuminate\\Database\\Query\\Builder->pluck('value', 'key')
#20 /Users/evills/developer/AudazPOS/app/System.php(58): Illuminate\\Database\\Eloquent\\Builder->pluck('value', 'key')
#21 /Users/evills/developer/AudazPOS/app/Providers/AppServiceProvider.php(99): App\\System::getProperties(Array, true)
#22 /Users/evills/developer/AudazPOS/vendor/laravel/framework/src/Illuminate/View/Concerns/ManagesEvents.php(162): App\\Providers\\AppServiceProvider->App\\Providers\\{closure}(Object(Illuminate\\View\\View))
#23 /Users/evills/developer/AudazPOS/vendor/laravel/framework/src/Illuminate/Events/Dispatcher.php(418): Illuminate\\View\\Factory->Illuminate\\View\\Concerns\\{closure}('composing: layo...', Array)
#24 /Users/evills/developer/AudazPOS/vendor/laravel/framework/src/Illuminate/Events/Dispatcher.php(249): Illuminate\\Events\\Dispatcher->Illuminate\\Events\\{closure}('composing: layo...', Array)
#25 /Users/evills/developer/AudazPOS/vendor/laravel/framework/src/Illuminate/View/Concerns/ManagesEvents.php(177): Illuminate\\Events\\Dispatcher->dispatch('composing: layo...', Array)
#26 /Users/evills/developer/AudazPOS/vendor/laravel/framework/src/Illuminate/View/View.php(176): Illuminate\\View\\Factory->callComposer(Object(Illuminate\\View\\View))
#27 /Users/evills/developer/AudazPOS/vendor/laravel/framework/src/Illuminate/View/View.php(147): Illuminate\\View\\View->renderContents()
#28 /Users/evills/developer/AudazPOS/storage/framework/views/1ccf6133b823725648c8fd2c3f82ead804f71f4a.php(18): Illuminate\\View\\View->render()
#29 /Users/evills/developer/AudazPOS/vendor/laravel/framework/src/Illuminate/Filesystem/Filesystem.php(109): require('/Users/evills/d...')
#30 /Users/evills/developer/AudazPOS/vendor/laravel/framework/src/Illuminate/Filesystem/Filesystem.php(110): Illuminate\\Filesystem\\Filesystem::Illuminate\\Filesystem\\{closure}()
#31 /Users/evills/developer/AudazPOS/vendor/laravel/framework/src/Illuminate/View/Engines/PhpEngine.php(58): Illuminate\\Filesystem\\Filesystem->getRequire('/Users/evills/d...', Array)
#32 /Users/evills/developer/AudazPOS/vendor/laravel/framework/src/Illuminate/View/Engines/CompilerEngine.php(70): Illuminate\\View\\Engines\\PhpEngine->evaluatePath('/Users/evills/d...', Array)
#33 /Users/evills/developer/AudazPOS/vendor/laravel/framework/src/Illuminate/View/View.php(195): Illuminate\\View\\Engines\\CompilerEngine->get('/Users/evills/d...', Array)
#34 /Users/evills/developer/AudazPOS/vendor/laravel/framework/src/Illuminate/View/View.php(178): Illuminate\\View\\View->getContents()
#35 /Users/evills/developer/AudazPOS/vendor/laravel/framework/src/Illuminate/View/View.php(147): Illuminate\\View\\View->renderContents()
#36 /Users/evills/developer/AudazPOS/vendor/laravel/framework/src/Illuminate/Http/Response.php(69): Illuminate\\View\\View->render()
#37 /Users/evills/developer/AudazPOS/vendor/laravel/framework/src/Illuminate/Http/Response.php(35): Illuminate\\Http\\Response->setContent(Object(Illuminate\\View\\View))
#38 /Users/evills/developer/AudazPOS/vendor/laravel/framework/src/Illuminate/Routing/Router.php(906): Illuminate\\Http\\Response->__construct(Object(Illuminate\\View\\View), 200, Array)
#39 /Users/evills/developer/AudazPOS/vendor/laravel/framework/src/Illuminate/Routing/Router.php(875): Illuminate\\Routing\\Router::toResponse(Object(Illuminate\\Http\\Request), Object(Illuminate\\View\\View))
#40 /Users/evills/developer/AudazPOS/vendor/laravel/framework/src/Illuminate/Routing/Router.php(797): Illuminate\\Routing\\Router->prepareResponse(Object(Illuminate\\Http\\Request), Object(Illuminate\\View\\View))
#41 /Users/evills/developer/AudazPOS/vendor/laravel/framework/src/Illuminate/Pipeline/Pipeline.php(141): Illuminate\\Routing\\Router->Illuminate\\Routing\\{closure}(Object(Illuminate\\Http\\Request))
#42 /Users/evills/developer/AudazPOS/app/Http/Middleware/IsInstalled.php(50): Illuminate\\Pipeline\\Pipeline->Illuminate\\Pipeline\\{closure}(Object(Illuminate\\Http\\Request))
#43 /Users/evills/developer/AudazPOS/vendor/laravel/framework/src/Illuminate/Pipeline/Pipeline.php(180): App\\Http\\Middleware\\IsInstalled->handle(Object(Illuminate\\Http\\Request), Object(Closure))
#44 /Users/evills/developer/AudazPOS/vendor/barryvdh/laravel-debugbar/src/Middleware/InjectDebugbar.php(59): Illuminate\\Pipeline\\Pipeline->Illuminate\\Pipeline\\{closure}(Object(Illuminate\\Http\\Request))
#45 /Users/evills/developer/AudazPOS/vendor/laravel/framework/src/Illuminate/Pipeline/Pipeline.php(180): Barryvdh\\Debugbar\\Middleware\\InjectDebugbar->handle(Object(Illuminate\\Http\\Request), Object(Closure))
#46 /Users/evills/developer/AudazPOS/vendor/laravel/framework/src/Illuminate/Routing/Middleware/SubstituteBindings.php(50): Illuminate\\Pipeline\\Pipeline->Illuminate\\Pipeline\\{closure}(Object(Illuminate\\Http\\Request))
#47 /Users/evills/developer/AudazPOS/vendor/laravel/framework/src/Illuminate/Pipeline/Pipeline.php(180): Illuminate\\Routing\\Middleware\\SubstituteBindings->handle(Object(Illuminate\\Http\\Request), Object(Closure))
#48 /Users/evills/developer/AudazPOS/vendor/laravel/framework/src/Illuminate/Foundation/Http/Middleware/VerifyCsrfToken.php(78): Illuminate\\Pipeline\\Pipeline->Illuminate\\Pipeline\\{closure}(Object(Illuminate\\Http\\Request))
#49 /Users/evills/developer/AudazPOS/vendor/laravel/framework/src/Illuminate/Pipeline/Pipeline.php(180): Illuminate\\Foundation\\Http\\Middleware\\VerifyCsrfToken->handle(Object(Illuminate\\Http\\Request), Object(Closure))
#50 /Users/evills/developer/AudazPOS/vendor/laravel/framework/src/Illuminate/View/Middleware/ShareErrorsFromSession.php(49): Illuminate\\Pipeline\\Pipeline->Illuminate\\Pipeline\\{closure}(Object(Illuminate\\Http\\Request))
#51 /Users/evills/developer/AudazPOS/vendor/laravel/framework/src/Illuminate/Pipeline/Pipeline.php(180): Illuminate\\View\\Middleware\\ShareErrorsFromSession->handle(Object(Illuminate\\Http\\Request), Object(Closure))
#52 /Users/evills/developer/AudazPOS/vendor/laravel/framework/src/Illuminate/Session/Middleware/StartSession.php(121): Illuminate\\Pipeline\\Pipeline->Illuminate\\Pipeline\\{closure}(Object(Illuminate\\Http\\Request))
#53 /Users/evills/developer/AudazPOS/vendor/laravel/framework/src/Illuminate/Session/Middleware/StartSession.php(64): Illuminate\\Session\\Middleware\\StartSession->handleStatefulRequest(Object(Illuminate\\Http\\Request), Object(Illuminate\\Session\\Store), Object(Closure))
#54 /Users/evills/developer/AudazPOS/vendor/laravel/framework/src/Illuminate/Pipeline/Pipeline.php(180): Illuminate\\Session\\Middleware\\StartSession->handle(Object(Illuminate\\Http\\Request), Object(Closure))
#55 /Users/evills/developer/AudazPOS/vendor/laravel/framework/src/Illuminate/Cookie/Middleware/AddQueuedCookiesToResponse.php(37): Illuminate\\Pipeline\\Pipeline->Illuminate\\Pipeline\\{closure}(Object(Illuminate\\Http\\Request))
#56 /Users/evills/developer/AudazPOS/vendor/laravel/framework/src/Illuminate/Pipeline/Pipeline.php(180): Illuminate\\Cookie\\Middleware\\AddQueuedCookiesToResponse->handle(Object(Illuminate\\Http\\Request), Object(Closure))
#57 /Users/evills/developer/AudazPOS/vendor/laravel/framework/src/Illuminate/Cookie/Middleware/EncryptCookies.php(67): Illuminate\\Pipeline\\Pipeline->Illuminate\\Pipeline\\{closure}(Object(Illuminate\\Http\\Request))
#58 /Users/evills/developer/AudazPOS/vendor/laravel/framework/src/Illuminate/Pipeline/Pipeline.php(180): Illuminate\\Cookie\\Middleware\\EncryptCookies->handle(Object(Illuminate\\Http\\Request), Object(Closure))
#59 /Users/evills/developer/AudazPOS/vendor/laravel/framework/src/Illuminate/Pipeline/Pipeline.php(116): Illuminate\\Pipeline\\Pipeline->Illuminate\\Pipeline\\{closure}(Object(Illuminate\\Http\\Request))
#60 /Users/evills/developer/AudazPOS/vendor/laravel/framework/src/Illuminate/Routing/Router.php(797): Illuminate\\Pipeline\\Pipeline->then(Object(Closure))
#61 /Users/evills/developer/AudazPOS/vendor/laravel/framework/src/Illuminate/Routing/Router.php(776): Illuminate\\Routing\\Router->runRouteWithinStack(Object(Illuminate\\Routing\\Route), Object(Illuminate\\Http\\Request))
#62 /Users/evills/developer/AudazPOS/vendor/laravel/framework/src/Illuminate/Routing/Router.php(740): Illuminate\\Routing\\Router->runRoute(Object(Illuminate\\Http\\Request), Object(Illuminate\\Routing\\Route))
#63 /Users/evills/developer/AudazPOS/vendor/laravel/framework/src/Illuminate/Routing/Router.php(729): Illuminate\\Routing\\Router->dispatchToRoute(Object(Illuminate\\Http\\Request))
#64 /Users/evills/developer/AudazPOS/vendor/laravel/framework/src/Illuminate/Foundation/Http/Kernel.php(190): Illuminate\\Routing\\Router->dispatch(Object(Illuminate\\Http\\Request))
#65 /Users/evills/developer/AudazPOS/vendor/laravel/framework/src/Illuminate/Pipeline/Pipeline.php(141): Illuminate\\Foundation\\Http\\Kernel->Illuminate\\Foundation\\Http\\{closure}(Object(Illuminate\\Http\\Request))
#66 /Users/evills/developer/AudazPOS/vendor/barryvdh/laravel-debugbar/src/Middleware/InjectDebugbar.php(59): Illuminate\\Pipeline\\Pipeline->Illuminate\\Pipeline\\{closure}(Object(Illuminate\\Http\\Request))
#67 /Users/evills/developer/AudazPOS/vendor/laravel/framework/src/Illuminate/Pipeline/Pipeline.php(180): Barryvdh\\Debugbar\\Middleware\\InjectDebugbar->handle(Object(Illuminate\\Http\\Request), Object(Closure))
#68 /Users/evills/developer/AudazPOS/vendor/laravel/framework/src/Illuminate/Foundation/Http/Middleware/TransformsRequest.php(21): Illuminate\\Pipeline\\Pipeline->Illuminate\\Pipeline\\{closure}(Object(Illuminate\\Http\\Request))
#69 /Users/evills/developer/AudazPOS/vendor/laravel/framework/src/Illuminate/Foundation/Http/Middleware/ConvertEmptyStringsToNull.php(31): Illuminate\\Foundation\\Http\\Middleware\\TransformsRequest->handle(Object(Illuminate\\Http\\Request), Object(Closure))
#70 /Users/evills/developer/AudazPOS/vendor/laravel/framework/src/Illuminate/Pipeline/Pipeline.php(180): Illuminate\\Foundation\\Http\\Middleware\\ConvertEmptyStringsToNull->handle(Object(Illuminate\\Http\\Request), Object(Closure))
#71 /Users/evills/developer/AudazPOS/vendor/laravel/framework/src/Illuminate/Foundation/Http/Middleware/TransformsRequest.php(21): Illuminate\\Pipeline\\Pipeline->Illuminate\\Pipeline\\{closure}(Object(Illuminate\\Http\\Request))
#72 /Users/evills/developer/AudazPOS/vendor/laravel/framework/src/Illuminate/Foundation/Http/Middleware/TrimStrings.php(40): Illuminate\\Foundation\\Http\\Middleware\\TransformsRequest->handle(Object(Illuminate\\Http\\Request), Object(Closure))
#73 /Users/evills/developer/AudazPOS/vendor/laravel/framework/src/Illuminate/Pipeline/Pipeline.php(180): Illuminate\\Foundation\\Http\\Middleware\\TrimStrings->handle(Object(Illuminate\\Http\\Request), Object(Closure))
#74 /Users/evills/developer/AudazPOS/vendor/laravel/framework/src/Illuminate/Foundation/Http/Middleware/ValidatePostSize.php(27): Illuminate\\Pipeline\\Pipeline->Illuminate\\Pipeline\\{closure}(Object(Illuminate\\Http\\Request))
#75 /Users/evills/developer/AudazPOS/vendor/laravel/framework/src/Illuminate/Pipeline/Pipeline.php(180): Illuminate\\Foundation\\Http\\Middleware\\ValidatePostSize->handle(Object(Illuminate\\Http\\Request), Object(Closure))
#76 /Users/evills/developer/AudazPOS/vendor/laravel/framework/src/Illuminate/Foundation/Http/Middleware/PreventRequestsDuringMaintenance.php(86): Illuminate\\Pipeline\\Pipeline->Illuminate\\Pipeline\\{closure}(Object(Illuminate\\Http\\Request))
#77 /Users/evills/developer/AudazPOS/vendor/laravel/framework/src/Illuminate/Pipeline/Pipeline.php(180): Illuminate\\Foundation\\Http\\Middleware\\PreventRequestsDuringMaintenance->handle(Object(Illuminate\\Http\\Request), Object(Closure))
#78 /Users/evills/developer/AudazPOS/vendor/laravel/framework/src/Illuminate/Http/Middleware/HandleCors.php(49): Illuminate\\Pipeline\\Pipeline->Illuminate\\Pipeline\\{closure}(Object(Illuminate\\Http\\Request))
#79 /Users/evills/developer/AudazPOS/vendor/laravel/framework/src/Illuminate/Pipeline/Pipeline.php(180): Illuminate\\Http\\Middleware\\HandleCors->handle(Object(Illuminate\\Http\\Request), Object(Closure))
#80 /Users/evills/developer/AudazPOS/vendor/laravel/framework/src/Illuminate/Http/Middleware/TrustProxies.php(39): Illuminate\\Pipeline\\Pipeline->Illuminate\\Pipeline\\{closure}(Object(Illuminate\\Http\\Request))
#81 /Users/evills/developer/AudazPOS/vendor/laravel/framework/src/Illuminate/Pipeline/Pipeline.php(180): Illuminate\\Http\\Middleware\\TrustProxies->handle(Object(Illuminate\\Http\\Request), Object(Closure))
#82 /Users/evills/developer/AudazPOS/vendor/laravel/framework/src/Illuminate/Pipeline/Pipeline.php(116): Illuminate\\Pipeline\\Pipeline->Illuminate\\Pipeline\\{closure}(Object(Illuminate\\Http\\Request))
#83 /Users/evills/developer/AudazPOS/vendor/laravel/framework/src/Illuminate/Foundation/Http/Kernel.php(165): Illuminate\\Pipeline\\Pipeline->then(Object(Closure))
#84 /Users/evills/developer/AudazPOS/vendor/laravel/framework/src/Illuminate/Foundation/Http/Kernel.php(134): Illuminate\\Foundation\\Http\\Kernel->sendRequestThroughRouter(Object(Illuminate\\Http\\Request))
#85 /Users/evills/developer/AudazPOS/public/index.php(51): Illuminate\\Foundation\\Http\\Kernel->handle(Object(Illuminate\\Http\\Request))
#86 /Applications/Herd.app/Contents/Resources/valet/server.php(167): require('/Users/evills/d...')
#87 {main}
"} 
[2025-05-26 19:02:51] local.ERROR: SQLSTATE[HY000] [2002] Connection refused (SQL: select `value`, `key` from `system` where `key` in (additional_js, additional_css)) {"view":{"view":"/Users/evills/developer/AudazPOS/resources/views/welcome.blade.php","data":{"asset_v":"<pre class=sf-dump id=sf-dump-679183690 data-indent-pad=\"  \"><span class=sf-dump-num>670</span>
</pre><script>Sfdump(\"sf-dump-679183690\", {\"maxDepth\":3,\"maxStringLength\":160})</script>
","errors":"<pre class=sf-dump id=sf-dump-2116509473 data-indent-pad=\"  \"><span class=sf-dump-note>Illuminate\\Support\\ViewErrorBag</span> {<a class=sf-dump-ref>#2260</a><samp data-depth=1 class=sf-dump-expanded>
  #<span class=sf-dump-protected title=\"Protected property\">bags</span>: []
</samp>}
</pre><script>Sfdump(\"sf-dump-2116509473\", {\"maxDepth\":3,\"maxStringLength\":160})</script>
","enabled_modules":"<pre class=sf-dump id=sf-dump-1513635841 data-indent-pad=\"  \">[]
</pre><script>Sfdump(\"sf-dump-1513635841\", {\"maxDepth\":3,\"maxStringLength\":160})</script>
","__is_pusher_enabled":"<pre class=sf-dump id=sf-dump-508525633 data-indent-pad=\"  \"><span class=sf-dump-const>false</span>
</pre><script>Sfdump(\"sf-dump-508525633\", {\"maxDepth\":3,\"maxStringLength\":160})</script>
"}},"exception":"[object] (Spatie\\LaravelIgnition\\Exceptions\\ViewException(code: 0): SQLSTATE[HY000] [2002] Connection refused (SQL: select `value`, `key` from `system` where `key` in (additional_js, additional_css)) at /Users/evills/developer/AudazPOS/vendor/laravel/framework/src/Illuminate/Database/Connection.php:760)
[stacktrace]
#0 /Users/evills/developer/AudazPOS/vendor/laravel/framework/src/Illuminate/Database/Connection.php(899): Illuminate\\Database\\Connection->runQueryCallback('select `value`,...', Array, Object(Closure))
#1 /Users/evills/developer/AudazPOS/vendor/laravel/framework/src/Illuminate/Database/Connection.php(878): Illuminate\\Database\\Connection->tryAgainIfCausedByLostConnection(Object(Illuminate\\Database\\QueryException), 'select `value`,...', Array, Object(Closure))
#2 /Users/evills/developer/AudazPOS/vendor/laravel/framework/src/Illuminate/Database/Connection.php(722): Illuminate\\Database\\Connection->handleQueryException(Object(Illuminate\\Database\\QueryException), 'select `value`,...', Array, Object(Closure))
#3 /Users/evills/developer/AudazPOS/vendor/laravel/framework/src/Illuminate/Database/Connection.php(405): Illuminate\\Database\\Connection->run('select `value`,...', Array, Object(Closure))
#4 /Users/evills/developer/AudazPOS/vendor/laravel/framework/src/Illuminate/Database/Query/Builder.php(2705): Illuminate\\Database\\Connection->select('select `value`,...', Array, true)
#5 /Users/evills/developer/AudazPOS/vendor/laravel/framework/src/Illuminate/Database/Query/Builder.php(2920): Illuminate\\Database\\Query\\Builder->runSelect()
#6 /Users/evills/developer/AudazPOS/vendor/laravel/framework/src/Illuminate/Database/Query/Builder.php(3230): Illuminate\\Database\\Query\\Builder->Illuminate\\Database\\Query\\{closure}()
#7 /Users/evills/developer/AudazPOS/vendor/laravel/framework/src/Illuminate/Database/Query/Builder.php(2916): Illuminate\\Database\\Query\\Builder->onceWithColumns(Array, Object(Closure))
#8 /Users/evills/developer/AudazPOS/vendor/laravel/framework/src/Illuminate/Database/Eloquent/Builder.php(860): Illuminate\\Database\\Query\\Builder->pluck('value', 'key')
#9 /Users/evills/developer/AudazPOS/app/System.php(58): Illuminate\\Database\\Eloquent\\Builder->pluck('value', 'key')
#10 /Users/evills/developer/AudazPOS/app/Providers/AppServiceProvider.php(99): App\\System::getProperties(Array, true)
#11 /Users/evills/developer/AudazPOS/vendor/laravel/framework/src/Illuminate/View/Concerns/ManagesEvents.php(162): App\\Providers\\AppServiceProvider->App\\Providers\\{closure}(Object(Illuminate\\View\\View))
#12 /Users/evills/developer/AudazPOS/vendor/laravel/framework/src/Illuminate/Events/Dispatcher.php(418): Illuminate\\View\\Factory->Illuminate\\View\\Concerns\\{closure}('composing: layo...', Array)
#13 /Users/evills/developer/AudazPOS/vendor/laravel/framework/src/Illuminate/Events/Dispatcher.php(249): Illuminate\\Events\\Dispatcher->Illuminate\\Events\\{closure}('composing: layo...', Array)
#14 /Users/evills/developer/AudazPOS/vendor/laravel/framework/src/Illuminate/View/Concerns/ManagesEvents.php(177): Illuminate\\Events\\Dispatcher->dispatch('composing: layo...', Array)
#15 /Users/evills/developer/AudazPOS/vendor/laravel/framework/src/Illuminate/View/View.php(176): Illuminate\\View\\Factory->callComposer(Object(Illuminate\\View\\View))
#16 /Users/evills/developer/AudazPOS/vendor/laravel/framework/src/Illuminate/View/View.php(147): Illuminate\\View\\View->renderContents()
#17 /Users/evills/developer/AudazPOS/resources/views/welcome.blade.php(15): Illuminate\\View\\View->render()
#18 /Users/evills/developer/AudazPOS/vendor/laravel/framework/src/Illuminate/Filesystem/Filesystem.php(109): require('/Users/evills/d...')
#19 /Users/evills/developer/AudazPOS/vendor/laravel/framework/src/Illuminate/Filesystem/Filesystem.php(110): Illuminate\\Filesystem\\Filesystem::Illuminate\\Filesystem\\{closure}()
#20 /Users/evills/developer/AudazPOS/vendor/laravel/framework/src/Illuminate/View/Engines/PhpEngine.php(58): Illuminate\\Filesystem\\Filesystem->getRequire('/Users/evills/d...', Array)
#21 /Users/evills/developer/AudazPOS/vendor/laravel/framework/src/Illuminate/View/Engines/CompilerEngine.php(70): Illuminate\\View\\Engines\\PhpEngine->evaluatePath('/Users/evills/d...', Array)
#22 /Users/evills/developer/AudazPOS/vendor/laravel/framework/src/Illuminate/View/View.php(195): Illuminate\\View\\Engines\\CompilerEngine->get('/Users/evills/d...', Array)
#23 /Users/evills/developer/AudazPOS/vendor/laravel/framework/src/Illuminate/View/View.php(178): Illuminate\\View\\View->getContents()
#24 /Users/evills/developer/AudazPOS/vendor/laravel/framework/src/Illuminate/View/View.php(147): Illuminate\\View\\View->renderContents()
#25 /Users/evills/developer/AudazPOS/vendor/laravel/framework/src/Illuminate/Http/Response.php(69): Illuminate\\View\\View->render()
#26 /Users/evills/developer/AudazPOS/vendor/laravel/framework/src/Illuminate/Http/Response.php(35): Illuminate\\Http\\Response->setContent(Object(Illuminate\\View\\View))
#27 /Users/evills/developer/AudazPOS/vendor/laravel/framework/src/Illuminate/Routing/Router.php(906): Illuminate\\Http\\Response->__construct(Object(Illuminate\\View\\View), 200, Array)
#28 /Users/evills/developer/AudazPOS/vendor/laravel/framework/src/Illuminate/Routing/Router.php(875): Illuminate\\Routing\\Router::toResponse(Object(Illuminate\\Http\\Request), Object(Illuminate\\View\\View))
#29 /Users/evills/developer/AudazPOS/vendor/laravel/framework/src/Illuminate/Routing/Router.php(797): Illuminate\\Routing\\Router->prepareResponse(Object(Illuminate\\Http\\Request), Object(Illuminate\\View\\View))
#30 /Users/evills/developer/AudazPOS/vendor/laravel/framework/src/Illuminate/Pipeline/Pipeline.php(141): Illuminate\\Routing\\Router->Illuminate\\Routing\\{closure}(Object(Illuminate\\Http\\Request))
#31 /Users/evills/developer/AudazPOS/app/Http/Middleware/IsInstalled.php(50): Illuminate\\Pipeline\\Pipeline->Illuminate\\Pipeline\\{closure}(Object(Illuminate\\Http\\Request))
#32 /Users/evills/developer/AudazPOS/vendor/laravel/framework/src/Illuminate/Pipeline/Pipeline.php(180): App\\Http\\Middleware\\IsInstalled->handle(Object(Illuminate\\Http\\Request), Object(Closure))
#33 /Users/evills/developer/AudazPOS/vendor/barryvdh/laravel-debugbar/src/Middleware/InjectDebugbar.php(59): Illuminate\\Pipeline\\Pipeline->Illuminate\\Pipeline\\{closure}(Object(Illuminate\\Http\\Request))
#34 /Users/evills/developer/AudazPOS/vendor/laravel/framework/src/Illuminate/Pipeline/Pipeline.php(180): Barryvdh\\Debugbar\\Middleware\\InjectDebugbar->handle(Object(Illuminate\\Http\\Request), Object(Closure))
#35 /Users/evills/developer/AudazPOS/vendor/laravel/framework/src/Illuminate/Routing/Middleware/SubstituteBindings.php(50): Illuminate\\Pipeline\\Pipeline->Illuminate\\Pipeline\\{closure}(Object(Illuminate\\Http\\Request))
#36 /Users/evills/developer/AudazPOS/vendor/laravel/framework/src/Illuminate/Pipeline/Pipeline.php(180): Illuminate\\Routing\\Middleware\\SubstituteBindings->handle(Object(Illuminate\\Http\\Request), Object(Closure))
#37 /Users/evills/developer/AudazPOS/vendor/laravel/framework/src/Illuminate/Foundation/Http/Middleware/VerifyCsrfToken.php(78): Illuminate\\Pipeline\\Pipeline->Illuminate\\Pipeline\\{closure}(Object(Illuminate\\Http\\Request))
#38 /Users/evills/developer/AudazPOS/vendor/laravel/framework/src/Illuminate/Pipeline/Pipeline.php(180): Illuminate\\Foundation\\Http\\Middleware\\VerifyCsrfToken->handle(Object(Illuminate\\Http\\Request), Object(Closure))
#39 /Users/evills/developer/AudazPOS/vendor/laravel/framework/src/Illuminate/View/Middleware/ShareErrorsFromSession.php(49): Illuminate\\Pipeline\\Pipeline->Illuminate\\Pipeline\\{closure}(Object(Illuminate\\Http\\Request))
#40 /Users/evills/developer/AudazPOS/vendor/laravel/framework/src/Illuminate/Pipeline/Pipeline.php(180): Illuminate\\View\\Middleware\\ShareErrorsFromSession->handle(Object(Illuminate\\Http\\Request), Object(Closure))
#41 /Users/evills/developer/AudazPOS/vendor/laravel/framework/src/Illuminate/Session/Middleware/StartSession.php(121): Illuminate\\Pipeline\\Pipeline->Illuminate\\Pipeline\\{closure}(Object(Illuminate\\Http\\Request))
#42 /Users/evills/developer/AudazPOS/vendor/laravel/framework/src/Illuminate/Session/Middleware/StartSession.php(64): Illuminate\\Session\\Middleware\\StartSession->handleStatefulRequest(Object(Illuminate\\Http\\Request), Object(Illuminate\\Session\\Store), Object(Closure))
#43 /Users/evills/developer/AudazPOS/vendor/laravel/framework/src/Illuminate/Pipeline/Pipeline.php(180): Illuminate\\Session\\Middleware\\StartSession->handle(Object(Illuminate\\Http\\Request), Object(Closure))
#44 /Users/evills/developer/AudazPOS/vendor/laravel/framework/src/Illuminate/Cookie/Middleware/AddQueuedCookiesToResponse.php(37): Illuminate\\Pipeline\\Pipeline->Illuminate\\Pipeline\\{closure}(Object(Illuminate\\Http\\Request))
#45 /Users/evills/developer/AudazPOS/vendor/laravel/framework/src/Illuminate/Pipeline/Pipeline.php(180): Illuminate\\Cookie\\Middleware\\AddQueuedCookiesToResponse->handle(Object(Illuminate\\Http\\Request), Object(Closure))
#46 /Users/evills/developer/AudazPOS/vendor/laravel/framework/src/Illuminate/Cookie/Middleware/EncryptCookies.php(67): Illuminate\\Pipeline\\Pipeline->Illuminate\\Pipeline\\{closure}(Object(Illuminate\\Http\\Request))
#47 /Users/evills/developer/AudazPOS/vendor/laravel/framework/src/Illuminate/Pipeline/Pipeline.php(180): Illuminate\\Cookie\\Middleware\\EncryptCookies->handle(Object(Illuminate\\Http\\Request), Object(Closure))
#48 /Users/evills/developer/AudazPOS/vendor/laravel/framework/src/Illuminate/Pipeline/Pipeline.php(116): Illuminate\\Pipeline\\Pipeline->Illuminate\\Pipeline\\{closure}(Object(Illuminate\\Http\\Request))
#49 /Users/evills/developer/AudazPOS/vendor/laravel/framework/src/Illuminate/Routing/Router.php(797): Illuminate\\Pipeline\\Pipeline->then(Object(Closure))
#50 /Users/evills/developer/AudazPOS/vendor/laravel/framework/src/Illuminate/Routing/Router.php(776): Illuminate\\Routing\\Router->runRouteWithinStack(Object(Illuminate\\Routing\\Route), Object(Illuminate\\Http\\Request))
#51 /Users/evills/developer/AudazPOS/vendor/laravel/framework/src/Illuminate/Routing/Router.php(740): Illuminate\\Routing\\Router->runRoute(Object(Illuminate\\Http\\Request), Object(Illuminate\\Routing\\Route))
#52 /Users/evills/developer/AudazPOS/vendor/laravel/framework/src/Illuminate/Routing/Router.php(729): Illuminate\\Routing\\Router->dispatchToRoute(Object(Illuminate\\Http\\Request))
#53 /Users/evills/developer/AudazPOS/vendor/laravel/framework/src/Illuminate/Foundation/Http/Kernel.php(190): Illuminate\\Routing\\Router->dispatch(Object(Illuminate\\Http\\Request))
#54 /Users/evills/developer/AudazPOS/vendor/laravel/framework/src/Illuminate/Pipeline/Pipeline.php(141): Illuminate\\Foundation\\Http\\Kernel->Illuminate\\Foundation\\Http\\{closure}(Object(Illuminate\\Http\\Request))
#55 /Users/evills/developer/AudazPOS/vendor/barryvdh/laravel-debugbar/src/Middleware/InjectDebugbar.php(59): Illuminate\\Pipeline\\Pipeline->Illuminate\\Pipeline\\{closure}(Object(Illuminate\\Http\\Request))
#56 /Users/evills/developer/AudazPOS/vendor/laravel/framework/src/Illuminate/Pipeline/Pipeline.php(180): Barryvdh\\Debugbar\\Middleware\\InjectDebugbar->handle(Object(Illuminate\\Http\\Request), Object(Closure))
#57 /Users/evills/developer/AudazPOS/vendor/laravel/framework/src/Illuminate/Foundation/Http/Middleware/TransformsRequest.php(21): Illuminate\\Pipeline\\Pipeline->Illuminate\\Pipeline\\{closure}(Object(Illuminate\\Http\\Request))
#58 /Users/evills/developer/AudazPOS/vendor/laravel/framework/src/Illuminate/Foundation/Http/Middleware/ConvertEmptyStringsToNull.php(31): Illuminate\\Foundation\\Http\\Middleware\\TransformsRequest->handle(Object(Illuminate\\Http\\Request), Object(Closure))
#59 /Users/evills/developer/AudazPOS/vendor/laravel/framework/src/Illuminate/Pipeline/Pipeline.php(180): Illuminate\\Foundation\\Http\\Middleware\\ConvertEmptyStringsToNull->handle(Object(Illuminate\\Http\\Request), Object(Closure))
#60 /Users/evills/developer/AudazPOS/vendor/laravel/framework/src/Illuminate/Foundation/Http/Middleware/TransformsRequest.php(21): Illuminate\\Pipeline\\Pipeline->Illuminate\\Pipeline\\{closure}(Object(Illuminate\\Http\\Request))
#61 /Users/evills/developer/AudazPOS/vendor/laravel/framework/src/Illuminate/Foundation/Http/Middleware/TrimStrings.php(40): Illuminate\\Foundation\\Http\\Middleware\\TransformsRequest->handle(Object(Illuminate\\Http\\Request), Object(Closure))
#62 /Users/evills/developer/AudazPOS/vendor/laravel/framework/src/Illuminate/Pipeline/Pipeline.php(180): Illuminate\\Foundation\\Http\\Middleware\\TrimStrings->handle(Object(Illuminate\\Http\\Request), Object(Closure))
#63 /Users/evills/developer/AudazPOS/vendor/laravel/framework/src/Illuminate/Foundation/Http/Middleware/ValidatePostSize.php(27): Illuminate\\Pipeline\\Pipeline->Illuminate\\Pipeline\\{closure}(Object(Illuminate\\Http\\Request))
#64 /Users/evills/developer/AudazPOS/vendor/laravel/framework/src/Illuminate/Pipeline/Pipeline.php(180): Illuminate\\Foundation\\Http\\Middleware\\ValidatePostSize->handle(Object(Illuminate\\Http\\Request), Object(Closure))
#65 /Users/evills/developer/AudazPOS/vendor/laravel/framework/src/Illuminate/Foundation/Http/Middleware/PreventRequestsDuringMaintenance.php(86): Illuminate\\Pipeline\\Pipeline->Illuminate\\Pipeline\\{closure}(Object(Illuminate\\Http\\Request))
#66 /Users/evills/developer/AudazPOS/vendor/laravel/framework/src/Illuminate/Pipeline/Pipeline.php(180): Illuminate\\Foundation\\Http\\Middleware\\PreventRequestsDuringMaintenance->handle(Object(Illuminate\\Http\\Request), Object(Closure))
#67 /Users/evills/developer/AudazPOS/vendor/laravel/framework/src/Illuminate/Http/Middleware/HandleCors.php(49): Illuminate\\Pipeline\\Pipeline->Illuminate\\Pipeline\\{closure}(Object(Illuminate\\Http\\Request))
#68 /Users/evills/developer/AudazPOS/vendor/laravel/framework/src/Illuminate/Pipeline/Pipeline.php(180): Illuminate\\Http\\Middleware\\HandleCors->handle(Object(Illuminate\\Http\\Request), Object(Closure))
#69 /Users/evills/developer/AudazPOS/vendor/laravel/framework/src/Illuminate/Http/Middleware/TrustProxies.php(39): Illuminate\\Pipeline\\Pipeline->Illuminate\\Pipeline\\{closure}(Object(Illuminate\\Http\\Request))
#70 /Users/evills/developer/AudazPOS/vendor/laravel/framework/src/Illuminate/Pipeline/Pipeline.php(180): Illuminate\\Http\\Middleware\\TrustProxies->handle(Object(Illuminate\\Http\\Request), Object(Closure))
#71 /Users/evills/developer/AudazPOS/vendor/laravel/framework/src/Illuminate/Pipeline/Pipeline.php(116): Illuminate\\Pipeline\\Pipeline->Illuminate\\Pipeline\\{closure}(Object(Illuminate\\Http\\Request))
#72 /Users/evills/developer/AudazPOS/vendor/laravel/framework/src/Illuminate/Foundation/Http/Kernel.php(165): Illuminate\\Pipeline\\Pipeline->then(Object(Closure))
#73 /Users/evills/developer/AudazPOS/vendor/laravel/framework/src/Illuminate/Foundation/Http/Kernel.php(134): Illuminate\\Foundation\\Http\\Kernel->sendRequestThroughRouter(Object(Illuminate\\Http\\Request))
#74 /Users/evills/developer/AudazPOS/public/index.php(51): Illuminate\\Foundation\\Http\\Kernel->handle(Object(Illuminate\\Http\\Request))
#75 /Applications/Herd.app/Contents/Resources/valet/server.php(167): require('/Users/evills/d...')
#76 {main}

[previous exception] [object] (Illuminate\\Database\\QueryException(code: 2002): SQLSTATE[HY000] [2002] Connection refused (SQL: select `value`, `key` from `system` where `key` in (additional_js, additional_css)) at /Users/evills/developer/AudazPOS/vendor/laravel/framework/src/Illuminate/Database/Connection.php:760)
[stacktrace]
#0 /Users/evills/developer/AudazPOS/vendor/laravel/framework/src/Illuminate/Database/Connection.php(899): Illuminate\\Database\\Connection->runQueryCallback('select `value`,...', Array, Object(Closure))
#1 /Users/evills/developer/AudazPOS/vendor/laravel/framework/src/Illuminate/Database/Connection.php(878): Illuminate\\Database\\Connection->tryAgainIfCausedByLostConnection(Object(Illuminate\\Database\\QueryException), 'select `value`,...', Array, Object(Closure))
#2 /Users/evills/developer/AudazPOS/vendor/laravel/framework/src/Illuminate/Database/Connection.php(722): Illuminate\\Database\\Connection->handleQueryException(Object(Illuminate\\Database\\QueryException), 'select `value`,...', Array, Object(Closure))
#3 /Users/evills/developer/AudazPOS/vendor/laravel/framework/src/Illuminate/Database/Connection.php(405): Illuminate\\Database\\Connection->run('select `value`,...', Array, Object(Closure))
#4 /Users/evills/developer/AudazPOS/vendor/laravel/framework/src/Illuminate/Database/Query/Builder.php(2705): Illuminate\\Database\\Connection->select('select `value`,...', Array, true)
#5 /Users/evills/developer/AudazPOS/vendor/laravel/framework/src/Illuminate/Database/Query/Builder.php(2920): Illuminate\\Database\\Query\\Builder->runSelect()
#6 /Users/evills/developer/AudazPOS/vendor/laravel/framework/src/Illuminate/Database/Query/Builder.php(3230): Illuminate\\Database\\Query\\Builder->Illuminate\\Database\\Query\\{closure}()
#7 /Users/evills/developer/AudazPOS/vendor/laravel/framework/src/Illuminate/Database/Query/Builder.php(2916): Illuminate\\Database\\Query\\Builder->onceWithColumns(Array, Object(Closure))
#8 /Users/evills/developer/AudazPOS/vendor/laravel/framework/src/Illuminate/Database/Eloquent/Builder.php(860): Illuminate\\Database\\Query\\Builder->pluck('value', 'key')
#9 /Users/evills/developer/AudazPOS/app/System.php(58): Illuminate\\Database\\Eloquent\\Builder->pluck('value', 'key')
#10 /Users/evills/developer/AudazPOS/app/Providers/AppServiceProvider.php(99): App\\System::getProperties(Array, true)
#11 /Users/evills/developer/AudazPOS/vendor/laravel/framework/src/Illuminate/View/Concerns/ManagesEvents.php(162): App\\Providers\\AppServiceProvider->App\\Providers\\{closure}(Object(Illuminate\\View\\View))
#12 /Users/evills/developer/AudazPOS/vendor/laravel/framework/src/Illuminate/Events/Dispatcher.php(418): Illuminate\\View\\Factory->Illuminate\\View\\Concerns\\{closure}('composing: layo...', Array)
#13 /Users/evills/developer/AudazPOS/vendor/laravel/framework/src/Illuminate/Events/Dispatcher.php(249): Illuminate\\Events\\Dispatcher->Illuminate\\Events\\{closure}('composing: layo...', Array)
#14 /Users/evills/developer/AudazPOS/vendor/laravel/framework/src/Illuminate/View/Concerns/ManagesEvents.php(177): Illuminate\\Events\\Dispatcher->dispatch('composing: layo...', Array)
#15 /Users/evills/developer/AudazPOS/vendor/laravel/framework/src/Illuminate/View/View.php(176): Illuminate\\View\\Factory->callComposer(Object(Illuminate\\View\\View))
#16 /Users/evills/developer/AudazPOS/vendor/laravel/framework/src/Illuminate/View/View.php(147): Illuminate\\View\\View->renderContents()
#17 /Users/evills/developer/AudazPOS/storage/framework/views/1ccf6133b823725648c8fd2c3f82ead804f71f4a.php(18): Illuminate\\View\\View->render()
#18 /Users/evills/developer/AudazPOS/vendor/laravel/framework/src/Illuminate/Filesystem/Filesystem.php(109): require('/Users/evills/d...')
#19 /Users/evills/developer/AudazPOS/vendor/laravel/framework/src/Illuminate/Filesystem/Filesystem.php(110): Illuminate\\Filesystem\\Filesystem::Illuminate\\Filesystem\\{closure}()
#20 /Users/evills/developer/AudazPOS/vendor/laravel/framework/src/Illuminate/View/Engines/PhpEngine.php(58): Illuminate\\Filesystem\\Filesystem->getRequire('/Users/evills/d...', Array)
#21 /Users/evills/developer/AudazPOS/vendor/laravel/framework/src/Illuminate/View/Engines/CompilerEngine.php(70): Illuminate\\View\\Engines\\PhpEngine->evaluatePath('/Users/evills/d...', Array)
#22 /Users/evills/developer/AudazPOS/vendor/laravel/framework/src/Illuminate/View/View.php(195): Illuminate\\View\\Engines\\CompilerEngine->get('/Users/evills/d...', Array)
#23 /Users/evills/developer/AudazPOS/vendor/laravel/framework/src/Illuminate/View/View.php(178): Illuminate\\View\\View->getContents()
#24 /Users/evills/developer/AudazPOS/vendor/laravel/framework/src/Illuminate/View/View.php(147): Illuminate\\View\\View->renderContents()
#25 /Users/evills/developer/AudazPOS/vendor/laravel/framework/src/Illuminate/Http/Response.php(69): Illuminate\\View\\View->render()
#26 /Users/evills/developer/AudazPOS/vendor/laravel/framework/src/Illuminate/Http/Response.php(35): Illuminate\\Http\\Response->setContent(Object(Illuminate\\View\\View))
#27 /Users/evills/developer/AudazPOS/vendor/laravel/framework/src/Illuminate/Routing/Router.php(906): Illuminate\\Http\\Response->__construct(Object(Illuminate\\View\\View), 200, Array)
#28 /Users/evills/developer/AudazPOS/vendor/laravel/framework/src/Illuminate/Routing/Router.php(875): Illuminate\\Routing\\Router::toResponse(Object(Illuminate\\Http\\Request), Object(Illuminate\\View\\View))
#29 /Users/evills/developer/AudazPOS/vendor/laravel/framework/src/Illuminate/Routing/Router.php(797): Illuminate\\Routing\\Router->prepareResponse(Object(Illuminate\\Http\\Request), Object(Illuminate\\View\\View))
#30 /Users/evills/developer/AudazPOS/vendor/laravel/framework/src/Illuminate/Pipeline/Pipeline.php(141): Illuminate\\Routing\\Router->Illuminate\\Routing\\{closure}(Object(Illuminate\\Http\\Request))
#31 /Users/evills/developer/AudazPOS/app/Http/Middleware/IsInstalled.php(50): Illuminate\\Pipeline\\Pipeline->Illuminate\\Pipeline\\{closure}(Object(Illuminate\\Http\\Request))
#32 /Users/evills/developer/AudazPOS/vendor/laravel/framework/src/Illuminate/Pipeline/Pipeline.php(180): App\\Http\\Middleware\\IsInstalled->handle(Object(Illuminate\\Http\\Request), Object(Closure))
#33 /Users/evills/developer/AudazPOS/vendor/barryvdh/laravel-debugbar/src/Middleware/InjectDebugbar.php(59): Illuminate\\Pipeline\\Pipeline->Illuminate\\Pipeline\\{closure}(Object(Illuminate\\Http\\Request))
#34 /Users/evills/developer/AudazPOS/vendor/laravel/framework/src/Illuminate/Pipeline/Pipeline.php(180): Barryvdh\\Debugbar\\Middleware\\InjectDebugbar->handle(Object(Illuminate\\Http\\Request), Object(Closure))
#35 /Users/evills/developer/AudazPOS/vendor/laravel/framework/src/Illuminate/Routing/Middleware/SubstituteBindings.php(50): Illuminate\\Pipeline\\Pipeline->Illuminate\\Pipeline\\{closure}(Object(Illuminate\\Http\\Request))
#36 /Users/evills/developer/AudazPOS/vendor/laravel/framework/src/Illuminate/Pipeline/Pipeline.php(180): Illuminate\\Routing\\Middleware\\SubstituteBindings->handle(Object(Illuminate\\Http\\Request), Object(Closure))
#37 /Users/evills/developer/AudazPOS/vendor/laravel/framework/src/Illuminate/Foundation/Http/Middleware/VerifyCsrfToken.php(78): Illuminate\\Pipeline\\Pipeline->Illuminate\\Pipeline\\{closure}(Object(Illuminate\\Http\\Request))
#38 /Users/evills/developer/AudazPOS/vendor/laravel/framework/src/Illuminate/Pipeline/Pipeline.php(180): Illuminate\\Foundation\\Http\\Middleware\\VerifyCsrfToken->handle(Object(Illuminate\\Http\\Request), Object(Closure))
#39 /Users/evills/developer/AudazPOS/vendor/laravel/framework/src/Illuminate/View/Middleware/ShareErrorsFromSession.php(49): Illuminate\\Pipeline\\Pipeline->Illuminate\\Pipeline\\{closure}(Object(Illuminate\\Http\\Request))
#40 /Users/evills/developer/AudazPOS/vendor/laravel/framework/src/Illuminate/Pipeline/Pipeline.php(180): Illuminate\\View\\Middleware\\ShareErrorsFromSession->handle(Object(Illuminate\\Http\\Request), Object(Closure))
#41 /Users/evills/developer/AudazPOS/vendor/laravel/framework/src/Illuminate/Session/Middleware/StartSession.php(121): Illuminate\\Pipeline\\Pipeline->Illuminate\\Pipeline\\{closure}(Object(Illuminate\\Http\\Request))
#42 /Users/evills/developer/AudazPOS/vendor/laravel/framework/src/Illuminate/Session/Middleware/StartSession.php(64): Illuminate\\Session\\Middleware\\StartSession->handleStatefulRequest(Object(Illuminate\\Http\\Request), Object(Illuminate\\Session\\Store), Object(Closure))
#43 /Users/evills/developer/AudazPOS/vendor/laravel/framework/src/Illuminate/Pipeline/Pipeline.php(180): Illuminate\\Session\\Middleware\\StartSession->handle(Object(Illuminate\\Http\\Request), Object(Closure))
#44 /Users/evills/developer/AudazPOS/vendor/laravel/framework/src/Illuminate/Cookie/Middleware/AddQueuedCookiesToResponse.php(37): Illuminate\\Pipeline\\Pipeline->Illuminate\\Pipeline\\{closure}(Object(Illuminate\\Http\\Request))
#45 /Users/evills/developer/AudazPOS/vendor/laravel/framework/src/Illuminate/Pipeline/Pipeline.php(180): Illuminate\\Cookie\\Middleware\\AddQueuedCookiesToResponse->handle(Object(Illuminate\\Http\\Request), Object(Closure))
#46 /Users/evills/developer/AudazPOS/vendor/laravel/framework/src/Illuminate/Cookie/Middleware/EncryptCookies.php(67): Illuminate\\Pipeline\\Pipeline->Illuminate\\Pipeline\\{closure}(Object(Illuminate\\Http\\Request))
#47 /Users/evills/developer/AudazPOS/vendor/laravel/framework/src/Illuminate/Pipeline/Pipeline.php(180): Illuminate\\Cookie\\Middleware\\EncryptCookies->handle(Object(Illuminate\\Http\\Request), Object(Closure))
#48 /Users/evills/developer/AudazPOS/vendor/laravel/framework/src/Illuminate/Pipeline/Pipeline.php(116): Illuminate\\Pipeline\\Pipeline->Illuminate\\Pipeline\\{closure}(Object(Illuminate\\Http\\Request))
#49 /Users/evills/developer/AudazPOS/vendor/laravel/framework/src/Illuminate/Routing/Router.php(797): Illuminate\\Pipeline\\Pipeline->then(Object(Closure))
#50 /Users/evills/developer/AudazPOS/vendor/laravel/framework/src/Illuminate/Routing/Router.php(776): Illuminate\\Routing\\Router->runRouteWithinStack(Object(Illuminate\\Routing\\Route), Object(Illuminate\\Http\\Request))
#51 /Users/evills/developer/AudazPOS/vendor/laravel/framework/src/Illuminate/Routing/Router.php(740): Illuminate\\Routing\\Router->runRoute(Object(Illuminate\\Http\\Request), Object(Illuminate\\Routing\\Route))
#52 /Users/evills/developer/AudazPOS/vendor/laravel/framework/src/Illuminate/Routing/Router.php(729): Illuminate\\Routing\\Router->dispatchToRoute(Object(Illuminate\\Http\\Request))
#53 /Users/evills/developer/AudazPOS/vendor/laravel/framework/src/Illuminate/Foundation/Http/Kernel.php(190): Illuminate\\Routing\\Router->dispatch(Object(Illuminate\\Http\\Request))
#54 /Users/evills/developer/AudazPOS/vendor/laravel/framework/src/Illuminate/Pipeline/Pipeline.php(141): Illuminate\\Foundation\\Http\\Kernel->Illuminate\\Foundation\\Http\\{closure}(Object(Illuminate\\Http\\Request))
#55 /Users/evills/developer/AudazPOS/vendor/barryvdh/laravel-debugbar/src/Middleware/InjectDebugbar.php(59): Illuminate\\Pipeline\\Pipeline->Illuminate\\Pipeline\\{closure}(Object(Illuminate\\Http\\Request))
#56 /Users/evills/developer/AudazPOS/vendor/laravel/framework/src/Illuminate/Pipeline/Pipeline.php(180): Barryvdh\\Debugbar\\Middleware\\InjectDebugbar->handle(Object(Illuminate\\Http\\Request), Object(Closure))
#57 /Users/evills/developer/AudazPOS/vendor/laravel/framework/src/Illuminate/Foundation/Http/Middleware/TransformsRequest.php(21): Illuminate\\Pipeline\\Pipeline->Illuminate\\Pipeline\\{closure}(Object(Illuminate\\Http\\Request))
#58 /Users/evills/developer/AudazPOS/vendor/laravel/framework/src/Illuminate/Foundation/Http/Middleware/ConvertEmptyStringsToNull.php(31): Illuminate\\Foundation\\Http\\Middleware\\TransformsRequest->handle(Object(Illuminate\\Http\\Request), Object(Closure))
#59 /Users/evills/developer/AudazPOS/vendor/laravel/framework/src/Illuminate/Pipeline/Pipeline.php(180): Illuminate\\Foundation\\Http\\Middleware\\ConvertEmptyStringsToNull->handle(Object(Illuminate\\Http\\Request), Object(Closure))
#60 /Users/evills/developer/AudazPOS/vendor/laravel/framework/src/Illuminate/Foundation/Http/Middleware/TransformsRequest.php(21): Illuminate\\Pipeline\\Pipeline->Illuminate\\Pipeline\\{closure}(Object(Illuminate\\Http\\Request))
#61 /Users/evills/developer/AudazPOS/vendor/laravel/framework/src/Illuminate/Foundation/Http/Middleware/TrimStrings.php(40): Illuminate\\Foundation\\Http\\Middleware\\TransformsRequest->handle(Object(Illuminate\\Http\\Request), Object(Closure))
#62 /Users/evills/developer/AudazPOS/vendor/laravel/framework/src/Illuminate/Pipeline/Pipeline.php(180): Illuminate\\Foundation\\Http\\Middleware\\TrimStrings->handle(Object(Illuminate\\Http\\Request), Object(Closure))
#63 /Users/evills/developer/AudazPOS/vendor/laravel/framework/src/Illuminate/Foundation/Http/Middleware/ValidatePostSize.php(27): Illuminate\\Pipeline\\Pipeline->Illuminate\\Pipeline\\{closure}(Object(Illuminate\\Http\\Request))
#64 /Users/evills/developer/AudazPOS/vendor/laravel/framework/src/Illuminate/Pipeline/Pipeline.php(180): Illuminate\\Foundation\\Http\\Middleware\\ValidatePostSize->handle(Object(Illuminate\\Http\\Request), Object(Closure))
#65 /Users/evills/developer/AudazPOS/vendor/laravel/framework/src/Illuminate/Foundation/Http/Middleware/PreventRequestsDuringMaintenance.php(86): Illuminate\\Pipeline\\Pipeline->Illuminate\\Pipeline\\{closure}(Object(Illuminate\\Http\\Request))
#66 /Users/evills/developer/AudazPOS/vendor/laravel/framework/src/Illuminate/Pipeline/Pipeline.php(180): Illuminate\\Foundation\\Http\\Middleware\\PreventRequestsDuringMaintenance->handle(Object(Illuminate\\Http\\Request), Object(Closure))
#67 /Users/evills/developer/AudazPOS/vendor/laravel/framework/src/Illuminate/Http/Middleware/HandleCors.php(49): Illuminate\\Pipeline\\Pipeline->Illuminate\\Pipeline\\{closure}(Object(Illuminate\\Http\\Request))
#68 /Users/evills/developer/AudazPOS/vendor/laravel/framework/src/Illuminate/Pipeline/Pipeline.php(180): Illuminate\\Http\\Middleware\\HandleCors->handle(Object(Illuminate\\Http\\Request), Object(Closure))
#69 /Users/evills/developer/AudazPOS/vendor/laravel/framework/src/Illuminate/Http/Middleware/TrustProxies.php(39): Illuminate\\Pipeline\\Pipeline->Illuminate\\Pipeline\\{closure}(Object(Illuminate\\Http\\Request))
#70 /Users/evills/developer/AudazPOS/vendor/laravel/framework/src/Illuminate/Pipeline/Pipeline.php(180): Illuminate\\Http\\Middleware\\TrustProxies->handle(Object(Illuminate\\Http\\Request), Object(Closure))
#71 /Users/evills/developer/AudazPOS/vendor/laravel/framework/src/Illuminate/Pipeline/Pipeline.php(116): Illuminate\\Pipeline\\Pipeline->Illuminate\\Pipeline\\{closure}(Object(Illuminate\\Http\\Request))
#72 /Users/evills/developer/AudazPOS/vendor/laravel/framework/src/Illuminate/Foundation/Http/Kernel.php(165): Illuminate\\Pipeline\\Pipeline->then(Object(Closure))
#73 /Users/evills/developer/AudazPOS/vendor/laravel/framework/src/Illuminate/Foundation/Http/Kernel.php(134): Illuminate\\Foundation\\Http\\Kernel->sendRequestThroughRouter(Object(Illuminate\\Http\\Request))
#74 /Users/evills/developer/AudazPOS/public/index.php(51): Illuminate\\Foundation\\Http\\Kernel->handle(Object(Illuminate\\Http\\Request))
#75 /Applications/Herd.app/Contents/Resources/valet/server.php(167): require('/Users/evills/d...')
#76 {main}

[previous exception] [object] (PDOException(code: 2002): SQLSTATE[HY000] [2002] Connection refused at /Users/evills/developer/AudazPOS/vendor/laravel/framework/src/Illuminate/Database/Connectors/Connector.php:70)
[stacktrace]
#0 /Users/evills/developer/AudazPOS/vendor/laravel/framework/src/Illuminate/Database/Connectors/Connector.php(70): PDO->__construct('mysql:host=127....', 'root', Object(SensitiveParameterValue), Array)
#1 /Users/evills/developer/AudazPOS/vendor/laravel/framework/src/Illuminate/Database/Connectors/Connector.php(100): Illuminate\\Database\\Connectors\\Connector->createPdoConnection('mysql:host=127....', 'root', '', Array)
#2 /Users/evills/developer/AudazPOS/vendor/laravel/framework/src/Illuminate/Database/Connectors/Connector.php(49): Illuminate\\Database\\Connectors\\Connector->tryAgainIfCausedByLostConnection(Object(PDOException), 'mysql:host=127....', 'root', '', Array)
#3 /Users/evills/developer/AudazPOS/vendor/laravel/framework/src/Illuminate/Database/Connectors/MySqlConnector.php(24): Illuminate\\Database\\Connectors\\Connector->createConnection('mysql:host=127....', Array, Array)
#4 /Users/evills/developer/AudazPOS/vendor/laravel/framework/src/Illuminate/Database/Connectors/ConnectionFactory.php(184): Illuminate\\Database\\Connectors\\MySqlConnector->connect(Array)
#5 [internal function]: Illuminate\\Database\\Connectors\\ConnectionFactory->Illuminate\\Database\\Connectors\\{closure}()
#6 /Users/evills/developer/AudazPOS/vendor/laravel/framework/src/Illuminate/Database/Connection.php(1181): call_user_func(Object(Closure))
#7 /Users/evills/developer/AudazPOS/vendor/laravel/framework/src/Illuminate/Database/Connection.php(1217): Illuminate\\Database\\Connection->getPdo()
#8 /Users/evills/developer/AudazPOS/vendor/laravel/framework/src/Illuminate/Database/Connection.php(486): Illuminate\\Database\\Connection->getReadPdo()
#9 /Users/evills/developer/AudazPOS/vendor/laravel/framework/src/Illuminate/Database/Connection.php(414): Illuminate\\Database\\Connection->getPdoForSelect(true)
#10 /Users/evills/developer/AudazPOS/vendor/laravel/framework/src/Illuminate/Database/Connection.php(753): Illuminate\\Database\\Connection->Illuminate\\Database\\{closure}('select `value`,...', Array)
#11 /Users/evills/developer/AudazPOS/vendor/laravel/framework/src/Illuminate/Database/Connection.php(899): Illuminate\\Database\\Connection->runQueryCallback('select `value`,...', Array, Object(Closure))
#12 /Users/evills/developer/AudazPOS/vendor/laravel/framework/src/Illuminate/Database/Connection.php(878): Illuminate\\Database\\Connection->tryAgainIfCausedByLostConnection(Object(Illuminate\\Database\\QueryException), 'select `value`,...', Array, Object(Closure))
#13 /Users/evills/developer/AudazPOS/vendor/laravel/framework/src/Illuminate/Database/Connection.php(722): Illuminate\\Database\\Connection->handleQueryException(Object(Illuminate\\Database\\QueryException), 'select `value`,...', Array, Object(Closure))
#14 /Users/evills/developer/AudazPOS/vendor/laravel/framework/src/Illuminate/Database/Connection.php(405): Illuminate\\Database\\Connection->run('select `value`,...', Array, Object(Closure))
#15 /Users/evills/developer/AudazPOS/vendor/laravel/framework/src/Illuminate/Database/Query/Builder.php(2705): Illuminate\\Database\\Connection->select('select `value`,...', Array, true)
#16 /Users/evills/developer/AudazPOS/vendor/laravel/framework/src/Illuminate/Database/Query/Builder.php(2920): Illuminate\\Database\\Query\\Builder->runSelect()
#17 /Users/evills/developer/AudazPOS/vendor/laravel/framework/src/Illuminate/Database/Query/Builder.php(3230): Illuminate\\Database\\Query\\Builder->Illuminate\\Database\\Query\\{closure}()
#18 /Users/evills/developer/AudazPOS/vendor/laravel/framework/src/Illuminate/Database/Query/Builder.php(2916): Illuminate\\Database\\Query\\Builder->onceWithColumns(Array, Object(Closure))
#19 /Users/evills/developer/AudazPOS/vendor/laravel/framework/src/Illuminate/Database/Eloquent/Builder.php(860): Illuminate\\Database\\Query\\Builder->pluck('value', 'key')
#20 /Users/evills/developer/AudazPOS/app/System.php(58): Illuminate\\Database\\Eloquent\\Builder->pluck('value', 'key')
#21 /Users/evills/developer/AudazPOS/app/Providers/AppServiceProvider.php(99): App\\System::getProperties(Array, true)
#22 /Users/evills/developer/AudazPOS/vendor/laravel/framework/src/Illuminate/View/Concerns/ManagesEvents.php(162): App\\Providers\\AppServiceProvider->App\\Providers\\{closure}(Object(Illuminate\\View\\View))
#23 /Users/evills/developer/AudazPOS/vendor/laravel/framework/src/Illuminate/Events/Dispatcher.php(418): Illuminate\\View\\Factory->Illuminate\\View\\Concerns\\{closure}('composing: layo...', Array)
#24 /Users/evills/developer/AudazPOS/vendor/laravel/framework/src/Illuminate/Events/Dispatcher.php(249): Illuminate\\Events\\Dispatcher->Illuminate\\Events\\{closure}('composing: layo...', Array)
#25 /Users/evills/developer/AudazPOS/vendor/laravel/framework/src/Illuminate/View/Concerns/ManagesEvents.php(177): Illuminate\\Events\\Dispatcher->dispatch('composing: layo...', Array)
#26 /Users/evills/developer/AudazPOS/vendor/laravel/framework/src/Illuminate/View/View.php(176): Illuminate\\View\\Factory->callComposer(Object(Illuminate\\View\\View))
#27 /Users/evills/developer/AudazPOS/vendor/laravel/framework/src/Illuminate/View/View.php(147): Illuminate\\View\\View->renderContents()
#28 /Users/evills/developer/AudazPOS/storage/framework/views/1ccf6133b823725648c8fd2c3f82ead804f71f4a.php(18): Illuminate\\View\\View->render()
#29 /Users/evills/developer/AudazPOS/vendor/laravel/framework/src/Illuminate/Filesystem/Filesystem.php(109): require('/Users/evills/d...')
#30 /Users/evills/developer/AudazPOS/vendor/laravel/framework/src/Illuminate/Filesystem/Filesystem.php(110): Illuminate\\Filesystem\\Filesystem::Illuminate\\Filesystem\\{closure}()
#31 /Users/evills/developer/AudazPOS/vendor/laravel/framework/src/Illuminate/View/Engines/PhpEngine.php(58): Illuminate\\Filesystem\\Filesystem->getRequire('/Users/evills/d...', Array)
#32 /Users/evills/developer/AudazPOS/vendor/laravel/framework/src/Illuminate/View/Engines/CompilerEngine.php(70): Illuminate\\View\\Engines\\PhpEngine->evaluatePath('/Users/evills/d...', Array)
#33 /Users/evills/developer/AudazPOS/vendor/laravel/framework/src/Illuminate/View/View.php(195): Illuminate\\View\\Engines\\CompilerEngine->get('/Users/evills/d...', Array)
#34 /Users/evills/developer/AudazPOS/vendor/laravel/framework/src/Illuminate/View/View.php(178): Illuminate\\View\\View->getContents()
#35 /Users/evills/developer/AudazPOS/vendor/laravel/framework/src/Illuminate/View/View.php(147): Illuminate\\View\\View->renderContents()
#36 /Users/evills/developer/AudazPOS/vendor/laravel/framework/src/Illuminate/Http/Response.php(69): Illuminate\\View\\View->render()
#37 /Users/evills/developer/AudazPOS/vendor/laravel/framework/src/Illuminate/Http/Response.php(35): Illuminate\\Http\\Response->setContent(Object(Illuminate\\View\\View))
#38 /Users/evills/developer/AudazPOS/vendor/laravel/framework/src/Illuminate/Routing/Router.php(906): Illuminate\\Http\\Response->__construct(Object(Illuminate\\View\\View), 200, Array)
#39 /Users/evills/developer/AudazPOS/vendor/laravel/framework/src/Illuminate/Routing/Router.php(875): Illuminate\\Routing\\Router::toResponse(Object(Illuminate\\Http\\Request), Object(Illuminate\\View\\View))
#40 /Users/evills/developer/AudazPOS/vendor/laravel/framework/src/Illuminate/Routing/Router.php(797): Illuminate\\Routing\\Router->prepareResponse(Object(Illuminate\\Http\\Request), Object(Illuminate\\View\\View))
#41 /Users/evills/developer/AudazPOS/vendor/laravel/framework/src/Illuminate/Pipeline/Pipeline.php(141): Illuminate\\Routing\\Router->Illuminate\\Routing\\{closure}(Object(Illuminate\\Http\\Request))
#42 /Users/evills/developer/AudazPOS/app/Http/Middleware/IsInstalled.php(50): Illuminate\\Pipeline\\Pipeline->Illuminate\\Pipeline\\{closure}(Object(Illuminate\\Http\\Request))
#43 /Users/evills/developer/AudazPOS/vendor/laravel/framework/src/Illuminate/Pipeline/Pipeline.php(180): App\\Http\\Middleware\\IsInstalled->handle(Object(Illuminate\\Http\\Request), Object(Closure))
#44 /Users/evills/developer/AudazPOS/vendor/barryvdh/laravel-debugbar/src/Middleware/InjectDebugbar.php(59): Illuminate\\Pipeline\\Pipeline->Illuminate\\Pipeline\\{closure}(Object(Illuminate\\Http\\Request))
#45 /Users/evills/developer/AudazPOS/vendor/laravel/framework/src/Illuminate/Pipeline/Pipeline.php(180): Barryvdh\\Debugbar\\Middleware\\InjectDebugbar->handle(Object(Illuminate\\Http\\Request), Object(Closure))
#46 /Users/evills/developer/AudazPOS/vendor/laravel/framework/src/Illuminate/Routing/Middleware/SubstituteBindings.php(50): Illuminate\\Pipeline\\Pipeline->Illuminate\\Pipeline\\{closure}(Object(Illuminate\\Http\\Request))
#47 /Users/evills/developer/AudazPOS/vendor/laravel/framework/src/Illuminate/Pipeline/Pipeline.php(180): Illuminate\\Routing\\Middleware\\SubstituteBindings->handle(Object(Illuminate\\Http\\Request), Object(Closure))
#48 /Users/evills/developer/AudazPOS/vendor/laravel/framework/src/Illuminate/Foundation/Http/Middleware/VerifyCsrfToken.php(78): Illuminate\\Pipeline\\Pipeline->Illuminate\\Pipeline\\{closure}(Object(Illuminate\\Http\\Request))
#49 /Users/evills/developer/AudazPOS/vendor/laravel/framework/src/Illuminate/Pipeline/Pipeline.php(180): Illuminate\\Foundation\\Http\\Middleware\\VerifyCsrfToken->handle(Object(Illuminate\\Http\\Request), Object(Closure))
#50 /Users/evills/developer/AudazPOS/vendor/laravel/framework/src/Illuminate/View/Middleware/ShareErrorsFromSession.php(49): Illuminate\\Pipeline\\Pipeline->Illuminate\\Pipeline\\{closure}(Object(Illuminate\\Http\\Request))
#51 /Users/evills/developer/AudazPOS/vendor/laravel/framework/src/Illuminate/Pipeline/Pipeline.php(180): Illuminate\\View\\Middleware\\ShareErrorsFromSession->handle(Object(Illuminate\\Http\\Request), Object(Closure))
#52 /Users/evills/developer/AudazPOS/vendor/laravel/framework/src/Illuminate/Session/Middleware/StartSession.php(121): Illuminate\\Pipeline\\Pipeline->Illuminate\\Pipeline\\{closure}(Object(Illuminate\\Http\\Request))
#53 /Users/evills/developer/AudazPOS/vendor/laravel/framework/src/Illuminate/Session/Middleware/StartSession.php(64): Illuminate\\Session\\Middleware\\StartSession->handleStatefulRequest(Object(Illuminate\\Http\\Request), Object(Illuminate\\Session\\Store), Object(Closure))
#54 /Users/evills/developer/AudazPOS/vendor/laravel/framework/src/Illuminate/Pipeline/Pipeline.php(180): Illuminate\\Session\\Middleware\\StartSession->handle(Object(Illuminate\\Http\\Request), Object(Closure))
#55 /Users/evills/developer/AudazPOS/vendor/laravel/framework/src/Illuminate/Cookie/Middleware/AddQueuedCookiesToResponse.php(37): Illuminate\\Pipeline\\Pipeline->Illuminate\\Pipeline\\{closure}(Object(Illuminate\\Http\\Request))
#56 /Users/evills/developer/AudazPOS/vendor/laravel/framework/src/Illuminate/Pipeline/Pipeline.php(180): Illuminate\\Cookie\\Middleware\\AddQueuedCookiesToResponse->handle(Object(Illuminate\\Http\\Request), Object(Closure))
#57 /Users/evills/developer/AudazPOS/vendor/laravel/framework/src/Illuminate/Cookie/Middleware/EncryptCookies.php(67): Illuminate\\Pipeline\\Pipeline->Illuminate\\Pipeline\\{closure}(Object(Illuminate\\Http\\Request))
#58 /Users/evills/developer/AudazPOS/vendor/laravel/framework/src/Illuminate/Pipeline/Pipeline.php(180): Illuminate\\Cookie\\Middleware\\EncryptCookies->handle(Object(Illuminate\\Http\\Request), Object(Closure))
#59 /Users/evills/developer/AudazPOS/vendor/laravel/framework/src/Illuminate/Pipeline/Pipeline.php(116): Illuminate\\Pipeline\\Pipeline->Illuminate\\Pipeline\\{closure}(Object(Illuminate\\Http\\Request))
#60 /Users/evills/developer/AudazPOS/vendor/laravel/framework/src/Illuminate/Routing/Router.php(797): Illuminate\\Pipeline\\Pipeline->then(Object(Closure))
#61 /Users/evills/developer/AudazPOS/vendor/laravel/framework/src/Illuminate/Routing/Router.php(776): Illuminate\\Routing\\Router->runRouteWithinStack(Object(Illuminate\\Routing\\Route), Object(Illuminate\\Http\\Request))
#62 /Users/evills/developer/AudazPOS/vendor/laravel/framework/src/Illuminate/Routing/Router.php(740): Illuminate\\Routing\\Router->runRoute(Object(Illuminate\\Http\\Request), Object(Illuminate\\Routing\\Route))
#63 /Users/evills/developer/AudazPOS/vendor/laravel/framework/src/Illuminate/Routing/Router.php(729): Illuminate\\Routing\\Router->dispatchToRoute(Object(Illuminate\\Http\\Request))
#64 /Users/evills/developer/AudazPOS/vendor/laravel/framework/src/Illuminate/Foundation/Http/Kernel.php(190): Illuminate\\Routing\\Router->dispatch(Object(Illuminate\\Http\\Request))
#65 /Users/evills/developer/AudazPOS/vendor/laravel/framework/src/Illuminate/Pipeline/Pipeline.php(141): Illuminate\\Foundation\\Http\\Kernel->Illuminate\\Foundation\\Http\\{closure}(Object(Illuminate\\Http\\Request))
#66 /Users/evills/developer/AudazPOS/vendor/barryvdh/laravel-debugbar/src/Middleware/InjectDebugbar.php(59): Illuminate\\Pipeline\\Pipeline->Illuminate\\Pipeline\\{closure}(Object(Illuminate\\Http\\Request))
#67 /Users/evills/developer/AudazPOS/vendor/laravel/framework/src/Illuminate/Pipeline/Pipeline.php(180): Barryvdh\\Debugbar\\Middleware\\InjectDebugbar->handle(Object(Illuminate\\Http\\Request), Object(Closure))
#68 /Users/evills/developer/AudazPOS/vendor/laravel/framework/src/Illuminate/Foundation/Http/Middleware/TransformsRequest.php(21): Illuminate\\Pipeline\\Pipeline->Illuminate\\Pipeline\\{closure}(Object(Illuminate\\Http\\Request))
#69 /Users/evills/developer/AudazPOS/vendor/laravel/framework/src/Illuminate/Foundation/Http/Middleware/ConvertEmptyStringsToNull.php(31): Illuminate\\Foundation\\Http\\Middleware\\TransformsRequest->handle(Object(Illuminate\\Http\\Request), Object(Closure))
#70 /Users/evills/developer/AudazPOS/vendor/laravel/framework/src/Illuminate/Pipeline/Pipeline.php(180): Illuminate\\Foundation\\Http\\Middleware\\ConvertEmptyStringsToNull->handle(Object(Illuminate\\Http\\Request), Object(Closure))
#71 /Users/evills/developer/AudazPOS/vendor/laravel/framework/src/Illuminate/Foundation/Http/Middleware/TransformsRequest.php(21): Illuminate\\Pipeline\\Pipeline->Illuminate\\Pipeline\\{closure}(Object(Illuminate\\Http\\Request))
#72 /Users/evills/developer/AudazPOS/vendor/laravel/framework/src/Illuminate/Foundation/Http/Middleware/TrimStrings.php(40): Illuminate\\Foundation\\Http\\Middleware\\TransformsRequest->handle(Object(Illuminate\\Http\\Request), Object(Closure))
#73 /Users/evills/developer/AudazPOS/vendor/laravel/framework/src/Illuminate/Pipeline/Pipeline.php(180): Illuminate\\Foundation\\Http\\Middleware\\TrimStrings->handle(Object(Illuminate\\Http\\Request), Object(Closure))
#74 /Users/evills/developer/AudazPOS/vendor/laravel/framework/src/Illuminate/Foundation/Http/Middleware/ValidatePostSize.php(27): Illuminate\\Pipeline\\Pipeline->Illuminate\\Pipeline\\{closure}(Object(Illuminate\\Http\\Request))
#75 /Users/evills/developer/AudazPOS/vendor/laravel/framework/src/Illuminate/Pipeline/Pipeline.php(180): Illuminate\\Foundation\\Http\\Middleware\\ValidatePostSize->handle(Object(Illuminate\\Http\\Request), Object(Closure))
#76 /Users/evills/developer/AudazPOS/vendor/laravel/framework/src/Illuminate/Foundation/Http/Middleware/PreventRequestsDuringMaintenance.php(86): Illuminate\\Pipeline\\Pipeline->Illuminate\\Pipeline\\{closure}(Object(Illuminate\\Http\\Request))
#77 /Users/evills/developer/AudazPOS/vendor/laravel/framework/src/Illuminate/Pipeline/Pipeline.php(180): Illuminate\\Foundation\\Http\\Middleware\\PreventRequestsDuringMaintenance->handle(Object(Illuminate\\Http\\Request), Object(Closure))
#78 /Users/evills/developer/AudazPOS/vendor/laravel/framework/src/Illuminate/Http/Middleware/HandleCors.php(49): Illuminate\\Pipeline\\Pipeline->Illuminate\\Pipeline\\{closure}(Object(Illuminate\\Http\\Request))
#79 /Users/evills/developer/AudazPOS/vendor/laravel/framework/src/Illuminate/Pipeline/Pipeline.php(180): Illuminate\\Http\\Middleware\\HandleCors->handle(Object(Illuminate\\Http\\Request), Object(Closure))
#80 /Users/evills/developer/AudazPOS/vendor/laravel/framework/src/Illuminate/Http/Middleware/TrustProxies.php(39): Illuminate\\Pipeline\\Pipeline->Illuminate\\Pipeline\\{closure}(Object(Illuminate\\Http\\Request))
#81 /Users/evills/developer/AudazPOS/vendor/laravel/framework/src/Illuminate/Pipeline/Pipeline.php(180): Illuminate\\Http\\Middleware\\TrustProxies->handle(Object(Illuminate\\Http\\Request), Object(Closure))
#82 /Users/evills/developer/AudazPOS/vendor/laravel/framework/src/Illuminate/Pipeline/Pipeline.php(116): Illuminate\\Pipeline\\Pipeline->Illuminate\\Pipeline\\{closure}(Object(Illuminate\\Http\\Request))
#83 /Users/evills/developer/AudazPOS/vendor/laravel/framework/src/Illuminate/Foundation/Http/Kernel.php(165): Illuminate\\Pipeline\\Pipeline->then(Object(Closure))
#84 /Users/evills/developer/AudazPOS/vendor/laravel/framework/src/Illuminate/Foundation/Http/Kernel.php(134): Illuminate\\Foundation\\Http\\Kernel->sendRequestThroughRouter(Object(Illuminate\\Http\\Request))
#85 /Users/evills/developer/AudazPOS/public/index.php(51): Illuminate\\Foundation\\Http\\Kernel->handle(Object(Illuminate\\Http\\Request))
#86 /Applications/Herd.app/Contents/Resources/valet/server.php(167): require('/Users/evills/d...')
#87 {main}
"} 
[2025-05-26 19:03:06] local.ERROR: SQLSTATE[HY000] [2002] Connection refused (SQL: select `value`, `key` from `system` where `key` in (additional_js, additional_css)) {"view":{"view":"/Users/evills/developer/AudazPOS/resources/views/welcome.blade.php","data":{"asset_v":"<pre class=sf-dump id=sf-dump-19295293 data-indent-pad=\"  \"><span class=sf-dump-num>670</span>
</pre><script>Sfdump(\"sf-dump-19295293\", {\"maxDepth\":3,\"maxStringLength\":160})</script>
","errors":"<pre class=sf-dump id=sf-dump-1252030470 data-indent-pad=\"  \"><span class=sf-dump-note>Illuminate\\Support\\ViewErrorBag</span> {<a class=sf-dump-ref>#2260</a><samp data-depth=1 class=sf-dump-expanded>
  #<span class=sf-dump-protected title=\"Protected property\">bags</span>: []
</samp>}
</pre><script>Sfdump(\"sf-dump-1252030470\", {\"maxDepth\":3,\"maxStringLength\":160})</script>
","enabled_modules":"<pre class=sf-dump id=sf-dump-979577678 data-indent-pad=\"  \">[]
</pre><script>Sfdump(\"sf-dump-979577678\", {\"maxDepth\":3,\"maxStringLength\":160})</script>
","__is_pusher_enabled":"<pre class=sf-dump id=sf-dump-1651193513 data-indent-pad=\"  \"><span class=sf-dump-const>false</span>
</pre><script>Sfdump(\"sf-dump-1651193513\", {\"maxDepth\":3,\"maxStringLength\":160})</script>
"}},"exception":"[object] (Spatie\\LaravelIgnition\\Exceptions\\ViewException(code: 0): SQLSTATE[HY000] [2002] Connection refused (SQL: select `value`, `key` from `system` where `key` in (additional_js, additional_css)) at /Users/evills/developer/AudazPOS/vendor/laravel/framework/src/Illuminate/Database/Connection.php:760)
[stacktrace]
#0 /Users/evills/developer/AudazPOS/vendor/laravel/framework/src/Illuminate/Database/Connection.php(899): Illuminate\\Database\\Connection->runQueryCallback('select `value`,...', Array, Object(Closure))
#1 /Users/evills/developer/AudazPOS/vendor/laravel/framework/src/Illuminate/Database/Connection.php(878): Illuminate\\Database\\Connection->tryAgainIfCausedByLostConnection(Object(Illuminate\\Database\\QueryException), 'select `value`,...', Array, Object(Closure))
#2 /Users/evills/developer/AudazPOS/vendor/laravel/framework/src/Illuminate/Database/Connection.php(722): Illuminate\\Database\\Connection->handleQueryException(Object(Illuminate\\Database\\QueryException), 'select `value`,...', Array, Object(Closure))
#3 /Users/evills/developer/AudazPOS/vendor/laravel/framework/src/Illuminate/Database/Connection.php(405): Illuminate\\Database\\Connection->run('select `value`,...', Array, Object(Closure))
#4 /Users/evills/developer/AudazPOS/vendor/laravel/framework/src/Illuminate/Database/Query/Builder.php(2705): Illuminate\\Database\\Connection->select('select `value`,...', Array, true)
#5 /Users/evills/developer/AudazPOS/vendor/laravel/framework/src/Illuminate/Database/Query/Builder.php(2920): Illuminate\\Database\\Query\\Builder->runSelect()
#6 /Users/evills/developer/AudazPOS/vendor/laravel/framework/src/Illuminate/Database/Query/Builder.php(3230): Illuminate\\Database\\Query\\Builder->Illuminate\\Database\\Query\\{closure}()
#7 /Users/evills/developer/AudazPOS/vendor/laravel/framework/src/Illuminate/Database/Query/Builder.php(2916): Illuminate\\Database\\Query\\Builder->onceWithColumns(Array, Object(Closure))
#8 /Users/evills/developer/AudazPOS/vendor/laravel/framework/src/Illuminate/Database/Eloquent/Builder.php(860): Illuminate\\Database\\Query\\Builder->pluck('value', 'key')
#9 /Users/evills/developer/AudazPOS/app/System.php(58): Illuminate\\Database\\Eloquent\\Builder->pluck('value', 'key')
#10 /Users/evills/developer/AudazPOS/app/Providers/AppServiceProvider.php(99): App\\System::getProperties(Array, true)
#11 /Users/evills/developer/AudazPOS/vendor/laravel/framework/src/Illuminate/View/Concerns/ManagesEvents.php(162): App\\Providers\\AppServiceProvider->App\\Providers\\{closure}(Object(Illuminate\\View\\View))
#12 /Users/evills/developer/AudazPOS/vendor/laravel/framework/src/Illuminate/Events/Dispatcher.php(418): Illuminate\\View\\Factory->Illuminate\\View\\Concerns\\{closure}('composing: layo...', Array)
#13 /Users/evills/developer/AudazPOS/vendor/laravel/framework/src/Illuminate/Events/Dispatcher.php(249): Illuminate\\Events\\Dispatcher->Illuminate\\Events\\{closure}('composing: layo...', Array)
#14 /Users/evills/developer/AudazPOS/vendor/laravel/framework/src/Illuminate/View/Concerns/ManagesEvents.php(177): Illuminate\\Events\\Dispatcher->dispatch('composing: layo...', Array)
#15 /Users/evills/developer/AudazPOS/vendor/laravel/framework/src/Illuminate/View/View.php(176): Illuminate\\View\\Factory->callComposer(Object(Illuminate\\View\\View))
#16 /Users/evills/developer/AudazPOS/vendor/laravel/framework/src/Illuminate/View/View.php(147): Illuminate\\View\\View->renderContents()
#17 /Users/evills/developer/AudazPOS/resources/views/welcome.blade.php(15): Illuminate\\View\\View->render()
#18 /Users/evills/developer/AudazPOS/vendor/laravel/framework/src/Illuminate/Filesystem/Filesystem.php(109): require('/Users/evills/d...')
#19 /Users/evills/developer/AudazPOS/vendor/laravel/framework/src/Illuminate/Filesystem/Filesystem.php(110): Illuminate\\Filesystem\\Filesystem::Illuminate\\Filesystem\\{closure}()
#20 /Users/evills/developer/AudazPOS/vendor/laravel/framework/src/Illuminate/View/Engines/PhpEngine.php(58): Illuminate\\Filesystem\\Filesystem->getRequire('/Users/evills/d...', Array)
#21 /Users/evills/developer/AudazPOS/vendor/laravel/framework/src/Illuminate/View/Engines/CompilerEngine.php(70): Illuminate\\View\\Engines\\PhpEngine->evaluatePath('/Users/evills/d...', Array)
#22 /Users/evills/developer/AudazPOS/vendor/laravel/framework/src/Illuminate/View/View.php(195): Illuminate\\View\\Engines\\CompilerEngine->get('/Users/evills/d...', Array)
#23 /Users/evills/developer/AudazPOS/vendor/laravel/framework/src/Illuminate/View/View.php(178): Illuminate\\View\\View->getContents()
#24 /Users/evills/developer/AudazPOS/vendor/laravel/framework/src/Illuminate/View/View.php(147): Illuminate\\View\\View->renderContents()
#25 /Users/evills/developer/AudazPOS/vendor/laravel/framework/src/Illuminate/Http/Response.php(69): Illuminate\\View\\View->render()
#26 /Users/evills/developer/AudazPOS/vendor/laravel/framework/src/Illuminate/Http/Response.php(35): Illuminate\\Http\\Response->setContent(Object(Illuminate\\View\\View))
#27 /Users/evills/developer/AudazPOS/vendor/laravel/framework/src/Illuminate/Routing/Router.php(906): Illuminate\\Http\\Response->__construct(Object(Illuminate\\View\\View), 200, Array)
#28 /Users/evills/developer/AudazPOS/vendor/laravel/framework/src/Illuminate/Routing/Router.php(875): Illuminate\\Routing\\Router::toResponse(Object(Illuminate\\Http\\Request), Object(Illuminate\\View\\View))
#29 /Users/evills/developer/AudazPOS/vendor/laravel/framework/src/Illuminate/Routing/Router.php(797): Illuminate\\Routing\\Router->prepareResponse(Object(Illuminate\\Http\\Request), Object(Illuminate\\View\\View))
#30 /Users/evills/developer/AudazPOS/vendor/laravel/framework/src/Illuminate/Pipeline/Pipeline.php(141): Illuminate\\Routing\\Router->Illuminate\\Routing\\{closure}(Object(Illuminate\\Http\\Request))
#31 /Users/evills/developer/AudazPOS/app/Http/Middleware/IsInstalled.php(50): Illuminate\\Pipeline\\Pipeline->Illuminate\\Pipeline\\{closure}(Object(Illuminate\\Http\\Request))
#32 /Users/evills/developer/AudazPOS/vendor/laravel/framework/src/Illuminate/Pipeline/Pipeline.php(180): App\\Http\\Middleware\\IsInstalled->handle(Object(Illuminate\\Http\\Request), Object(Closure))
#33 /Users/evills/developer/AudazPOS/vendor/barryvdh/laravel-debugbar/src/Middleware/InjectDebugbar.php(59): Illuminate\\Pipeline\\Pipeline->Illuminate\\Pipeline\\{closure}(Object(Illuminate\\Http\\Request))
#34 /Users/evills/developer/AudazPOS/vendor/laravel/framework/src/Illuminate/Pipeline/Pipeline.php(180): Barryvdh\\Debugbar\\Middleware\\InjectDebugbar->handle(Object(Illuminate\\Http\\Request), Object(Closure))
#35 /Users/evills/developer/AudazPOS/vendor/laravel/framework/src/Illuminate/Routing/Middleware/SubstituteBindings.php(50): Illuminate\\Pipeline\\Pipeline->Illuminate\\Pipeline\\{closure}(Object(Illuminate\\Http\\Request))
#36 /Users/evills/developer/AudazPOS/vendor/laravel/framework/src/Illuminate/Pipeline/Pipeline.php(180): Illuminate\\Routing\\Middleware\\SubstituteBindings->handle(Object(Illuminate\\Http\\Request), Object(Closure))
#37 /Users/evills/developer/AudazPOS/vendor/laravel/framework/src/Illuminate/Foundation/Http/Middleware/VerifyCsrfToken.php(78): Illuminate\\Pipeline\\Pipeline->Illuminate\\Pipeline\\{closure}(Object(Illuminate\\Http\\Request))
#38 /Users/evills/developer/AudazPOS/vendor/laravel/framework/src/Illuminate/Pipeline/Pipeline.php(180): Illuminate\\Foundation\\Http\\Middleware\\VerifyCsrfToken->handle(Object(Illuminate\\Http\\Request), Object(Closure))
#39 /Users/evills/developer/AudazPOS/vendor/laravel/framework/src/Illuminate/View/Middleware/ShareErrorsFromSession.php(49): Illuminate\\Pipeline\\Pipeline->Illuminate\\Pipeline\\{closure}(Object(Illuminate\\Http\\Request))
#40 /Users/evills/developer/AudazPOS/vendor/laravel/framework/src/Illuminate/Pipeline/Pipeline.php(180): Illuminate\\View\\Middleware\\ShareErrorsFromSession->handle(Object(Illuminate\\Http\\Request), Object(Closure))
#41 /Users/evills/developer/AudazPOS/vendor/laravel/framework/src/Illuminate/Session/Middleware/StartSession.php(121): Illuminate\\Pipeline\\Pipeline->Illuminate\\Pipeline\\{closure}(Object(Illuminate\\Http\\Request))
#42 /Users/evills/developer/AudazPOS/vendor/laravel/framework/src/Illuminate/Session/Middleware/StartSession.php(64): Illuminate\\Session\\Middleware\\StartSession->handleStatefulRequest(Object(Illuminate\\Http\\Request), Object(Illuminate\\Session\\Store), Object(Closure))
#43 /Users/evills/developer/AudazPOS/vendor/laravel/framework/src/Illuminate/Pipeline/Pipeline.php(180): Illuminate\\Session\\Middleware\\StartSession->handle(Object(Illuminate\\Http\\Request), Object(Closure))
#44 /Users/evills/developer/AudazPOS/vendor/laravel/framework/src/Illuminate/Cookie/Middleware/AddQueuedCookiesToResponse.php(37): Illuminate\\Pipeline\\Pipeline->Illuminate\\Pipeline\\{closure}(Object(Illuminate\\Http\\Request))
#45 /Users/evills/developer/AudazPOS/vendor/laravel/framework/src/Illuminate/Pipeline/Pipeline.php(180): Illuminate\\Cookie\\Middleware\\AddQueuedCookiesToResponse->handle(Object(Illuminate\\Http\\Request), Object(Closure))
#46 /Users/evills/developer/AudazPOS/vendor/laravel/framework/src/Illuminate/Cookie/Middleware/EncryptCookies.php(67): Illuminate\\Pipeline\\Pipeline->Illuminate\\Pipeline\\{closure}(Object(Illuminate\\Http\\Request))
#47 /Users/evills/developer/AudazPOS/vendor/laravel/framework/src/Illuminate/Pipeline/Pipeline.php(180): Illuminate\\Cookie\\Middleware\\EncryptCookies->handle(Object(Illuminate\\Http\\Request), Object(Closure))
#48 /Users/evills/developer/AudazPOS/vendor/laravel/framework/src/Illuminate/Pipeline/Pipeline.php(116): Illuminate\\Pipeline\\Pipeline->Illuminate\\Pipeline\\{closure}(Object(Illuminate\\Http\\Request))
#49 /Users/evills/developer/AudazPOS/vendor/laravel/framework/src/Illuminate/Routing/Router.php(797): Illuminate\\Pipeline\\Pipeline->then(Object(Closure))
#50 /Users/evills/developer/AudazPOS/vendor/laravel/framework/src/Illuminate/Routing/Router.php(776): Illuminate\\Routing\\Router->runRouteWithinStack(Object(Illuminate\\Routing\\Route), Object(Illuminate\\Http\\Request))
#51 /Users/evills/developer/AudazPOS/vendor/laravel/framework/src/Illuminate/Routing/Router.php(740): Illuminate\\Routing\\Router->runRoute(Object(Illuminate\\Http\\Request), Object(Illuminate\\Routing\\Route))
#52 /Users/evills/developer/AudazPOS/vendor/laravel/framework/src/Illuminate/Routing/Router.php(729): Illuminate\\Routing\\Router->dispatchToRoute(Object(Illuminate\\Http\\Request))
#53 /Users/evills/developer/AudazPOS/vendor/laravel/framework/src/Illuminate/Foundation/Http/Kernel.php(190): Illuminate\\Routing\\Router->dispatch(Object(Illuminate\\Http\\Request))
#54 /Users/evills/developer/AudazPOS/vendor/laravel/framework/src/Illuminate/Pipeline/Pipeline.php(141): Illuminate\\Foundation\\Http\\Kernel->Illuminate\\Foundation\\Http\\{closure}(Object(Illuminate\\Http\\Request))
#55 /Users/evills/developer/AudazPOS/vendor/barryvdh/laravel-debugbar/src/Middleware/InjectDebugbar.php(59): Illuminate\\Pipeline\\Pipeline->Illuminate\\Pipeline\\{closure}(Object(Illuminate\\Http\\Request))
#56 /Users/evills/developer/AudazPOS/vendor/laravel/framework/src/Illuminate/Pipeline/Pipeline.php(180): Barryvdh\\Debugbar\\Middleware\\InjectDebugbar->handle(Object(Illuminate\\Http\\Request), Object(Closure))
#57 /Users/evills/developer/AudazPOS/vendor/laravel/framework/src/Illuminate/Foundation/Http/Middleware/TransformsRequest.php(21): Illuminate\\Pipeline\\Pipeline->Illuminate\\Pipeline\\{closure}(Object(Illuminate\\Http\\Request))
#58 /Users/evills/developer/AudazPOS/vendor/laravel/framework/src/Illuminate/Foundation/Http/Middleware/ConvertEmptyStringsToNull.php(31): Illuminate\\Foundation\\Http\\Middleware\\TransformsRequest->handle(Object(Illuminate\\Http\\Request), Object(Closure))
#59 /Users/evills/developer/AudazPOS/vendor/laravel/framework/src/Illuminate/Pipeline/Pipeline.php(180): Illuminate\\Foundation\\Http\\Middleware\\ConvertEmptyStringsToNull->handle(Object(Illuminate\\Http\\Request), Object(Closure))
#60 /Users/evills/developer/AudazPOS/vendor/laravel/framework/src/Illuminate/Foundation/Http/Middleware/TransformsRequest.php(21): Illuminate\\Pipeline\\Pipeline->Illuminate\\Pipeline\\{closure}(Object(Illuminate\\Http\\Request))
#61 /Users/evills/developer/AudazPOS/vendor/laravel/framework/src/Illuminate/Foundation/Http/Middleware/TrimStrings.php(40): Illuminate\\Foundation\\Http\\Middleware\\TransformsRequest->handle(Object(Illuminate\\Http\\Request), Object(Closure))
#62 /Users/evills/developer/AudazPOS/vendor/laravel/framework/src/Illuminate/Pipeline/Pipeline.php(180): Illuminate\\Foundation\\Http\\Middleware\\TrimStrings->handle(Object(Illuminate\\Http\\Request), Object(Closure))
#63 /Users/evills/developer/AudazPOS/vendor/laravel/framework/src/Illuminate/Foundation/Http/Middleware/ValidatePostSize.php(27): Illuminate\\Pipeline\\Pipeline->Illuminate\\Pipeline\\{closure}(Object(Illuminate\\Http\\Request))
#64 /Users/evills/developer/AudazPOS/vendor/laravel/framework/src/Illuminate/Pipeline/Pipeline.php(180): Illuminate\\Foundation\\Http\\Middleware\\ValidatePostSize->handle(Object(Illuminate\\Http\\Request), Object(Closure))
#65 /Users/evills/developer/AudazPOS/vendor/laravel/framework/src/Illuminate/Foundation/Http/Middleware/PreventRequestsDuringMaintenance.php(86): Illuminate\\Pipeline\\Pipeline->Illuminate\\Pipeline\\{closure}(Object(Illuminate\\Http\\Request))
#66 /Users/evills/developer/AudazPOS/vendor/laravel/framework/src/Illuminate/Pipeline/Pipeline.php(180): Illuminate\\Foundation\\Http\\Middleware\\PreventRequestsDuringMaintenance->handle(Object(Illuminate\\Http\\Request), Object(Closure))
#67 /Users/evills/developer/AudazPOS/vendor/laravel/framework/src/Illuminate/Http/Middleware/HandleCors.php(49): Illuminate\\Pipeline\\Pipeline->Illuminate\\Pipeline\\{closure}(Object(Illuminate\\Http\\Request))
#68 /Users/evills/developer/AudazPOS/vendor/laravel/framework/src/Illuminate/Pipeline/Pipeline.php(180): Illuminate\\Http\\Middleware\\HandleCors->handle(Object(Illuminate\\Http\\Request), Object(Closure))
#69 /Users/evills/developer/AudazPOS/vendor/laravel/framework/src/Illuminate/Http/Middleware/TrustProxies.php(39): Illuminate\\Pipeline\\Pipeline->Illuminate\\Pipeline\\{closure}(Object(Illuminate\\Http\\Request))
#70 /Users/evills/developer/AudazPOS/vendor/laravel/framework/src/Illuminate/Pipeline/Pipeline.php(180): Illuminate\\Http\\Middleware\\TrustProxies->handle(Object(Illuminate\\Http\\Request), Object(Closure))
#71 /Users/evills/developer/AudazPOS/vendor/laravel/framework/src/Illuminate/Pipeline/Pipeline.php(116): Illuminate\\Pipeline\\Pipeline->Illuminate\\Pipeline\\{closure}(Object(Illuminate\\Http\\Request))
#72 /Users/evills/developer/AudazPOS/vendor/laravel/framework/src/Illuminate/Foundation/Http/Kernel.php(165): Illuminate\\Pipeline\\Pipeline->then(Object(Closure))
#73 /Users/evills/developer/AudazPOS/vendor/laravel/framework/src/Illuminate/Foundation/Http/Kernel.php(134): Illuminate\\Foundation\\Http\\Kernel->sendRequestThroughRouter(Object(Illuminate\\Http\\Request))
#74 /Users/evills/developer/AudazPOS/public/index.php(51): Illuminate\\Foundation\\Http\\Kernel->handle(Object(Illuminate\\Http\\Request))
#75 /Applications/Herd.app/Contents/Resources/valet/server.php(167): require('/Users/evills/d...')
#76 {main}

[previous exception] [object] (Illuminate\\Database\\QueryException(code: 2002): SQLSTATE[HY000] [2002] Connection refused (SQL: select `value`, `key` from `system` where `key` in (additional_js, additional_css)) at /Users/evills/developer/AudazPOS/vendor/laravel/framework/src/Illuminate/Database/Connection.php:760)
[stacktrace]
#0 /Users/evills/developer/AudazPOS/vendor/laravel/framework/src/Illuminate/Database/Connection.php(899): Illuminate\\Database\\Connection->runQueryCallback('select `value`,...', Array, Object(Closure))
#1 /Users/evills/developer/AudazPOS/vendor/laravel/framework/src/Illuminate/Database/Connection.php(878): Illuminate\\Database\\Connection->tryAgainIfCausedByLostConnection(Object(Illuminate\\Database\\QueryException), 'select `value`,...', Array, Object(Closure))
#2 /Users/evills/developer/AudazPOS/vendor/laravel/framework/src/Illuminate/Database/Connection.php(722): Illuminate\\Database\\Connection->handleQueryException(Object(Illuminate\\Database\\QueryException), 'select `value`,...', Array, Object(Closure))
#3 /Users/evills/developer/AudazPOS/vendor/laravel/framework/src/Illuminate/Database/Connection.php(405): Illuminate\\Database\\Connection->run('select `value`,...', Array, Object(Closure))
#4 /Users/evills/developer/AudazPOS/vendor/laravel/framework/src/Illuminate/Database/Query/Builder.php(2705): Illuminate\\Database\\Connection->select('select `value`,...', Array, true)
#5 /Users/evills/developer/AudazPOS/vendor/laravel/framework/src/Illuminate/Database/Query/Builder.php(2920): Illuminate\\Database\\Query\\Builder->runSelect()
#6 /Users/evills/developer/AudazPOS/vendor/laravel/framework/src/Illuminate/Database/Query/Builder.php(3230): Illuminate\\Database\\Query\\Builder->Illuminate\\Database\\Query\\{closure}()
#7 /Users/evills/developer/AudazPOS/vendor/laravel/framework/src/Illuminate/Database/Query/Builder.php(2916): Illuminate\\Database\\Query\\Builder->onceWithColumns(Array, Object(Closure))
#8 /Users/evills/developer/AudazPOS/vendor/laravel/framework/src/Illuminate/Database/Eloquent/Builder.php(860): Illuminate\\Database\\Query\\Builder->pluck('value', 'key')
#9 /Users/evills/developer/AudazPOS/app/System.php(58): Illuminate\\Database\\Eloquent\\Builder->pluck('value', 'key')
#10 /Users/evills/developer/AudazPOS/app/Providers/AppServiceProvider.php(99): App\\System::getProperties(Array, true)
#11 /Users/evills/developer/AudazPOS/vendor/laravel/framework/src/Illuminate/View/Concerns/ManagesEvents.php(162): App\\Providers\\AppServiceProvider->App\\Providers\\{closure}(Object(Illuminate\\View\\View))
#12 /Users/evills/developer/AudazPOS/vendor/laravel/framework/src/Illuminate/Events/Dispatcher.php(418): Illuminate\\View\\Factory->Illuminate\\View\\Concerns\\{closure}('composing: layo...', Array)
#13 /Users/evills/developer/AudazPOS/vendor/laravel/framework/src/Illuminate/Events/Dispatcher.php(249): Illuminate\\Events\\Dispatcher->Illuminate\\Events\\{closure}('composing: layo...', Array)
#14 /Users/evills/developer/AudazPOS/vendor/laravel/framework/src/Illuminate/View/Concerns/ManagesEvents.php(177): Illuminate\\Events\\Dispatcher->dispatch('composing: layo...', Array)
#15 /Users/evills/developer/AudazPOS/vendor/laravel/framework/src/Illuminate/View/View.php(176): Illuminate\\View\\Factory->callComposer(Object(Illuminate\\View\\View))
#16 /Users/evills/developer/AudazPOS/vendor/laravel/framework/src/Illuminate/View/View.php(147): Illuminate\\View\\View->renderContents()
#17 /Users/evills/developer/AudazPOS/storage/framework/views/1ccf6133b823725648c8fd2c3f82ead804f71f4a.php(18): Illuminate\\View\\View->render()
#18 /Users/evills/developer/AudazPOS/vendor/laravel/framework/src/Illuminate/Filesystem/Filesystem.php(109): require('/Users/evills/d...')
#19 /Users/evills/developer/AudazPOS/vendor/laravel/framework/src/Illuminate/Filesystem/Filesystem.php(110): Illuminate\\Filesystem\\Filesystem::Illuminate\\Filesystem\\{closure}()
#20 /Users/evills/developer/AudazPOS/vendor/laravel/framework/src/Illuminate/View/Engines/PhpEngine.php(58): Illuminate\\Filesystem\\Filesystem->getRequire('/Users/evills/d...', Array)
#21 /Users/evills/developer/AudazPOS/vendor/laravel/framework/src/Illuminate/View/Engines/CompilerEngine.php(70): Illuminate\\View\\Engines\\PhpEngine->evaluatePath('/Users/evills/d...', Array)
#22 /Users/evills/developer/AudazPOS/vendor/laravel/framework/src/Illuminate/View/View.php(195): Illuminate\\View\\Engines\\CompilerEngine->get('/Users/evills/d...', Array)
#23 /Users/evills/developer/AudazPOS/vendor/laravel/framework/src/Illuminate/View/View.php(178): Illuminate\\View\\View->getContents()
#24 /Users/evills/developer/AudazPOS/vendor/laravel/framework/src/Illuminate/View/View.php(147): Illuminate\\View\\View->renderContents()
#25 /Users/evills/developer/AudazPOS/vendor/laravel/framework/src/Illuminate/Http/Response.php(69): Illuminate\\View\\View->render()
#26 /Users/evills/developer/AudazPOS/vendor/laravel/framework/src/Illuminate/Http/Response.php(35): Illuminate\\Http\\Response->setContent(Object(Illuminate\\View\\View))
#27 /Users/evills/developer/AudazPOS/vendor/laravel/framework/src/Illuminate/Routing/Router.php(906): Illuminate\\Http\\Response->__construct(Object(Illuminate\\View\\View), 200, Array)
#28 /Users/evills/developer/AudazPOS/vendor/laravel/framework/src/Illuminate/Routing/Router.php(875): Illuminate\\Routing\\Router::toResponse(Object(Illuminate\\Http\\Request), Object(Illuminate\\View\\View))
#29 /Users/evills/developer/AudazPOS/vendor/laravel/framework/src/Illuminate/Routing/Router.php(797): Illuminate\\Routing\\Router->prepareResponse(Object(Illuminate\\Http\\Request), Object(Illuminate\\View\\View))
#30 /Users/evills/developer/AudazPOS/vendor/laravel/framework/src/Illuminate/Pipeline/Pipeline.php(141): Illuminate\\Routing\\Router->Illuminate\\Routing\\{closure}(Object(Illuminate\\Http\\Request))
#31 /Users/evills/developer/AudazPOS/app/Http/Middleware/IsInstalled.php(50): Illuminate\\Pipeline\\Pipeline->Illuminate\\Pipeline\\{closure}(Object(Illuminate\\Http\\Request))
#32 /Users/evills/developer/AudazPOS/vendor/laravel/framework/src/Illuminate/Pipeline/Pipeline.php(180): App\\Http\\Middleware\\IsInstalled->handle(Object(Illuminate\\Http\\Request), Object(Closure))
#33 /Users/evills/developer/AudazPOS/vendor/barryvdh/laravel-debugbar/src/Middleware/InjectDebugbar.php(59): Illuminate\\Pipeline\\Pipeline->Illuminate\\Pipeline\\{closure}(Object(Illuminate\\Http\\Request))
#34 /Users/evills/developer/AudazPOS/vendor/laravel/framework/src/Illuminate/Pipeline/Pipeline.php(180): Barryvdh\\Debugbar\\Middleware\\InjectDebugbar->handle(Object(Illuminate\\Http\\Request), Object(Closure))
#35 /Users/evills/developer/AudazPOS/vendor/laravel/framework/src/Illuminate/Routing/Middleware/SubstituteBindings.php(50): Illuminate\\Pipeline\\Pipeline->Illuminate\\Pipeline\\{closure}(Object(Illuminate\\Http\\Request))
#36 /Users/evills/developer/AudazPOS/vendor/laravel/framework/src/Illuminate/Pipeline/Pipeline.php(180): Illuminate\\Routing\\Middleware\\SubstituteBindings->handle(Object(Illuminate\\Http\\Request), Object(Closure))
#37 /Users/evills/developer/AudazPOS/vendor/laravel/framework/src/Illuminate/Foundation/Http/Middleware/VerifyCsrfToken.php(78): Illuminate\\Pipeline\\Pipeline->Illuminate\\Pipeline\\{closure}(Object(Illuminate\\Http\\Request))
#38 /Users/evills/developer/AudazPOS/vendor/laravel/framework/src/Illuminate/Pipeline/Pipeline.php(180): Illuminate\\Foundation\\Http\\Middleware\\VerifyCsrfToken->handle(Object(Illuminate\\Http\\Request), Object(Closure))
#39 /Users/evills/developer/AudazPOS/vendor/laravel/framework/src/Illuminate/View/Middleware/ShareErrorsFromSession.php(49): Illuminate\\Pipeline\\Pipeline->Illuminate\\Pipeline\\{closure}(Object(Illuminate\\Http\\Request))
#40 /Users/evills/developer/AudazPOS/vendor/laravel/framework/src/Illuminate/Pipeline/Pipeline.php(180): Illuminate\\View\\Middleware\\ShareErrorsFromSession->handle(Object(Illuminate\\Http\\Request), Object(Closure))
#41 /Users/evills/developer/AudazPOS/vendor/laravel/framework/src/Illuminate/Session/Middleware/StartSession.php(121): Illuminate\\Pipeline\\Pipeline->Illuminate\\Pipeline\\{closure}(Object(Illuminate\\Http\\Request))
#42 /Users/evills/developer/AudazPOS/vendor/laravel/framework/src/Illuminate/Session/Middleware/StartSession.php(64): Illuminate\\Session\\Middleware\\StartSession->handleStatefulRequest(Object(Illuminate\\Http\\Request), Object(Illuminate\\Session\\Store), Object(Closure))
#43 /Users/evills/developer/AudazPOS/vendor/laravel/framework/src/Illuminate/Pipeline/Pipeline.php(180): Illuminate\\Session\\Middleware\\StartSession->handle(Object(Illuminate\\Http\\Request), Object(Closure))
#44 /Users/evills/developer/AudazPOS/vendor/laravel/framework/src/Illuminate/Cookie/Middleware/AddQueuedCookiesToResponse.php(37): Illuminate\\Pipeline\\Pipeline->Illuminate\\Pipeline\\{closure}(Object(Illuminate\\Http\\Request))
#45 /Users/evills/developer/AudazPOS/vendor/laravel/framework/src/Illuminate/Pipeline/Pipeline.php(180): Illuminate\\Cookie\\Middleware\\AddQueuedCookiesToResponse->handle(Object(Illuminate\\Http\\Request), Object(Closure))
#46 /Users/evills/developer/AudazPOS/vendor/laravel/framework/src/Illuminate/Cookie/Middleware/EncryptCookies.php(67): Illuminate\\Pipeline\\Pipeline->Illuminate\\Pipeline\\{closure}(Object(Illuminate\\Http\\Request))
#47 /Users/evills/developer/AudazPOS/vendor/laravel/framework/src/Illuminate/Pipeline/Pipeline.php(180): Illuminate\\Cookie\\Middleware\\EncryptCookies->handle(Object(Illuminate\\Http\\Request), Object(Closure))
#48 /Users/evills/developer/AudazPOS/vendor/laravel/framework/src/Illuminate/Pipeline/Pipeline.php(116): Illuminate\\Pipeline\\Pipeline->Illuminate\\Pipeline\\{closure}(Object(Illuminate\\Http\\Request))
#49 /Users/evills/developer/AudazPOS/vendor/laravel/framework/src/Illuminate/Routing/Router.php(797): Illuminate\\Pipeline\\Pipeline->then(Object(Closure))
#50 /Users/evills/developer/AudazPOS/vendor/laravel/framework/src/Illuminate/Routing/Router.php(776): Illuminate\\Routing\\Router->runRouteWithinStack(Object(Illuminate\\Routing\\Route), Object(Illuminate\\Http\\Request))
#51 /Users/evills/developer/AudazPOS/vendor/laravel/framework/src/Illuminate/Routing/Router.php(740): Illuminate\\Routing\\Router->runRoute(Object(Illuminate\\Http\\Request), Object(Illuminate\\Routing\\Route))
#52 /Users/evills/developer/AudazPOS/vendor/laravel/framework/src/Illuminate/Routing/Router.php(729): Illuminate\\Routing\\Router->dispatchToRoute(Object(Illuminate\\Http\\Request))
#53 /Users/evills/developer/AudazPOS/vendor/laravel/framework/src/Illuminate/Foundation/Http/Kernel.php(190): Illuminate\\Routing\\Router->dispatch(Object(Illuminate\\Http\\Request))
#54 /Users/evills/developer/AudazPOS/vendor/laravel/framework/src/Illuminate/Pipeline/Pipeline.php(141): Illuminate\\Foundation\\Http\\Kernel->Illuminate\\Foundation\\Http\\{closure}(Object(Illuminate\\Http\\Request))
#55 /Users/evills/developer/AudazPOS/vendor/barryvdh/laravel-debugbar/src/Middleware/InjectDebugbar.php(59): Illuminate\\Pipeline\\Pipeline->Illuminate\\Pipeline\\{closure}(Object(Illuminate\\Http\\Request))
#56 /Users/evills/developer/AudazPOS/vendor/laravel/framework/src/Illuminate/Pipeline/Pipeline.php(180): Barryvdh\\Debugbar\\Middleware\\InjectDebugbar->handle(Object(Illuminate\\Http\\Request), Object(Closure))
#57 /Users/evills/developer/AudazPOS/vendor/laravel/framework/src/Illuminate/Foundation/Http/Middleware/TransformsRequest.php(21): Illuminate\\Pipeline\\Pipeline->Illuminate\\Pipeline\\{closure}(Object(Illuminate\\Http\\Request))
#58 /Users/evills/developer/AudazPOS/vendor/laravel/framework/src/Illuminate/Foundation/Http/Middleware/ConvertEmptyStringsToNull.php(31): Illuminate\\Foundation\\Http\\Middleware\\TransformsRequest->handle(Object(Illuminate\\Http\\Request), Object(Closure))
#59 /Users/evills/developer/AudazPOS/vendor/laravel/framework/src/Illuminate/Pipeline/Pipeline.php(180): Illuminate\\Foundation\\Http\\Middleware\\ConvertEmptyStringsToNull->handle(Object(Illuminate\\Http\\Request), Object(Closure))
#60 /Users/evills/developer/AudazPOS/vendor/laravel/framework/src/Illuminate/Foundation/Http/Middleware/TransformsRequest.php(21): Illuminate\\Pipeline\\Pipeline->Illuminate\\Pipeline\\{closure}(Object(Illuminate\\Http\\Request))
#61 /Users/evills/developer/AudazPOS/vendor/laravel/framework/src/Illuminate/Foundation/Http/Middleware/TrimStrings.php(40): Illuminate\\Foundation\\Http\\Middleware\\TransformsRequest->handle(Object(Illuminate\\Http\\Request), Object(Closure))
#62 /Users/evills/developer/AudazPOS/vendor/laravel/framework/src/Illuminate/Pipeline/Pipeline.php(180): Illuminate\\Foundation\\Http\\Middleware\\TrimStrings->handle(Object(Illuminate\\Http\\Request), Object(Closure))
#63 /Users/evills/developer/AudazPOS/vendor/laravel/framework/src/Illuminate/Foundation/Http/Middleware/ValidatePostSize.php(27): Illuminate\\Pipeline\\Pipeline->Illuminate\\Pipeline\\{closure}(Object(Illuminate\\Http\\Request))
#64 /Users/evills/developer/AudazPOS/vendor/laravel/framework/src/Illuminate/Pipeline/Pipeline.php(180): Illuminate\\Foundation\\Http\\Middleware\\ValidatePostSize->handle(Object(Illuminate\\Http\\Request), Object(Closure))
#65 /Users/evills/developer/AudazPOS/vendor/laravel/framework/src/Illuminate/Foundation/Http/Middleware/PreventRequestsDuringMaintenance.php(86): Illuminate\\Pipeline\\Pipeline->Illuminate\\Pipeline\\{closure}(Object(Illuminate\\Http\\Request))
#66 /Users/evills/developer/AudazPOS/vendor/laravel/framework/src/Illuminate/Pipeline/Pipeline.php(180): Illuminate\\Foundation\\Http\\Middleware\\PreventRequestsDuringMaintenance->handle(Object(Illuminate\\Http\\Request), Object(Closure))
#67 /Users/evills/developer/AudazPOS/vendor/laravel/framework/src/Illuminate/Http/Middleware/HandleCors.php(49): Illuminate\\Pipeline\\Pipeline->Illuminate\\Pipeline\\{closure}(Object(Illuminate\\Http\\Request))
#68 /Users/evills/developer/AudazPOS/vendor/laravel/framework/src/Illuminate/Pipeline/Pipeline.php(180): Illuminate\\Http\\Middleware\\HandleCors->handle(Object(Illuminate\\Http\\Request), Object(Closure))
#69 /Users/evills/developer/AudazPOS/vendor/laravel/framework/src/Illuminate/Http/Middleware/TrustProxies.php(39): Illuminate\\Pipeline\\Pipeline->Illuminate\\Pipeline\\{closure}(Object(Illuminate\\Http\\Request))
#70 /Users/evills/developer/AudazPOS/vendor/laravel/framework/src/Illuminate/Pipeline/Pipeline.php(180): Illuminate\\Http\\Middleware\\TrustProxies->handle(Object(Illuminate\\Http\\Request), Object(Closure))
#71 /Users/evills/developer/AudazPOS/vendor/laravel/framework/src/Illuminate/Pipeline/Pipeline.php(116): Illuminate\\Pipeline\\Pipeline->Illuminate\\Pipeline\\{closure}(Object(Illuminate\\Http\\Request))
#72 /Users/evills/developer/AudazPOS/vendor/laravel/framework/src/Illuminate/Foundation/Http/Kernel.php(165): Illuminate\\Pipeline\\Pipeline->then(Object(Closure))
#73 /Users/evills/developer/AudazPOS/vendor/laravel/framework/src/Illuminate/Foundation/Http/Kernel.php(134): Illuminate\\Foundation\\Http\\Kernel->sendRequestThroughRouter(Object(Illuminate\\Http\\Request))
#74 /Users/evills/developer/AudazPOS/public/index.php(51): Illuminate\\Foundation\\Http\\Kernel->handle(Object(Illuminate\\Http\\Request))
#75 /Applications/Herd.app/Contents/Resources/valet/server.php(167): require('/Users/evills/d...')
#76 {main}

[previous exception] [object] (PDOException(code: 2002): SQLSTATE[HY000] [2002] Connection refused at /Users/evills/developer/AudazPOS/vendor/laravel/framework/src/Illuminate/Database/Connectors/Connector.php:70)
[stacktrace]
#0 /Users/evills/developer/AudazPOS/vendor/laravel/framework/src/Illuminate/Database/Connectors/Connector.php(70): PDO->__construct('mysql:host=127....', 'root', Object(SensitiveParameterValue), Array)
#1 /Users/evills/developer/AudazPOS/vendor/laravel/framework/src/Illuminate/Database/Connectors/Connector.php(100): Illuminate\\Database\\Connectors\\Connector->createPdoConnection('mysql:host=127....', 'root', '', Array)
#2 /Users/evills/developer/AudazPOS/vendor/laravel/framework/src/Illuminate/Database/Connectors/Connector.php(49): Illuminate\\Database\\Connectors\\Connector->tryAgainIfCausedByLostConnection(Object(PDOException), 'mysql:host=127....', 'root', '', Array)
#3 /Users/evills/developer/AudazPOS/vendor/laravel/framework/src/Illuminate/Database/Connectors/MySqlConnector.php(24): Illuminate\\Database\\Connectors\\Connector->createConnection('mysql:host=127....', Array, Array)
#4 /Users/evills/developer/AudazPOS/vendor/laravel/framework/src/Illuminate/Database/Connectors/ConnectionFactory.php(184): Illuminate\\Database\\Connectors\\MySqlConnector->connect(Array)
#5 [internal function]: Illuminate\\Database\\Connectors\\ConnectionFactory->Illuminate\\Database\\Connectors\\{closure}()
#6 /Users/evills/developer/AudazPOS/vendor/laravel/framework/src/Illuminate/Database/Connection.php(1181): call_user_func(Object(Closure))
#7 /Users/evills/developer/AudazPOS/vendor/laravel/framework/src/Illuminate/Database/Connection.php(1217): Illuminate\\Database\\Connection->getPdo()
#8 /Users/evills/developer/AudazPOS/vendor/laravel/framework/src/Illuminate/Database/Connection.php(486): Illuminate\\Database\\Connection->getReadPdo()
#9 /Users/evills/developer/AudazPOS/vendor/laravel/framework/src/Illuminate/Database/Connection.php(414): Illuminate\\Database\\Connection->getPdoForSelect(true)
#10 /Users/evills/developer/AudazPOS/vendor/laravel/framework/src/Illuminate/Database/Connection.php(753): Illuminate\\Database\\Connection->Illuminate\\Database\\{closure}('select `value`,...', Array)
#11 /Users/evills/developer/AudazPOS/vendor/laravel/framework/src/Illuminate/Database/Connection.php(899): Illuminate\\Database\\Connection->runQueryCallback('select `value`,...', Array, Object(Closure))
#12 /Users/evills/developer/AudazPOS/vendor/laravel/framework/src/Illuminate/Database/Connection.php(878): Illuminate\\Database\\Connection->tryAgainIfCausedByLostConnection(Object(Illuminate\\Database\\QueryException), 'select `value`,...', Array, Object(Closure))
#13 /Users/evills/developer/AudazPOS/vendor/laravel/framework/src/Illuminate/Database/Connection.php(722): Illuminate\\Database\\Connection->handleQueryException(Object(Illuminate\\Database\\QueryException), 'select `value`,...', Array, Object(Closure))
#14 /Users/evills/developer/AudazPOS/vendor/laravel/framework/src/Illuminate/Database/Connection.php(405): Illuminate\\Database\\Connection->run('select `value`,...', Array, Object(Closure))
#15 /Users/evills/developer/AudazPOS/vendor/laravel/framework/src/Illuminate/Database/Query/Builder.php(2705): Illuminate\\Database\\Connection->select('select `value`,...', Array, true)
#16 /Users/evills/developer/AudazPOS/vendor/laravel/framework/src/Illuminate/Database/Query/Builder.php(2920): Illuminate\\Database\\Query\\Builder->runSelect()
#17 /Users/evills/developer/AudazPOS/vendor/laravel/framework/src/Illuminate/Database/Query/Builder.php(3230): Illuminate\\Database\\Query\\Builder->Illuminate\\Database\\Query\\{closure}()
#18 /Users/evills/developer/AudazPOS/vendor/laravel/framework/src/Illuminate/Database/Query/Builder.php(2916): Illuminate\\Database\\Query\\Builder->onceWithColumns(Array, Object(Closure))
#19 /Users/evills/developer/AudazPOS/vendor/laravel/framework/src/Illuminate/Database/Eloquent/Builder.php(860): Illuminate\\Database\\Query\\Builder->pluck('value', 'key')
#20 /Users/evills/developer/AudazPOS/app/System.php(58): Illuminate\\Database\\Eloquent\\Builder->pluck('value', 'key')
#21 /Users/evills/developer/AudazPOS/app/Providers/AppServiceProvider.php(99): App\\System::getProperties(Array, true)
#22 /Users/evills/developer/AudazPOS/vendor/laravel/framework/src/Illuminate/View/Concerns/ManagesEvents.php(162): App\\Providers\\AppServiceProvider->App\\Providers\\{closure}(Object(Illuminate\\View\\View))
#23 /Users/evills/developer/AudazPOS/vendor/laravel/framework/src/Illuminate/Events/Dispatcher.php(418): Illuminate\\View\\Factory->Illuminate\\View\\Concerns\\{closure}('composing: layo...', Array)
#24 /Users/evills/developer/AudazPOS/vendor/laravel/framework/src/Illuminate/Events/Dispatcher.php(249): Illuminate\\Events\\Dispatcher->Illuminate\\Events\\{closure}('composing: layo...', Array)
#25 /Users/evills/developer/AudazPOS/vendor/laravel/framework/src/Illuminate/View/Concerns/ManagesEvents.php(177): Illuminate\\Events\\Dispatcher->dispatch('composing: layo...', Array)
#26 /Users/evills/developer/AudazPOS/vendor/laravel/framework/src/Illuminate/View/View.php(176): Illuminate\\View\\Factory->callComposer(Object(Illuminate\\View\\View))
#27 /Users/evills/developer/AudazPOS/vendor/laravel/framework/src/Illuminate/View/View.php(147): Illuminate\\View\\View->renderContents()
#28 /Users/evills/developer/AudazPOS/storage/framework/views/1ccf6133b823725648c8fd2c3f82ead804f71f4a.php(18): Illuminate\\View\\View->render()
#29 /Users/evills/developer/AudazPOS/vendor/laravel/framework/src/Illuminate/Filesystem/Filesystem.php(109): require('/Users/evills/d...')
#30 /Users/evills/developer/AudazPOS/vendor/laravel/framework/src/Illuminate/Filesystem/Filesystem.php(110): Illuminate\\Filesystem\\Filesystem::Illuminate\\Filesystem\\{closure}()
#31 /Users/evills/developer/AudazPOS/vendor/laravel/framework/src/Illuminate/View/Engines/PhpEngine.php(58): Illuminate\\Filesystem\\Filesystem->getRequire('/Users/evills/d...', Array)
#32 /Users/evills/developer/AudazPOS/vendor/laravel/framework/src/Illuminate/View/Engines/CompilerEngine.php(70): Illuminate\\View\\Engines\\PhpEngine->evaluatePath('/Users/evills/d...', Array)
#33 /Users/evills/developer/AudazPOS/vendor/laravel/framework/src/Illuminate/View/View.php(195): Illuminate\\View\\Engines\\CompilerEngine->get('/Users/evills/d...', Array)
#34 /Users/evills/developer/AudazPOS/vendor/laravel/framework/src/Illuminate/View/View.php(178): Illuminate\\View\\View->getContents()
#35 /Users/evills/developer/AudazPOS/vendor/laravel/framework/src/Illuminate/View/View.php(147): Illuminate\\View\\View->renderContents()
#36 /Users/evills/developer/AudazPOS/vendor/laravel/framework/src/Illuminate/Http/Response.php(69): Illuminate\\View\\View->render()
#37 /Users/evills/developer/AudazPOS/vendor/laravel/framework/src/Illuminate/Http/Response.php(35): Illuminate\\Http\\Response->setContent(Object(Illuminate\\View\\View))
#38 /Users/evills/developer/AudazPOS/vendor/laravel/framework/src/Illuminate/Routing/Router.php(906): Illuminate\\Http\\Response->__construct(Object(Illuminate\\View\\View), 200, Array)
#39 /Users/evills/developer/AudazPOS/vendor/laravel/framework/src/Illuminate/Routing/Router.php(875): Illuminate\\Routing\\Router::toResponse(Object(Illuminate\\Http\\Request), Object(Illuminate\\View\\View))
#40 /Users/evills/developer/AudazPOS/vendor/laravel/framework/src/Illuminate/Routing/Router.php(797): Illuminate\\Routing\\Router->prepareResponse(Object(Illuminate\\Http\\Request), Object(Illuminate\\View\\View))
#41 /Users/evills/developer/AudazPOS/vendor/laravel/framework/src/Illuminate/Pipeline/Pipeline.php(141): Illuminate\\Routing\\Router->Illuminate\\Routing\\{closure}(Object(Illuminate\\Http\\Request))
#42 /Users/evills/developer/AudazPOS/app/Http/Middleware/IsInstalled.php(50): Illuminate\\Pipeline\\Pipeline->Illuminate\\Pipeline\\{closure}(Object(Illuminate\\Http\\Request))
#43 /Users/evills/developer/AudazPOS/vendor/laravel/framework/src/Illuminate/Pipeline/Pipeline.php(180): App\\Http\\Middleware\\IsInstalled->handle(Object(Illuminate\\Http\\Request), Object(Closure))
#44 /Users/evills/developer/AudazPOS/vendor/barryvdh/laravel-debugbar/src/Middleware/InjectDebugbar.php(59): Illuminate\\Pipeline\\Pipeline->Illuminate\\Pipeline\\{closure}(Object(Illuminate\\Http\\Request))
#45 /Users/evills/developer/AudazPOS/vendor/laravel/framework/src/Illuminate/Pipeline/Pipeline.php(180): Barryvdh\\Debugbar\\Middleware\\InjectDebugbar->handle(Object(Illuminate\\Http\\Request), Object(Closure))
#46 /Users/evills/developer/AudazPOS/vendor/laravel/framework/src/Illuminate/Routing/Middleware/SubstituteBindings.php(50): Illuminate\\Pipeline\\Pipeline->Illuminate\\Pipeline\\{closure}(Object(Illuminate\\Http\\Request))
#47 /Users/evills/developer/AudazPOS/vendor/laravel/framework/src/Illuminate/Pipeline/Pipeline.php(180): Illuminate\\Routing\\Middleware\\SubstituteBindings->handle(Object(Illuminate\\Http\\Request), Object(Closure))
#48 /Users/evills/developer/AudazPOS/vendor/laravel/framework/src/Illuminate/Foundation/Http/Middleware/VerifyCsrfToken.php(78): Illuminate\\Pipeline\\Pipeline->Illuminate\\Pipeline\\{closure}(Object(Illuminate\\Http\\Request))
#49 /Users/evills/developer/AudazPOS/vendor/laravel/framework/src/Illuminate/Pipeline/Pipeline.php(180): Illuminate\\Foundation\\Http\\Middleware\\VerifyCsrfToken->handle(Object(Illuminate\\Http\\Request), Object(Closure))
#50 /Users/evills/developer/AudazPOS/vendor/laravel/framework/src/Illuminate/View/Middleware/ShareErrorsFromSession.php(49): Illuminate\\Pipeline\\Pipeline->Illuminate\\Pipeline\\{closure}(Object(Illuminate\\Http\\Request))
#51 /Users/evills/developer/AudazPOS/vendor/laravel/framework/src/Illuminate/Pipeline/Pipeline.php(180): Illuminate\\View\\Middleware\\ShareErrorsFromSession->handle(Object(Illuminate\\Http\\Request), Object(Closure))
#52 /Users/evills/developer/AudazPOS/vendor/laravel/framework/src/Illuminate/Session/Middleware/StartSession.php(121): Illuminate\\Pipeline\\Pipeline->Illuminate\\Pipeline\\{closure}(Object(Illuminate\\Http\\Request))
#53 /Users/evills/developer/AudazPOS/vendor/laravel/framework/src/Illuminate/Session/Middleware/StartSession.php(64): Illuminate\\Session\\Middleware\\StartSession->handleStatefulRequest(Object(Illuminate\\Http\\Request), Object(Illuminate\\Session\\Store), Object(Closure))
#54 /Users/evills/developer/AudazPOS/vendor/laravel/framework/src/Illuminate/Pipeline/Pipeline.php(180): Illuminate\\Session\\Middleware\\StartSession->handle(Object(Illuminate\\Http\\Request), Object(Closure))
#55 /Users/evills/developer/AudazPOS/vendor/laravel/framework/src/Illuminate/Cookie/Middleware/AddQueuedCookiesToResponse.php(37): Illuminate\\Pipeline\\Pipeline->Illuminate\\Pipeline\\{closure}(Object(Illuminate\\Http\\Request))
#56 /Users/evills/developer/AudazPOS/vendor/laravel/framework/src/Illuminate/Pipeline/Pipeline.php(180): Illuminate\\Cookie\\Middleware\\AddQueuedCookiesToResponse->handle(Object(Illuminate\\Http\\Request), Object(Closure))
#57 /Users/evills/developer/AudazPOS/vendor/laravel/framework/src/Illuminate/Cookie/Middleware/EncryptCookies.php(67): Illuminate\\Pipeline\\Pipeline->Illuminate\\Pipeline\\{closure}(Object(Illuminate\\Http\\Request))
#58 /Users/evills/developer/AudazPOS/vendor/laravel/framework/src/Illuminate/Pipeline/Pipeline.php(180): Illuminate\\Cookie\\Middleware\\EncryptCookies->handle(Object(Illuminate\\Http\\Request), Object(Closure))
#59 /Users/evills/developer/AudazPOS/vendor/laravel/framework/src/Illuminate/Pipeline/Pipeline.php(116): Illuminate\\Pipeline\\Pipeline->Illuminate\\Pipeline\\{closure}(Object(Illuminate\\Http\\Request))
#60 /Users/evills/developer/AudazPOS/vendor/laravel/framework/src/Illuminate/Routing/Router.php(797): Illuminate\\Pipeline\\Pipeline->then(Object(Closure))
#61 /Users/evills/developer/AudazPOS/vendor/laravel/framework/src/Illuminate/Routing/Router.php(776): Illuminate\\Routing\\Router->runRouteWithinStack(Object(Illuminate\\Routing\\Route), Object(Illuminate\\Http\\Request))
#62 /Users/evills/developer/AudazPOS/vendor/laravel/framework/src/Illuminate/Routing/Router.php(740): Illuminate\\Routing\\Router->runRoute(Object(Illuminate\\Http\\Request), Object(Illuminate\\Routing\\Route))
#63 /Users/evills/developer/AudazPOS/vendor/laravel/framework/src/Illuminate/Routing/Router.php(729): Illuminate\\Routing\\Router->dispatchToRoute(Object(Illuminate\\Http\\Request))
#64 /Users/evills/developer/AudazPOS/vendor/laravel/framework/src/Illuminate/Foundation/Http/Kernel.php(190): Illuminate\\Routing\\Router->dispatch(Object(Illuminate\\Http\\Request))
#65 /Users/evills/developer/AudazPOS/vendor/laravel/framework/src/Illuminate/Pipeline/Pipeline.php(141): Illuminate\\Foundation\\Http\\Kernel->Illuminate\\Foundation\\Http\\{closure}(Object(Illuminate\\Http\\Request))
#66 /Users/evills/developer/AudazPOS/vendor/barryvdh/laravel-debugbar/src/Middleware/InjectDebugbar.php(59): Illuminate\\Pipeline\\Pipeline->Illuminate\\Pipeline\\{closure}(Object(Illuminate\\Http\\Request))
#67 /Users/evills/developer/AudazPOS/vendor/laravel/framework/src/Illuminate/Pipeline/Pipeline.php(180): Barryvdh\\Debugbar\\Middleware\\InjectDebugbar->handle(Object(Illuminate\\Http\\Request), Object(Closure))
#68 /Users/evills/developer/AudazPOS/vendor/laravel/framework/src/Illuminate/Foundation/Http/Middleware/TransformsRequest.php(21): Illuminate\\Pipeline\\Pipeline->Illuminate\\Pipeline\\{closure}(Object(Illuminate\\Http\\Request))
#69 /Users/evills/developer/AudazPOS/vendor/laravel/framework/src/Illuminate/Foundation/Http/Middleware/ConvertEmptyStringsToNull.php(31): Illuminate\\Foundation\\Http\\Middleware\\TransformsRequest->handle(Object(Illuminate\\Http\\Request), Object(Closure))
#70 /Users/evills/developer/AudazPOS/vendor/laravel/framework/src/Illuminate/Pipeline/Pipeline.php(180): Illuminate\\Foundation\\Http\\Middleware\\ConvertEmptyStringsToNull->handle(Object(Illuminate\\Http\\Request), Object(Closure))
#71 /Users/evills/developer/AudazPOS/vendor/laravel/framework/src/Illuminate/Foundation/Http/Middleware/TransformsRequest.php(21): Illuminate\\Pipeline\\Pipeline->Illuminate\\Pipeline\\{closure}(Object(Illuminate\\Http\\Request))
#72 /Users/evills/developer/AudazPOS/vendor/laravel/framework/src/Illuminate/Foundation/Http/Middleware/TrimStrings.php(40): Illuminate\\Foundation\\Http\\Middleware\\TransformsRequest->handle(Object(Illuminate\\Http\\Request), Object(Closure))
#73 /Users/evills/developer/AudazPOS/vendor/laravel/framework/src/Illuminate/Pipeline/Pipeline.php(180): Illuminate\\Foundation\\Http\\Middleware\\TrimStrings->handle(Object(Illuminate\\Http\\Request), Object(Closure))
#74 /Users/evills/developer/AudazPOS/vendor/laravel/framework/src/Illuminate/Foundation/Http/Middleware/ValidatePostSize.php(27): Illuminate\\Pipeline\\Pipeline->Illuminate\\Pipeline\\{closure}(Object(Illuminate\\Http\\Request))
#75 /Users/evills/developer/AudazPOS/vendor/laravel/framework/src/Illuminate/Pipeline/Pipeline.php(180): Illuminate\\Foundation\\Http\\Middleware\\ValidatePostSize->handle(Object(Illuminate\\Http\\Request), Object(Closure))
#76 /Users/evills/developer/AudazPOS/vendor/laravel/framework/src/Illuminate/Foundation/Http/Middleware/PreventRequestsDuringMaintenance.php(86): Illuminate\\Pipeline\\Pipeline->Illuminate\\Pipeline\\{closure}(Object(Illuminate\\Http\\Request))
#77 /Users/evills/developer/AudazPOS/vendor/laravel/framework/src/Illuminate/Pipeline/Pipeline.php(180): Illuminate\\Foundation\\Http\\Middleware\\PreventRequestsDuringMaintenance->handle(Object(Illuminate\\Http\\Request), Object(Closure))
#78 /Users/evills/developer/AudazPOS/vendor/laravel/framework/src/Illuminate/Http/Middleware/HandleCors.php(49): Illuminate\\Pipeline\\Pipeline->Illuminate\\Pipeline\\{closure}(Object(Illuminate\\Http\\Request))
#79 /Users/evills/developer/AudazPOS/vendor/laravel/framework/src/Illuminate/Pipeline/Pipeline.php(180): Illuminate\\Http\\Middleware\\HandleCors->handle(Object(Illuminate\\Http\\Request), Object(Closure))
#80 /Users/evills/developer/AudazPOS/vendor/laravel/framework/src/Illuminate/Http/Middleware/TrustProxies.php(39): Illuminate\\Pipeline\\Pipeline->Illuminate\\Pipeline\\{closure}(Object(Illuminate\\Http\\Request))
#81 /Users/evills/developer/AudazPOS/vendor/laravel/framework/src/Illuminate/Pipeline/Pipeline.php(180): Illuminate\\Http\\Middleware\\TrustProxies->handle(Object(Illuminate\\Http\\Request), Object(Closure))
#82 /Users/evills/developer/AudazPOS/vendor/laravel/framework/src/Illuminate/Pipeline/Pipeline.php(116): Illuminate\\Pipeline\\Pipeline->Illuminate\\Pipeline\\{closure}(Object(Illuminate\\Http\\Request))
#83 /Users/evills/developer/AudazPOS/vendor/laravel/framework/src/Illuminate/Foundation/Http/Kernel.php(165): Illuminate\\Pipeline\\Pipeline->then(Object(Closure))
#84 /Users/evills/developer/AudazPOS/vendor/laravel/framework/src/Illuminate/Foundation/Http/Kernel.php(134): Illuminate\\Foundation\\Http\\Kernel->sendRequestThroughRouter(Object(Illuminate\\Http\\Request))
#85 /Users/evills/developer/AudazPOS/public/index.php(51): Illuminate\\Foundation\\Http\\Kernel->handle(Object(Illuminate\\Http\\Request))
#86 /Applications/Herd.app/Contents/Resources/valet/server.php(167): require('/Users/evills/d...')
#87 {main}
"} 
[2025-05-26 19:03:11] local.ERROR: SQLSTATE[HY000] [2002] Connection refused (SQL: select `value`, `key` from `system` where `key` in (additional_js, additional_css)) {"view":{"view":"/Users/evills/developer/AudazPOS/resources/views/welcome.blade.php","data":{"asset_v":"<pre class=sf-dump id=sf-dump-1546508625 data-indent-pad=\"  \"><span class=sf-dump-num>670</span>
</pre><script>Sfdump(\"sf-dump-1546508625\", {\"maxDepth\":3,\"maxStringLength\":160})</script>
","errors":"<pre class=sf-dump id=sf-dump-589452101 data-indent-pad=\"  \"><span class=sf-dump-note>Illuminate\\Support\\ViewErrorBag</span> {<a class=sf-dump-ref>#2260</a><samp data-depth=1 class=sf-dump-expanded>
  #<span class=sf-dump-protected title=\"Protected property\">bags</span>: []
</samp>}
</pre><script>Sfdump(\"sf-dump-589452101\", {\"maxDepth\":3,\"maxStringLength\":160})</script>
","enabled_modules":"<pre class=sf-dump id=sf-dump-173549289 data-indent-pad=\"  \">[]
</pre><script>Sfdump(\"sf-dump-173549289\", {\"maxDepth\":3,\"maxStringLength\":160})</script>
","__is_pusher_enabled":"<pre class=sf-dump id=sf-dump-343714987 data-indent-pad=\"  \"><span class=sf-dump-const>false</span>
</pre><script>Sfdump(\"sf-dump-343714987\", {\"maxDepth\":3,\"maxStringLength\":160})</script>
"}},"exception":"[object] (Spatie\\LaravelIgnition\\Exceptions\\ViewException(code: 0): SQLSTATE[HY000] [2002] Connection refused (SQL: select `value`, `key` from `system` where `key` in (additional_js, additional_css)) at /Users/evills/developer/AudazPOS/vendor/laravel/framework/src/Illuminate/Database/Connection.php:760)
[stacktrace]
#0 /Users/evills/developer/AudazPOS/vendor/laravel/framework/src/Illuminate/Database/Connection.php(899): Illuminate\\Database\\Connection->runQueryCallback('select `value`,...', Array, Object(Closure))
#1 /Users/evills/developer/AudazPOS/vendor/laravel/framework/src/Illuminate/Database/Connection.php(878): Illuminate\\Database\\Connection->tryAgainIfCausedByLostConnection(Object(Illuminate\\Database\\QueryException), 'select `value`,...', Array, Object(Closure))
#2 /Users/evills/developer/AudazPOS/vendor/laravel/framework/src/Illuminate/Database/Connection.php(722): Illuminate\\Database\\Connection->handleQueryException(Object(Illuminate\\Database\\QueryException), 'select `value`,...', Array, Object(Closure))
#3 /Users/evills/developer/AudazPOS/vendor/laravel/framework/src/Illuminate/Database/Connection.php(405): Illuminate\\Database\\Connection->run('select `value`,...', Array, Object(Closure))
#4 /Users/evills/developer/AudazPOS/vendor/laravel/framework/src/Illuminate/Database/Query/Builder.php(2705): Illuminate\\Database\\Connection->select('select `value`,...', Array, true)
#5 /Users/evills/developer/AudazPOS/vendor/laravel/framework/src/Illuminate/Database/Query/Builder.php(2920): Illuminate\\Database\\Query\\Builder->runSelect()
#6 /Users/evills/developer/AudazPOS/vendor/laravel/framework/src/Illuminate/Database/Query/Builder.php(3230): Illuminate\\Database\\Query\\Builder->Illuminate\\Database\\Query\\{closure}()
#7 /Users/evills/developer/AudazPOS/vendor/laravel/framework/src/Illuminate/Database/Query/Builder.php(2916): Illuminate\\Database\\Query\\Builder->onceWithColumns(Array, Object(Closure))
#8 /Users/evills/developer/AudazPOS/vendor/laravel/framework/src/Illuminate/Database/Eloquent/Builder.php(860): Illuminate\\Database\\Query\\Builder->pluck('value', 'key')
#9 /Users/evills/developer/AudazPOS/app/System.php(58): Illuminate\\Database\\Eloquent\\Builder->pluck('value', 'key')
#10 /Users/evills/developer/AudazPOS/app/Providers/AppServiceProvider.php(99): App\\System::getProperties(Array, true)
#11 /Users/evills/developer/AudazPOS/vendor/laravel/framework/src/Illuminate/View/Concerns/ManagesEvents.php(162): App\\Providers\\AppServiceProvider->App\\Providers\\{closure}(Object(Illuminate\\View\\View))
#12 /Users/evills/developer/AudazPOS/vendor/laravel/framework/src/Illuminate/Events/Dispatcher.php(418): Illuminate\\View\\Factory->Illuminate\\View\\Concerns\\{closure}('composing: layo...', Array)
#13 /Users/evills/developer/AudazPOS/vendor/laravel/framework/src/Illuminate/Events/Dispatcher.php(249): Illuminate\\Events\\Dispatcher->Illuminate\\Events\\{closure}('composing: layo...', Array)
#14 /Users/evills/developer/AudazPOS/vendor/laravel/framework/src/Illuminate/View/Concerns/ManagesEvents.php(177): Illuminate\\Events\\Dispatcher->dispatch('composing: layo...', Array)
#15 /Users/evills/developer/AudazPOS/vendor/laravel/framework/src/Illuminate/View/View.php(176): Illuminate\\View\\Factory->callComposer(Object(Illuminate\\View\\View))
#16 /Users/evills/developer/AudazPOS/vendor/laravel/framework/src/Illuminate/View/View.php(147): Illuminate\\View\\View->renderContents()
#17 /Users/evills/developer/AudazPOS/resources/views/welcome.blade.php(15): Illuminate\\View\\View->render()
#18 /Users/evills/developer/AudazPOS/vendor/laravel/framework/src/Illuminate/Filesystem/Filesystem.php(109): require('/Users/evills/d...')
#19 /Users/evills/developer/AudazPOS/vendor/laravel/framework/src/Illuminate/Filesystem/Filesystem.php(110): Illuminate\\Filesystem\\Filesystem::Illuminate\\Filesystem\\{closure}()
#20 /Users/evills/developer/AudazPOS/vendor/laravel/framework/src/Illuminate/View/Engines/PhpEngine.php(58): Illuminate\\Filesystem\\Filesystem->getRequire('/Users/evills/d...', Array)
#21 /Users/evills/developer/AudazPOS/vendor/laravel/framework/src/Illuminate/View/Engines/CompilerEngine.php(70): Illuminate\\View\\Engines\\PhpEngine->evaluatePath('/Users/evills/d...', Array)
#22 /Users/evills/developer/AudazPOS/vendor/laravel/framework/src/Illuminate/View/View.php(195): Illuminate\\View\\Engines\\CompilerEngine->get('/Users/evills/d...', Array)
#23 /Users/evills/developer/AudazPOS/vendor/laravel/framework/src/Illuminate/View/View.php(178): Illuminate\\View\\View->getContents()
#24 /Users/evills/developer/AudazPOS/vendor/laravel/framework/src/Illuminate/View/View.php(147): Illuminate\\View\\View->renderContents()
#25 /Users/evills/developer/AudazPOS/vendor/laravel/framework/src/Illuminate/Http/Response.php(69): Illuminate\\View\\View->render()
#26 /Users/evills/developer/AudazPOS/vendor/laravel/framework/src/Illuminate/Http/Response.php(35): Illuminate\\Http\\Response->setContent(Object(Illuminate\\View\\View))
#27 /Users/evills/developer/AudazPOS/vendor/laravel/framework/src/Illuminate/Routing/Router.php(906): Illuminate\\Http\\Response->__construct(Object(Illuminate\\View\\View), 200, Array)
#28 /Users/evills/developer/AudazPOS/vendor/laravel/framework/src/Illuminate/Routing/Router.php(875): Illuminate\\Routing\\Router::toResponse(Object(Illuminate\\Http\\Request), Object(Illuminate\\View\\View))
#29 /Users/evills/developer/AudazPOS/vendor/laravel/framework/src/Illuminate/Routing/Router.php(797): Illuminate\\Routing\\Router->prepareResponse(Object(Illuminate\\Http\\Request), Object(Illuminate\\View\\View))
#30 /Users/evills/developer/AudazPOS/vendor/laravel/framework/src/Illuminate/Pipeline/Pipeline.php(141): Illuminate\\Routing\\Router->Illuminate\\Routing\\{closure}(Object(Illuminate\\Http\\Request))
#31 /Users/evills/developer/AudazPOS/app/Http/Middleware/IsInstalled.php(50): Illuminate\\Pipeline\\Pipeline->Illuminate\\Pipeline\\{closure}(Object(Illuminate\\Http\\Request))
#32 /Users/evills/developer/AudazPOS/vendor/laravel/framework/src/Illuminate/Pipeline/Pipeline.php(180): App\\Http\\Middleware\\IsInstalled->handle(Object(Illuminate\\Http\\Request), Object(Closure))
#33 /Users/evills/developer/AudazPOS/vendor/barryvdh/laravel-debugbar/src/Middleware/InjectDebugbar.php(59): Illuminate\\Pipeline\\Pipeline->Illuminate\\Pipeline\\{closure}(Object(Illuminate\\Http\\Request))
#34 /Users/evills/developer/AudazPOS/vendor/laravel/framework/src/Illuminate/Pipeline/Pipeline.php(180): Barryvdh\\Debugbar\\Middleware\\InjectDebugbar->handle(Object(Illuminate\\Http\\Request), Object(Closure))
#35 /Users/evills/developer/AudazPOS/vendor/laravel/framework/src/Illuminate/Routing/Middleware/SubstituteBindings.php(50): Illuminate\\Pipeline\\Pipeline->Illuminate\\Pipeline\\{closure}(Object(Illuminate\\Http\\Request))
#36 /Users/evills/developer/AudazPOS/vendor/laravel/framework/src/Illuminate/Pipeline/Pipeline.php(180): Illuminate\\Routing\\Middleware\\SubstituteBindings->handle(Object(Illuminate\\Http\\Request), Object(Closure))
#37 /Users/evills/developer/AudazPOS/vendor/laravel/framework/src/Illuminate/Foundation/Http/Middleware/VerifyCsrfToken.php(78): Illuminate\\Pipeline\\Pipeline->Illuminate\\Pipeline\\{closure}(Object(Illuminate\\Http\\Request))
#38 /Users/evills/developer/AudazPOS/vendor/laravel/framework/src/Illuminate/Pipeline/Pipeline.php(180): Illuminate\\Foundation\\Http\\Middleware\\VerifyCsrfToken->handle(Object(Illuminate\\Http\\Request), Object(Closure))
#39 /Users/evills/developer/AudazPOS/vendor/laravel/framework/src/Illuminate/View/Middleware/ShareErrorsFromSession.php(49): Illuminate\\Pipeline\\Pipeline->Illuminate\\Pipeline\\{closure}(Object(Illuminate\\Http\\Request))
#40 /Users/evills/developer/AudazPOS/vendor/laravel/framework/src/Illuminate/Pipeline/Pipeline.php(180): Illuminate\\View\\Middleware\\ShareErrorsFromSession->handle(Object(Illuminate\\Http\\Request), Object(Closure))
#41 /Users/evills/developer/AudazPOS/vendor/laravel/framework/src/Illuminate/Session/Middleware/StartSession.php(121): Illuminate\\Pipeline\\Pipeline->Illuminate\\Pipeline\\{closure}(Object(Illuminate\\Http\\Request))
#42 /Users/evills/developer/AudazPOS/vendor/laravel/framework/src/Illuminate/Session/Middleware/StartSession.php(64): Illuminate\\Session\\Middleware\\StartSession->handleStatefulRequest(Object(Illuminate\\Http\\Request), Object(Illuminate\\Session\\Store), Object(Closure))
#43 /Users/evills/developer/AudazPOS/vendor/laravel/framework/src/Illuminate/Pipeline/Pipeline.php(180): Illuminate\\Session\\Middleware\\StartSession->handle(Object(Illuminate\\Http\\Request), Object(Closure))
#44 /Users/evills/developer/AudazPOS/vendor/laravel/framework/src/Illuminate/Cookie/Middleware/AddQueuedCookiesToResponse.php(37): Illuminate\\Pipeline\\Pipeline->Illuminate\\Pipeline\\{closure}(Object(Illuminate\\Http\\Request))
#45 /Users/evills/developer/AudazPOS/vendor/laravel/framework/src/Illuminate/Pipeline/Pipeline.php(180): Illuminate\\Cookie\\Middleware\\AddQueuedCookiesToResponse->handle(Object(Illuminate\\Http\\Request), Object(Closure))
#46 /Users/evills/developer/AudazPOS/vendor/laravel/framework/src/Illuminate/Cookie/Middleware/EncryptCookies.php(67): Illuminate\\Pipeline\\Pipeline->Illuminate\\Pipeline\\{closure}(Object(Illuminate\\Http\\Request))
#47 /Users/evills/developer/AudazPOS/vendor/laravel/framework/src/Illuminate/Pipeline/Pipeline.php(180): Illuminate\\Cookie\\Middleware\\EncryptCookies->handle(Object(Illuminate\\Http\\Request), Object(Closure))
#48 /Users/evills/developer/AudazPOS/vendor/laravel/framework/src/Illuminate/Pipeline/Pipeline.php(116): Illuminate\\Pipeline\\Pipeline->Illuminate\\Pipeline\\{closure}(Object(Illuminate\\Http\\Request))
#49 /Users/evills/developer/AudazPOS/vendor/laravel/framework/src/Illuminate/Routing/Router.php(797): Illuminate\\Pipeline\\Pipeline->then(Object(Closure))
#50 /Users/evills/developer/AudazPOS/vendor/laravel/framework/src/Illuminate/Routing/Router.php(776): Illuminate\\Routing\\Router->runRouteWithinStack(Object(Illuminate\\Routing\\Route), Object(Illuminate\\Http\\Request))
#51 /Users/evills/developer/AudazPOS/vendor/laravel/framework/src/Illuminate/Routing/Router.php(740): Illuminate\\Routing\\Router->runRoute(Object(Illuminate\\Http\\Request), Object(Illuminate\\Routing\\Route))
#52 /Users/evills/developer/AudazPOS/vendor/laravel/framework/src/Illuminate/Routing/Router.php(729): Illuminate\\Routing\\Router->dispatchToRoute(Object(Illuminate\\Http\\Request))
#53 /Users/evills/developer/AudazPOS/vendor/laravel/framework/src/Illuminate/Foundation/Http/Kernel.php(190): Illuminate\\Routing\\Router->dispatch(Object(Illuminate\\Http\\Request))
#54 /Users/evills/developer/AudazPOS/vendor/laravel/framework/src/Illuminate/Pipeline/Pipeline.php(141): Illuminate\\Foundation\\Http\\Kernel->Illuminate\\Foundation\\Http\\{closure}(Object(Illuminate\\Http\\Request))
#55 /Users/evills/developer/AudazPOS/vendor/barryvdh/laravel-debugbar/src/Middleware/InjectDebugbar.php(59): Illuminate\\Pipeline\\Pipeline->Illuminate\\Pipeline\\{closure}(Object(Illuminate\\Http\\Request))
#56 /Users/evills/developer/AudazPOS/vendor/laravel/framework/src/Illuminate/Pipeline/Pipeline.php(180): Barryvdh\\Debugbar\\Middleware\\InjectDebugbar->handle(Object(Illuminate\\Http\\Request), Object(Closure))
#57 /Users/evills/developer/AudazPOS/vendor/laravel/framework/src/Illuminate/Foundation/Http/Middleware/TransformsRequest.php(21): Illuminate\\Pipeline\\Pipeline->Illuminate\\Pipeline\\{closure}(Object(Illuminate\\Http\\Request))
#58 /Users/evills/developer/AudazPOS/vendor/laravel/framework/src/Illuminate/Foundation/Http/Middleware/ConvertEmptyStringsToNull.php(31): Illuminate\\Foundation\\Http\\Middleware\\TransformsRequest->handle(Object(Illuminate\\Http\\Request), Object(Closure))
#59 /Users/evills/developer/AudazPOS/vendor/laravel/framework/src/Illuminate/Pipeline/Pipeline.php(180): Illuminate\\Foundation\\Http\\Middleware\\ConvertEmptyStringsToNull->handle(Object(Illuminate\\Http\\Request), Object(Closure))
#60 /Users/evills/developer/AudazPOS/vendor/laravel/framework/src/Illuminate/Foundation/Http/Middleware/TransformsRequest.php(21): Illuminate\\Pipeline\\Pipeline->Illuminate\\Pipeline\\{closure}(Object(Illuminate\\Http\\Request))
#61 /Users/evills/developer/AudazPOS/vendor/laravel/framework/src/Illuminate/Foundation/Http/Middleware/TrimStrings.php(40): Illuminate\\Foundation\\Http\\Middleware\\TransformsRequest->handle(Object(Illuminate\\Http\\Request), Object(Closure))
#62 /Users/evills/developer/AudazPOS/vendor/laravel/framework/src/Illuminate/Pipeline/Pipeline.php(180): Illuminate\\Foundation\\Http\\Middleware\\TrimStrings->handle(Object(Illuminate\\Http\\Request), Object(Closure))
#63 /Users/evills/developer/AudazPOS/vendor/laravel/framework/src/Illuminate/Foundation/Http/Middleware/ValidatePostSize.php(27): Illuminate\\Pipeline\\Pipeline->Illuminate\\Pipeline\\{closure}(Object(Illuminate\\Http\\Request))
#64 /Users/evills/developer/AudazPOS/vendor/laravel/framework/src/Illuminate/Pipeline/Pipeline.php(180): Illuminate\\Foundation\\Http\\Middleware\\ValidatePostSize->handle(Object(Illuminate\\Http\\Request), Object(Closure))
#65 /Users/evills/developer/AudazPOS/vendor/laravel/framework/src/Illuminate/Foundation/Http/Middleware/PreventRequestsDuringMaintenance.php(86): Illuminate\\Pipeline\\Pipeline->Illuminate\\Pipeline\\{closure}(Object(Illuminate\\Http\\Request))
#66 /Users/evills/developer/AudazPOS/vendor/laravel/framework/src/Illuminate/Pipeline/Pipeline.php(180): Illuminate\\Foundation\\Http\\Middleware\\PreventRequestsDuringMaintenance->handle(Object(Illuminate\\Http\\Request), Object(Closure))
#67 /Users/evills/developer/AudazPOS/vendor/laravel/framework/src/Illuminate/Http/Middleware/HandleCors.php(49): Illuminate\\Pipeline\\Pipeline->Illuminate\\Pipeline\\{closure}(Object(Illuminate\\Http\\Request))
#68 /Users/evills/developer/AudazPOS/vendor/laravel/framework/src/Illuminate/Pipeline/Pipeline.php(180): Illuminate\\Http\\Middleware\\HandleCors->handle(Object(Illuminate\\Http\\Request), Object(Closure))
#69 /Users/evills/developer/AudazPOS/vendor/laravel/framework/src/Illuminate/Http/Middleware/TrustProxies.php(39): Illuminate\\Pipeline\\Pipeline->Illuminate\\Pipeline\\{closure}(Object(Illuminate\\Http\\Request))
#70 /Users/evills/developer/AudazPOS/vendor/laravel/framework/src/Illuminate/Pipeline/Pipeline.php(180): Illuminate\\Http\\Middleware\\TrustProxies->handle(Object(Illuminate\\Http\\Request), Object(Closure))
#71 /Users/evills/developer/AudazPOS/vendor/laravel/framework/src/Illuminate/Pipeline/Pipeline.php(116): Illuminate\\Pipeline\\Pipeline->Illuminate\\Pipeline\\{closure}(Object(Illuminate\\Http\\Request))
#72 /Users/evills/developer/AudazPOS/vendor/laravel/framework/src/Illuminate/Foundation/Http/Kernel.php(165): Illuminate\\Pipeline\\Pipeline->then(Object(Closure))
#73 /Users/evills/developer/AudazPOS/vendor/laravel/framework/src/Illuminate/Foundation/Http/Kernel.php(134): Illuminate\\Foundation\\Http\\Kernel->sendRequestThroughRouter(Object(Illuminate\\Http\\Request))
#74 /Users/evills/developer/AudazPOS/public/index.php(51): Illuminate\\Foundation\\Http\\Kernel->handle(Object(Illuminate\\Http\\Request))
#75 /Applications/Herd.app/Contents/Resources/valet/server.php(167): require('/Users/evills/d...')
#76 {main}

[previous exception] [object] (Illuminate\\Database\\QueryException(code: 2002): SQLSTATE[HY000] [2002] Connection refused (SQL: select `value`, `key` from `system` where `key` in (additional_js, additional_css)) at /Users/evills/developer/AudazPOS/vendor/laravel/framework/src/Illuminate/Database/Connection.php:760)
[stacktrace]
#0 /Users/evills/developer/AudazPOS/vendor/laravel/framework/src/Illuminate/Database/Connection.php(899): Illuminate\\Database\\Connection->runQueryCallback('select `value`,...', Array, Object(Closure))
#1 /Users/evills/developer/AudazPOS/vendor/laravel/framework/src/Illuminate/Database/Connection.php(878): Illuminate\\Database\\Connection->tryAgainIfCausedByLostConnection(Object(Illuminate\\Database\\QueryException), 'select `value`,...', Array, Object(Closure))
#2 /Users/evills/developer/AudazPOS/vendor/laravel/framework/src/Illuminate/Database/Connection.php(722): Illuminate\\Database\\Connection->handleQueryException(Object(Illuminate\\Database\\QueryException), 'select `value`,...', Array, Object(Closure))
#3 /Users/evills/developer/AudazPOS/vendor/laravel/framework/src/Illuminate/Database/Connection.php(405): Illuminate\\Database\\Connection->run('select `value`,...', Array, Object(Closure))
#4 /Users/evills/developer/AudazPOS/vendor/laravel/framework/src/Illuminate/Database/Query/Builder.php(2705): Illuminate\\Database\\Connection->select('select `value`,...', Array, true)
#5 /Users/evills/developer/AudazPOS/vendor/laravel/framework/src/Illuminate/Database/Query/Builder.php(2920): Illuminate\\Database\\Query\\Builder->runSelect()
#6 /Users/evills/developer/AudazPOS/vendor/laravel/framework/src/Illuminate/Database/Query/Builder.php(3230): Illuminate\\Database\\Query\\Builder->Illuminate\\Database\\Query\\{closure}()
#7 /Users/evills/developer/AudazPOS/vendor/laravel/framework/src/Illuminate/Database/Query/Builder.php(2916): Illuminate\\Database\\Query\\Builder->onceWithColumns(Array, Object(Closure))
#8 /Users/evills/developer/AudazPOS/vendor/laravel/framework/src/Illuminate/Database/Eloquent/Builder.php(860): Illuminate\\Database\\Query\\Builder->pluck('value', 'key')
#9 /Users/evills/developer/AudazPOS/app/System.php(58): Illuminate\\Database\\Eloquent\\Builder->pluck('value', 'key')
#10 /Users/evills/developer/AudazPOS/app/Providers/AppServiceProvider.php(99): App\\System::getProperties(Array, true)
#11 /Users/evills/developer/AudazPOS/vendor/laravel/framework/src/Illuminate/View/Concerns/ManagesEvents.php(162): App\\Providers\\AppServiceProvider->App\\Providers\\{closure}(Object(Illuminate\\View\\View))
#12 /Users/evills/developer/AudazPOS/vendor/laravel/framework/src/Illuminate/Events/Dispatcher.php(418): Illuminate\\View\\Factory->Illuminate\\View\\Concerns\\{closure}('composing: layo...', Array)
#13 /Users/evills/developer/AudazPOS/vendor/laravel/framework/src/Illuminate/Events/Dispatcher.php(249): Illuminate\\Events\\Dispatcher->Illuminate\\Events\\{closure}('composing: layo...', Array)
#14 /Users/evills/developer/AudazPOS/vendor/laravel/framework/src/Illuminate/View/Concerns/ManagesEvents.php(177): Illuminate\\Events\\Dispatcher->dispatch('composing: layo...', Array)
#15 /Users/evills/developer/AudazPOS/vendor/laravel/framework/src/Illuminate/View/View.php(176): Illuminate\\View\\Factory->callComposer(Object(Illuminate\\View\\View))
#16 /Users/evills/developer/AudazPOS/vendor/laravel/framework/src/Illuminate/View/View.php(147): Illuminate\\View\\View->renderContents()
#17 /Users/evills/developer/AudazPOS/storage/framework/views/1ccf6133b823725648c8fd2c3f82ead804f71f4a.php(18): Illuminate\\View\\View->render()
#18 /Users/evills/developer/AudazPOS/vendor/laravel/framework/src/Illuminate/Filesystem/Filesystem.php(109): require('/Users/evills/d...')
#19 /Users/evills/developer/AudazPOS/vendor/laravel/framework/src/Illuminate/Filesystem/Filesystem.php(110): Illuminate\\Filesystem\\Filesystem::Illuminate\\Filesystem\\{closure}()
#20 /Users/evills/developer/AudazPOS/vendor/laravel/framework/src/Illuminate/View/Engines/PhpEngine.php(58): Illuminate\\Filesystem\\Filesystem->getRequire('/Users/evills/d...', Array)
#21 /Users/evills/developer/AudazPOS/vendor/laravel/framework/src/Illuminate/View/Engines/CompilerEngine.php(70): Illuminate\\View\\Engines\\PhpEngine->evaluatePath('/Users/evills/d...', Array)
#22 /Users/evills/developer/AudazPOS/vendor/laravel/framework/src/Illuminate/View/View.php(195): Illuminate\\View\\Engines\\CompilerEngine->get('/Users/evills/d...', Array)
#23 /Users/evills/developer/AudazPOS/vendor/laravel/framework/src/Illuminate/View/View.php(178): Illuminate\\View\\View->getContents()
#24 /Users/evills/developer/AudazPOS/vendor/laravel/framework/src/Illuminate/View/View.php(147): Illuminate\\View\\View->renderContents()
#25 /Users/evills/developer/AudazPOS/vendor/laravel/framework/src/Illuminate/Http/Response.php(69): Illuminate\\View\\View->render()
#26 /Users/evills/developer/AudazPOS/vendor/laravel/framework/src/Illuminate/Http/Response.php(35): Illuminate\\Http\\Response->setContent(Object(Illuminate\\View\\View))
#27 /Users/evills/developer/AudazPOS/vendor/laravel/framework/src/Illuminate/Routing/Router.php(906): Illuminate\\Http\\Response->__construct(Object(Illuminate\\View\\View), 200, Array)
#28 /Users/evills/developer/AudazPOS/vendor/laravel/framework/src/Illuminate/Routing/Router.php(875): Illuminate\\Routing\\Router::toResponse(Object(Illuminate\\Http\\Request), Object(Illuminate\\View\\View))
#29 /Users/evills/developer/AudazPOS/vendor/laravel/framework/src/Illuminate/Routing/Router.php(797): Illuminate\\Routing\\Router->prepareResponse(Object(Illuminate\\Http\\Request), Object(Illuminate\\View\\View))
#30 /Users/evills/developer/AudazPOS/vendor/laravel/framework/src/Illuminate/Pipeline/Pipeline.php(141): Illuminate\\Routing\\Router->Illuminate\\Routing\\{closure}(Object(Illuminate\\Http\\Request))
#31 /Users/evills/developer/AudazPOS/app/Http/Middleware/IsInstalled.php(50): Illuminate\\Pipeline\\Pipeline->Illuminate\\Pipeline\\{closure}(Object(Illuminate\\Http\\Request))
#32 /Users/evills/developer/AudazPOS/vendor/laravel/framework/src/Illuminate/Pipeline/Pipeline.php(180): App\\Http\\Middleware\\IsInstalled->handle(Object(Illuminate\\Http\\Request), Object(Closure))
#33 /Users/evills/developer/AudazPOS/vendor/barryvdh/laravel-debugbar/src/Middleware/InjectDebugbar.php(59): Illuminate\\Pipeline\\Pipeline->Illuminate\\Pipeline\\{closure}(Object(Illuminate\\Http\\Request))
#34 /Users/evills/developer/AudazPOS/vendor/laravel/framework/src/Illuminate/Pipeline/Pipeline.php(180): Barryvdh\\Debugbar\\Middleware\\InjectDebugbar->handle(Object(Illuminate\\Http\\Request), Object(Closure))
#35 /Users/evills/developer/AudazPOS/vendor/laravel/framework/src/Illuminate/Routing/Middleware/SubstituteBindings.php(50): Illuminate\\Pipeline\\Pipeline->Illuminate\\Pipeline\\{closure}(Object(Illuminate\\Http\\Request))
#36 /Users/evills/developer/AudazPOS/vendor/laravel/framework/src/Illuminate/Pipeline/Pipeline.php(180): Illuminate\\Routing\\Middleware\\SubstituteBindings->handle(Object(Illuminate\\Http\\Request), Object(Closure))
#37 /Users/evills/developer/AudazPOS/vendor/laravel/framework/src/Illuminate/Foundation/Http/Middleware/VerifyCsrfToken.php(78): Illuminate\\Pipeline\\Pipeline->Illuminate\\Pipeline\\{closure}(Object(Illuminate\\Http\\Request))
#38 /Users/evills/developer/AudazPOS/vendor/laravel/framework/src/Illuminate/Pipeline/Pipeline.php(180): Illuminate\\Foundation\\Http\\Middleware\\VerifyCsrfToken->handle(Object(Illuminate\\Http\\Request), Object(Closure))
#39 /Users/evills/developer/AudazPOS/vendor/laravel/framework/src/Illuminate/View/Middleware/ShareErrorsFromSession.php(49): Illuminate\\Pipeline\\Pipeline->Illuminate\\Pipeline\\{closure}(Object(Illuminate\\Http\\Request))
#40 /Users/evills/developer/AudazPOS/vendor/laravel/framework/src/Illuminate/Pipeline/Pipeline.php(180): Illuminate\\View\\Middleware\\ShareErrorsFromSession->handle(Object(Illuminate\\Http\\Request), Object(Closure))
#41 /Users/evills/developer/AudazPOS/vendor/laravel/framework/src/Illuminate/Session/Middleware/StartSession.php(121): Illuminate\\Pipeline\\Pipeline->Illuminate\\Pipeline\\{closure}(Object(Illuminate\\Http\\Request))
#42 /Users/evills/developer/AudazPOS/vendor/laravel/framework/src/Illuminate/Session/Middleware/StartSession.php(64): Illuminate\\Session\\Middleware\\StartSession->handleStatefulRequest(Object(Illuminate\\Http\\Request), Object(Illuminate\\Session\\Store), Object(Closure))
#43 /Users/evills/developer/AudazPOS/vendor/laravel/framework/src/Illuminate/Pipeline/Pipeline.php(180): Illuminate\\Session\\Middleware\\StartSession->handle(Object(Illuminate\\Http\\Request), Object(Closure))
#44 /Users/evills/developer/AudazPOS/vendor/laravel/framework/src/Illuminate/Cookie/Middleware/AddQueuedCookiesToResponse.php(37): Illuminate\\Pipeline\\Pipeline->Illuminate\\Pipeline\\{closure}(Object(Illuminate\\Http\\Request))
#45 /Users/evills/developer/AudazPOS/vendor/laravel/framework/src/Illuminate/Pipeline/Pipeline.php(180): Illuminate\\Cookie\\Middleware\\AddQueuedCookiesToResponse->handle(Object(Illuminate\\Http\\Request), Object(Closure))
#46 /Users/evills/developer/AudazPOS/vendor/laravel/framework/src/Illuminate/Cookie/Middleware/EncryptCookies.php(67): Illuminate\\Pipeline\\Pipeline->Illuminate\\Pipeline\\{closure}(Object(Illuminate\\Http\\Request))
#47 /Users/evills/developer/AudazPOS/vendor/laravel/framework/src/Illuminate/Pipeline/Pipeline.php(180): Illuminate\\Cookie\\Middleware\\EncryptCookies->handle(Object(Illuminate\\Http\\Request), Object(Closure))
#48 /Users/evills/developer/AudazPOS/vendor/laravel/framework/src/Illuminate/Pipeline/Pipeline.php(116): Illuminate\\Pipeline\\Pipeline->Illuminate\\Pipeline\\{closure}(Object(Illuminate\\Http\\Request))
#49 /Users/evills/developer/AudazPOS/vendor/laravel/framework/src/Illuminate/Routing/Router.php(797): Illuminate\\Pipeline\\Pipeline->then(Object(Closure))
#50 /Users/evills/developer/AudazPOS/vendor/laravel/framework/src/Illuminate/Routing/Router.php(776): Illuminate\\Routing\\Router->runRouteWithinStack(Object(Illuminate\\Routing\\Route), Object(Illuminate\\Http\\Request))
#51 /Users/evills/developer/AudazPOS/vendor/laravel/framework/src/Illuminate/Routing/Router.php(740): Illuminate\\Routing\\Router->runRoute(Object(Illuminate\\Http\\Request), Object(Illuminate\\Routing\\Route))
#52 /Users/evills/developer/AudazPOS/vendor/laravel/framework/src/Illuminate/Routing/Router.php(729): Illuminate\\Routing\\Router->dispatchToRoute(Object(Illuminate\\Http\\Request))
#53 /Users/evills/developer/AudazPOS/vendor/laravel/framework/src/Illuminate/Foundation/Http/Kernel.php(190): Illuminate\\Routing\\Router->dispatch(Object(Illuminate\\Http\\Request))
#54 /Users/evills/developer/AudazPOS/vendor/laravel/framework/src/Illuminate/Pipeline/Pipeline.php(141): Illuminate\\Foundation\\Http\\Kernel->Illuminate\\Foundation\\Http\\{closure}(Object(Illuminate\\Http\\Request))
#55 /Users/evills/developer/AudazPOS/vendor/barryvdh/laravel-debugbar/src/Middleware/InjectDebugbar.php(59): Illuminate\\Pipeline\\Pipeline->Illuminate\\Pipeline\\{closure}(Object(Illuminate\\Http\\Request))
#56 /Users/evills/developer/AudazPOS/vendor/laravel/framework/src/Illuminate/Pipeline/Pipeline.php(180): Barryvdh\\Debugbar\\Middleware\\InjectDebugbar->handle(Object(Illuminate\\Http\\Request), Object(Closure))
#57 /Users/evills/developer/AudazPOS/vendor/laravel/framework/src/Illuminate/Foundation/Http/Middleware/TransformsRequest.php(21): Illuminate\\Pipeline\\Pipeline->Illuminate\\Pipeline\\{closure}(Object(Illuminate\\Http\\Request))
#58 /Users/evills/developer/AudazPOS/vendor/laravel/framework/src/Illuminate/Foundation/Http/Middleware/ConvertEmptyStringsToNull.php(31): Illuminate\\Foundation\\Http\\Middleware\\TransformsRequest->handle(Object(Illuminate\\Http\\Request), Object(Closure))
#59 /Users/evills/developer/AudazPOS/vendor/laravel/framework/src/Illuminate/Pipeline/Pipeline.php(180): Illuminate\\Foundation\\Http\\Middleware\\ConvertEmptyStringsToNull->handle(Object(Illuminate\\Http\\Request), Object(Closure))
#60 /Users/evills/developer/AudazPOS/vendor/laravel/framework/src/Illuminate/Foundation/Http/Middleware/TransformsRequest.php(21): Illuminate\\Pipeline\\Pipeline->Illuminate\\Pipeline\\{closure}(Object(Illuminate\\Http\\Request))
#61 /Users/evills/developer/AudazPOS/vendor/laravel/framework/src/Illuminate/Foundation/Http/Middleware/TrimStrings.php(40): Illuminate\\Foundation\\Http\\Middleware\\TransformsRequest->handle(Object(Illuminate\\Http\\Request), Object(Closure))
#62 /Users/evills/developer/AudazPOS/vendor/laravel/framework/src/Illuminate/Pipeline/Pipeline.php(180): Illuminate\\Foundation\\Http\\Middleware\\TrimStrings->handle(Object(Illuminate\\Http\\Request), Object(Closure))
#63 /Users/evills/developer/AudazPOS/vendor/laravel/framework/src/Illuminate/Foundation/Http/Middleware/ValidatePostSize.php(27): Illuminate\\Pipeline\\Pipeline->Illuminate\\Pipeline\\{closure}(Object(Illuminate\\Http\\Request))
#64 /Users/evills/developer/AudazPOS/vendor/laravel/framework/src/Illuminate/Pipeline/Pipeline.php(180): Illuminate\\Foundation\\Http\\Middleware\\ValidatePostSize->handle(Object(Illuminate\\Http\\Request), Object(Closure))
#65 /Users/evills/developer/AudazPOS/vendor/laravel/framework/src/Illuminate/Foundation/Http/Middleware/PreventRequestsDuringMaintenance.php(86): Illuminate\\Pipeline\\Pipeline->Illuminate\\Pipeline\\{closure}(Object(Illuminate\\Http\\Request))
#66 /Users/evills/developer/AudazPOS/vendor/laravel/framework/src/Illuminate/Pipeline/Pipeline.php(180): Illuminate\\Foundation\\Http\\Middleware\\PreventRequestsDuringMaintenance->handle(Object(Illuminate\\Http\\Request), Object(Closure))
#67 /Users/evills/developer/AudazPOS/vendor/laravel/framework/src/Illuminate/Http/Middleware/HandleCors.php(49): Illuminate\\Pipeline\\Pipeline->Illuminate\\Pipeline\\{closure}(Object(Illuminate\\Http\\Request))
#68 /Users/evills/developer/AudazPOS/vendor/laravel/framework/src/Illuminate/Pipeline/Pipeline.php(180): Illuminate\\Http\\Middleware\\HandleCors->handle(Object(Illuminate\\Http\\Request), Object(Closure))
#69 /Users/evills/developer/AudazPOS/vendor/laravel/framework/src/Illuminate/Http/Middleware/TrustProxies.php(39): Illuminate\\Pipeline\\Pipeline->Illuminate\\Pipeline\\{closure}(Object(Illuminate\\Http\\Request))
#70 /Users/evills/developer/AudazPOS/vendor/laravel/framework/src/Illuminate/Pipeline/Pipeline.php(180): Illuminate\\Http\\Middleware\\TrustProxies->handle(Object(Illuminate\\Http\\Request), Object(Closure))
#71 /Users/evills/developer/AudazPOS/vendor/laravel/framework/src/Illuminate/Pipeline/Pipeline.php(116): Illuminate\\Pipeline\\Pipeline->Illuminate\\Pipeline\\{closure}(Object(Illuminate\\Http\\Request))
#72 /Users/evills/developer/AudazPOS/vendor/laravel/framework/src/Illuminate/Foundation/Http/Kernel.php(165): Illuminate\\Pipeline\\Pipeline->then(Object(Closure))
#73 /Users/evills/developer/AudazPOS/vendor/laravel/framework/src/Illuminate/Foundation/Http/Kernel.php(134): Illuminate\\Foundation\\Http\\Kernel->sendRequestThroughRouter(Object(Illuminate\\Http\\Request))
#74 /Users/evills/developer/AudazPOS/public/index.php(51): Illuminate\\Foundation\\Http\\Kernel->handle(Object(Illuminate\\Http\\Request))
#75 /Applications/Herd.app/Contents/Resources/valet/server.php(167): require('/Users/evills/d...')
#76 {main}

[previous exception] [object] (PDOException(code: 2002): SQLSTATE[HY000] [2002] Connection refused at /Users/evills/developer/AudazPOS/vendor/laravel/framework/src/Illuminate/Database/Connectors/Connector.php:70)
[stacktrace]
#0 /Users/evills/developer/AudazPOS/vendor/laravel/framework/src/Illuminate/Database/Connectors/Connector.php(70): PDO->__construct('mysql:host=127....', 'root', Object(SensitiveParameterValue), Array)
#1 /Users/evills/developer/AudazPOS/vendor/laravel/framework/src/Illuminate/Database/Connectors/Connector.php(100): Illuminate\\Database\\Connectors\\Connector->createPdoConnection('mysql:host=127....', 'root', '', Array)
#2 /Users/evills/developer/AudazPOS/vendor/laravel/framework/src/Illuminate/Database/Connectors/Connector.php(49): Illuminate\\Database\\Connectors\\Connector->tryAgainIfCausedByLostConnection(Object(PDOException), 'mysql:host=127....', 'root', '', Array)
#3 /Users/evills/developer/AudazPOS/vendor/laravel/framework/src/Illuminate/Database/Connectors/MySqlConnector.php(24): Illuminate\\Database\\Connectors\\Connector->createConnection('mysql:host=127....', Array, Array)
#4 /Users/evills/developer/AudazPOS/vendor/laravel/framework/src/Illuminate/Database/Connectors/ConnectionFactory.php(184): Illuminate\\Database\\Connectors\\MySqlConnector->connect(Array)
#5 [internal function]: Illuminate\\Database\\Connectors\\ConnectionFactory->Illuminate\\Database\\Connectors\\{closure}()
#6 /Users/evills/developer/AudazPOS/vendor/laravel/framework/src/Illuminate/Database/Connection.php(1181): call_user_func(Object(Closure))
#7 /Users/evills/developer/AudazPOS/vendor/laravel/framework/src/Illuminate/Database/Connection.php(1217): Illuminate\\Database\\Connection->getPdo()
#8 /Users/evills/developer/AudazPOS/vendor/laravel/framework/src/Illuminate/Database/Connection.php(486): Illuminate\\Database\\Connection->getReadPdo()
#9 /Users/evills/developer/AudazPOS/vendor/laravel/framework/src/Illuminate/Database/Connection.php(414): Illuminate\\Database\\Connection->getPdoForSelect(true)
#10 /Users/evills/developer/AudazPOS/vendor/laravel/framework/src/Illuminate/Database/Connection.php(753): Illuminate\\Database\\Connection->Illuminate\\Database\\{closure}('select `value`,...', Array)
#11 /Users/evills/developer/AudazPOS/vendor/laravel/framework/src/Illuminate/Database/Connection.php(899): Illuminate\\Database\\Connection->runQueryCallback('select `value`,...', Array, Object(Closure))
#12 /Users/evills/developer/AudazPOS/vendor/laravel/framework/src/Illuminate/Database/Connection.php(878): Illuminate\\Database\\Connection->tryAgainIfCausedByLostConnection(Object(Illuminate\\Database\\QueryException), 'select `value`,...', Array, Object(Closure))
#13 /Users/evills/developer/AudazPOS/vendor/laravel/framework/src/Illuminate/Database/Connection.php(722): Illuminate\\Database\\Connection->handleQueryException(Object(Illuminate\\Database\\QueryException), 'select `value`,...', Array, Object(Closure))
#14 /Users/evills/developer/AudazPOS/vendor/laravel/framework/src/Illuminate/Database/Connection.php(405): Illuminate\\Database\\Connection->run('select `value`,...', Array, Object(Closure))
#15 /Users/evills/developer/AudazPOS/vendor/laravel/framework/src/Illuminate/Database/Query/Builder.php(2705): Illuminate\\Database\\Connection->select('select `value`,...', Array, true)
#16 /Users/evills/developer/AudazPOS/vendor/laravel/framework/src/Illuminate/Database/Query/Builder.php(2920): Illuminate\\Database\\Query\\Builder->runSelect()
#17 /Users/evills/developer/AudazPOS/vendor/laravel/framework/src/Illuminate/Database/Query/Builder.php(3230): Illuminate\\Database\\Query\\Builder->Illuminate\\Database\\Query\\{closure}()
#18 /Users/evills/developer/AudazPOS/vendor/laravel/framework/src/Illuminate/Database/Query/Builder.php(2916): Illuminate\\Database\\Query\\Builder->onceWithColumns(Array, Object(Closure))
#19 /Users/evills/developer/AudazPOS/vendor/laravel/framework/src/Illuminate/Database/Eloquent/Builder.php(860): Illuminate\\Database\\Query\\Builder->pluck('value', 'key')
#20 /Users/evills/developer/AudazPOS/app/System.php(58): Illuminate\\Database\\Eloquent\\Builder->pluck('value', 'key')
#21 /Users/evills/developer/AudazPOS/app/Providers/AppServiceProvider.php(99): App\\System::getProperties(Array, true)
#22 /Users/evills/developer/AudazPOS/vendor/laravel/framework/src/Illuminate/View/Concerns/ManagesEvents.php(162): App\\Providers\\AppServiceProvider->App\\Providers\\{closure}(Object(Illuminate\\View\\View))
#23 /Users/evills/developer/AudazPOS/vendor/laravel/framework/src/Illuminate/Events/Dispatcher.php(418): Illuminate\\View\\Factory->Illuminate\\View\\Concerns\\{closure}('composing: layo...', Array)
#24 /Users/evills/developer/AudazPOS/vendor/laravel/framework/src/Illuminate/Events/Dispatcher.php(249): Illuminate\\Events\\Dispatcher->Illuminate\\Events\\{closure}('composing: layo...', Array)
#25 /Users/evills/developer/AudazPOS/vendor/laravel/framework/src/Illuminate/View/Concerns/ManagesEvents.php(177): Illuminate\\Events\\Dispatcher->dispatch('composing: layo...', Array)
#26 /Users/evills/developer/AudazPOS/vendor/laravel/framework/src/Illuminate/View/View.php(176): Illuminate\\View\\Factory->callComposer(Object(Illuminate\\View\\View))
#27 /Users/evills/developer/AudazPOS/vendor/laravel/framework/src/Illuminate/View/View.php(147): Illuminate\\View\\View->renderContents()
#28 /Users/evills/developer/AudazPOS/storage/framework/views/1ccf6133b823725648c8fd2c3f82ead804f71f4a.php(18): Illuminate\\View\\View->render()
#29 /Users/evills/developer/AudazPOS/vendor/laravel/framework/src/Illuminate/Filesystem/Filesystem.php(109): require('/Users/evills/d...')
#30 /Users/evills/developer/AudazPOS/vendor/laravel/framework/src/Illuminate/Filesystem/Filesystem.php(110): Illuminate\\Filesystem\\Filesystem::Illuminate\\Filesystem\\{closure}()
#31 /Users/evills/developer/AudazPOS/vendor/laravel/framework/src/Illuminate/View/Engines/PhpEngine.php(58): Illuminate\\Filesystem\\Filesystem->getRequire('/Users/evills/d...', Array)
#32 /Users/evills/developer/AudazPOS/vendor/laravel/framework/src/Illuminate/View/Engines/CompilerEngine.php(70): Illuminate\\View\\Engines\\PhpEngine->evaluatePath('/Users/evills/d...', Array)
#33 /Users/evills/developer/AudazPOS/vendor/laravel/framework/src/Illuminate/View/View.php(195): Illuminate\\View\\Engines\\CompilerEngine->get('/Users/evills/d...', Array)
#34 /Users/evills/developer/AudazPOS/vendor/laravel/framework/src/Illuminate/View/View.php(178): Illuminate\\View\\View->getContents()
#35 /Users/evills/developer/AudazPOS/vendor/laravel/framework/src/Illuminate/View/View.php(147): Illuminate\\View\\View->renderContents()
#36 /Users/evills/developer/AudazPOS/vendor/laravel/framework/src/Illuminate/Http/Response.php(69): Illuminate\\View\\View->render()
#37 /Users/evills/developer/AudazPOS/vendor/laravel/framework/src/Illuminate/Http/Response.php(35): Illuminate\\Http\\Response->setContent(Object(Illuminate\\View\\View))
#38 /Users/evills/developer/AudazPOS/vendor/laravel/framework/src/Illuminate/Routing/Router.php(906): Illuminate\\Http\\Response->__construct(Object(Illuminate\\View\\View), 200, Array)
#39 /Users/evills/developer/AudazPOS/vendor/laravel/framework/src/Illuminate/Routing/Router.php(875): Illuminate\\Routing\\Router::toResponse(Object(Illuminate\\Http\\Request), Object(Illuminate\\View\\View))
#40 /Users/evills/developer/AudazPOS/vendor/laravel/framework/src/Illuminate/Routing/Router.php(797): Illuminate\\Routing\\Router->prepareResponse(Object(Illuminate\\Http\\Request), Object(Illuminate\\View\\View))
#41 /Users/evills/developer/AudazPOS/vendor/laravel/framework/src/Illuminate/Pipeline/Pipeline.php(141): Illuminate\\Routing\\Router->Illuminate\\Routing\\{closure}(Object(Illuminate\\Http\\Request))
#42 /Users/evills/developer/AudazPOS/app/Http/Middleware/IsInstalled.php(50): Illuminate\\Pipeline\\Pipeline->Illuminate\\Pipeline\\{closure}(Object(Illuminate\\Http\\Request))
#43 /Users/evills/developer/AudazPOS/vendor/laravel/framework/src/Illuminate/Pipeline/Pipeline.php(180): App\\Http\\Middleware\\IsInstalled->handle(Object(Illuminate\\Http\\Request), Object(Closure))
#44 /Users/evills/developer/AudazPOS/vendor/barryvdh/laravel-debugbar/src/Middleware/InjectDebugbar.php(59): Illuminate\\Pipeline\\Pipeline->Illuminate\\Pipeline\\{closure}(Object(Illuminate\\Http\\Request))
#45 /Users/evills/developer/AudazPOS/vendor/laravel/framework/src/Illuminate/Pipeline/Pipeline.php(180): Barryvdh\\Debugbar\\Middleware\\InjectDebugbar->handle(Object(Illuminate\\Http\\Request), Object(Closure))
#46 /Users/evills/developer/AudazPOS/vendor/laravel/framework/src/Illuminate/Routing/Middleware/SubstituteBindings.php(50): Illuminate\\Pipeline\\Pipeline->Illuminate\\Pipeline\\{closure}(Object(Illuminate\\Http\\Request))
#47 /Users/evills/developer/AudazPOS/vendor/laravel/framework/src/Illuminate/Pipeline/Pipeline.php(180): Illuminate\\Routing\\Middleware\\SubstituteBindings->handle(Object(Illuminate\\Http\\Request), Object(Closure))
#48 /Users/evills/developer/AudazPOS/vendor/laravel/framework/src/Illuminate/Foundation/Http/Middleware/VerifyCsrfToken.php(78): Illuminate\\Pipeline\\Pipeline->Illuminate\\Pipeline\\{closure}(Object(Illuminate\\Http\\Request))
#49 /Users/evills/developer/AudazPOS/vendor/laravel/framework/src/Illuminate/Pipeline/Pipeline.php(180): Illuminate\\Foundation\\Http\\Middleware\\VerifyCsrfToken->handle(Object(Illuminate\\Http\\Request), Object(Closure))
#50 /Users/evills/developer/AudazPOS/vendor/laravel/framework/src/Illuminate/View/Middleware/ShareErrorsFromSession.php(49): Illuminate\\Pipeline\\Pipeline->Illuminate\\Pipeline\\{closure}(Object(Illuminate\\Http\\Request))
#51 /Users/evills/developer/AudazPOS/vendor/laravel/framework/src/Illuminate/Pipeline/Pipeline.php(180): Illuminate\\View\\Middleware\\ShareErrorsFromSession->handle(Object(Illuminate\\Http\\Request), Object(Closure))
#52 /Users/evills/developer/AudazPOS/vendor/laravel/framework/src/Illuminate/Session/Middleware/StartSession.php(121): Illuminate\\Pipeline\\Pipeline->Illuminate\\Pipeline\\{closure}(Object(Illuminate\\Http\\Request))
#53 /Users/evills/developer/AudazPOS/vendor/laravel/framework/src/Illuminate/Session/Middleware/StartSession.php(64): Illuminate\\Session\\Middleware\\StartSession->handleStatefulRequest(Object(Illuminate\\Http\\Request), Object(Illuminate\\Session\\Store), Object(Closure))
#54 /Users/evills/developer/AudazPOS/vendor/laravel/framework/src/Illuminate/Pipeline/Pipeline.php(180): Illuminate\\Session\\Middleware\\StartSession->handle(Object(Illuminate\\Http\\Request), Object(Closure))
#55 /Users/evills/developer/AudazPOS/vendor/laravel/framework/src/Illuminate/Cookie/Middleware/AddQueuedCookiesToResponse.php(37): Illuminate\\Pipeline\\Pipeline->Illuminate\\Pipeline\\{closure}(Object(Illuminate\\Http\\Request))
#56 /Users/evills/developer/AudazPOS/vendor/laravel/framework/src/Illuminate/Pipeline/Pipeline.php(180): Illuminate\\Cookie\\Middleware\\AddQueuedCookiesToResponse->handle(Object(Illuminate\\Http\\Request), Object(Closure))
#57 /Users/evills/developer/AudazPOS/vendor/laravel/framework/src/Illuminate/Cookie/Middleware/EncryptCookies.php(67): Illuminate\\Pipeline\\Pipeline->Illuminate\\Pipeline\\{closure}(Object(Illuminate\\Http\\Request))
#58 /Users/evills/developer/AudazPOS/vendor/laravel/framework/src/Illuminate/Pipeline/Pipeline.php(180): Illuminate\\Cookie\\Middleware\\EncryptCookies->handle(Object(Illuminate\\Http\\Request), Object(Closure))
#59 /Users/evills/developer/AudazPOS/vendor/laravel/framework/src/Illuminate/Pipeline/Pipeline.php(116): Illuminate\\Pipeline\\Pipeline->Illuminate\\Pipeline\\{closure}(Object(Illuminate\\Http\\Request))
#60 /Users/evills/developer/AudazPOS/vendor/laravel/framework/src/Illuminate/Routing/Router.php(797): Illuminate\\Pipeline\\Pipeline->then(Object(Closure))
#61 /Users/evills/developer/AudazPOS/vendor/laravel/framework/src/Illuminate/Routing/Router.php(776): Illuminate\\Routing\\Router->runRouteWithinStack(Object(Illuminate\\Routing\\Route), Object(Illuminate\\Http\\Request))
#62 /Users/evills/developer/AudazPOS/vendor/laravel/framework/src/Illuminate/Routing/Router.php(740): Illuminate\\Routing\\Router->runRoute(Object(Illuminate\\Http\\Request), Object(Illuminate\\Routing\\Route))
#63 /Users/evills/developer/AudazPOS/vendor/laravel/framework/src/Illuminate/Routing/Router.php(729): Illuminate\\Routing\\Router->dispatchToRoute(Object(Illuminate\\Http\\Request))
#64 /Users/evills/developer/AudazPOS/vendor/laravel/framework/src/Illuminate/Foundation/Http/Kernel.php(190): Illuminate\\Routing\\Router->dispatch(Object(Illuminate\\Http\\Request))
#65 /Users/evills/developer/AudazPOS/vendor/laravel/framework/src/Illuminate/Pipeline/Pipeline.php(141): Illuminate\\Foundation\\Http\\Kernel->Illuminate\\Foundation\\Http\\{closure}(Object(Illuminate\\Http\\Request))
#66 /Users/evills/developer/AudazPOS/vendor/barryvdh/laravel-debugbar/src/Middleware/InjectDebugbar.php(59): Illuminate\\Pipeline\\Pipeline->Illuminate\\Pipeline\\{closure}(Object(Illuminate\\Http\\Request))
#67 /Users/evills/developer/AudazPOS/vendor/laravel/framework/src/Illuminate/Pipeline/Pipeline.php(180): Barryvdh\\Debugbar\\Middleware\\InjectDebugbar->handle(Object(Illuminate\\Http\\Request), Object(Closure))
#68 /Users/evills/developer/AudazPOS/vendor/laravel/framework/src/Illuminate/Foundation/Http/Middleware/TransformsRequest.php(21): Illuminate\\Pipeline\\Pipeline->Illuminate\\Pipeline\\{closure}(Object(Illuminate\\Http\\Request))
#69 /Users/evills/developer/AudazPOS/vendor/laravel/framework/src/Illuminate/Foundation/Http/Middleware/ConvertEmptyStringsToNull.php(31): Illuminate\\Foundation\\Http\\Middleware\\TransformsRequest->handle(Object(Illuminate\\Http\\Request), Object(Closure))
#70 /Users/evills/developer/AudazPOS/vendor/laravel/framework/src/Illuminate/Pipeline/Pipeline.php(180): Illuminate\\Foundation\\Http\\Middleware\\ConvertEmptyStringsToNull->handle(Object(Illuminate\\Http\\Request), Object(Closure))
#71 /Users/evills/developer/AudazPOS/vendor/laravel/framework/src/Illuminate/Foundation/Http/Middleware/TransformsRequest.php(21): Illuminate\\Pipeline\\Pipeline->Illuminate\\Pipeline\\{closure}(Object(Illuminate\\Http\\Request))
#72 /Users/evills/developer/AudazPOS/vendor/laravel/framework/src/Illuminate/Foundation/Http/Middleware/TrimStrings.php(40): Illuminate\\Foundation\\Http\\Middleware\\TransformsRequest->handle(Object(Illuminate\\Http\\Request), Object(Closure))
#73 /Users/evills/developer/AudazPOS/vendor/laravel/framework/src/Illuminate/Pipeline/Pipeline.php(180): Illuminate\\Foundation\\Http\\Middleware\\TrimStrings->handle(Object(Illuminate\\Http\\Request), Object(Closure))
#74 /Users/evills/developer/AudazPOS/vendor/laravel/framework/src/Illuminate/Foundation/Http/Middleware/ValidatePostSize.php(27): Illuminate\\Pipeline\\Pipeline->Illuminate\\Pipeline\\{closure}(Object(Illuminate\\Http\\Request))
#75 /Users/evills/developer/AudazPOS/vendor/laravel/framework/src/Illuminate/Pipeline/Pipeline.php(180): Illuminate\\Foundation\\Http\\Middleware\\ValidatePostSize->handle(Object(Illuminate\\Http\\Request), Object(Closure))
#76 /Users/evills/developer/AudazPOS/vendor/laravel/framework/src/Illuminate/Foundation/Http/Middleware/PreventRequestsDuringMaintenance.php(86): Illuminate\\Pipeline\\Pipeline->Illuminate\\Pipeline\\{closure}(Object(Illuminate\\Http\\Request))
#77 /Users/evills/developer/AudazPOS/vendor/laravel/framework/src/Illuminate/Pipeline/Pipeline.php(180): Illuminate\\Foundation\\Http\\Middleware\\PreventRequestsDuringMaintenance->handle(Object(Illuminate\\Http\\Request), Object(Closure))
#78 /Users/evills/developer/AudazPOS/vendor/laravel/framework/src/Illuminate/Http/Middleware/HandleCors.php(49): Illuminate\\Pipeline\\Pipeline->Illuminate\\Pipeline\\{closure}(Object(Illuminate\\Http\\Request))
#79 /Users/evills/developer/AudazPOS/vendor/laravel/framework/src/Illuminate/Pipeline/Pipeline.php(180): Illuminate\\Http\\Middleware\\HandleCors->handle(Object(Illuminate\\Http\\Request), Object(Closure))
#80 /Users/evills/developer/AudazPOS/vendor/laravel/framework/src/Illuminate/Http/Middleware/TrustProxies.php(39): Illuminate\\Pipeline\\Pipeline->Illuminate\\Pipeline\\{closure}(Object(Illuminate\\Http\\Request))
#81 /Users/evills/developer/AudazPOS/vendor/laravel/framework/src/Illuminate/Pipeline/Pipeline.php(180): Illuminate\\Http\\Middleware\\TrustProxies->handle(Object(Illuminate\\Http\\Request), Object(Closure))
#82 /Users/evills/developer/AudazPOS/vendor/laravel/framework/src/Illuminate/Pipeline/Pipeline.php(116): Illuminate\\Pipeline\\Pipeline->Illuminate\\Pipeline\\{closure}(Object(Illuminate\\Http\\Request))
#83 /Users/evills/developer/AudazPOS/vendor/laravel/framework/src/Illuminate/Foundation/Http/Kernel.php(165): Illuminate\\Pipeline\\Pipeline->then(Object(Closure))
#84 /Users/evills/developer/AudazPOS/vendor/laravel/framework/src/Illuminate/Foundation/Http/Kernel.php(134): Illuminate\\Foundation\\Http\\Kernel->sendRequestThroughRouter(Object(Illuminate\\Http\\Request))
#85 /Users/evills/developer/AudazPOS/public/index.php(51): Illuminate\\Foundation\\Http\\Kernel->handle(Object(Illuminate\\Http\\Request))
#86 /Applications/Herd.app/Contents/Resources/valet/server.php(167): require('/Users/evills/d...')
#87 {main}
"} 
[2025-05-26 19:03:16] local.ERROR: SQLSTATE[HY000] [2002] Connection refused (SQL: select `value`, `key` from `system` where `key` in (additional_js, additional_css)) {"view":{"view":"/Users/evills/developer/AudazPOS/resources/views/welcome.blade.php","data":{"asset_v":"<pre class=sf-dump id=sf-dump-447427606 data-indent-pad=\"  \"><span class=sf-dump-num>670</span>
</pre><script>Sfdump(\"sf-dump-447427606\", {\"maxDepth\":3,\"maxStringLength\":160})</script>
","errors":"<pre class=sf-dump id=sf-dump-21447692 data-indent-pad=\"  \"><span class=sf-dump-note>Illuminate\\Support\\ViewErrorBag</span> {<a class=sf-dump-ref>#2260</a><samp data-depth=1 class=sf-dump-expanded>
  #<span class=sf-dump-protected title=\"Protected property\">bags</span>: []
</samp>}
</pre><script>Sfdump(\"sf-dump-21447692\", {\"maxDepth\":3,\"maxStringLength\":160})</script>
","enabled_modules":"<pre class=sf-dump id=sf-dump-268356624 data-indent-pad=\"  \">[]
</pre><script>Sfdump(\"sf-dump-268356624\", {\"maxDepth\":3,\"maxStringLength\":160})</script>
","__is_pusher_enabled":"<pre class=sf-dump id=sf-dump-320656524 data-indent-pad=\"  \"><span class=sf-dump-const>false</span>
</pre><script>Sfdump(\"sf-dump-320656524\", {\"maxDepth\":3,\"maxStringLength\":160})</script>
"}},"exception":"[object] (Spatie\\LaravelIgnition\\Exceptions\\ViewException(code: 0): SQLSTATE[HY000] [2002] Connection refused (SQL: select `value`, `key` from `system` where `key` in (additional_js, additional_css)) at /Users/evills/developer/AudazPOS/vendor/laravel/framework/src/Illuminate/Database/Connection.php:760)
[stacktrace]
#0 /Users/evills/developer/AudazPOS/vendor/laravel/framework/src/Illuminate/Database/Connection.php(899): Illuminate\\Database\\Connection->runQueryCallback('select `value`,...', Array, Object(Closure))
#1 /Users/evills/developer/AudazPOS/vendor/laravel/framework/src/Illuminate/Database/Connection.php(878): Illuminate\\Database\\Connection->tryAgainIfCausedByLostConnection(Object(Illuminate\\Database\\QueryException), 'select `value`,...', Array, Object(Closure))
#2 /Users/evills/developer/AudazPOS/vendor/laravel/framework/src/Illuminate/Database/Connection.php(722): Illuminate\\Database\\Connection->handleQueryException(Object(Illuminate\\Database\\QueryException), 'select `value`,...', Array, Object(Closure))
#3 /Users/evills/developer/AudazPOS/vendor/laravel/framework/src/Illuminate/Database/Connection.php(405): Illuminate\\Database\\Connection->run('select `value`,...', Array, Object(Closure))
#4 /Users/evills/developer/AudazPOS/vendor/laravel/framework/src/Illuminate/Database/Query/Builder.php(2705): Illuminate\\Database\\Connection->select('select `value`,...', Array, true)
#5 /Users/evills/developer/AudazPOS/vendor/laravel/framework/src/Illuminate/Database/Query/Builder.php(2920): Illuminate\\Database\\Query\\Builder->runSelect()
#6 /Users/evills/developer/AudazPOS/vendor/laravel/framework/src/Illuminate/Database/Query/Builder.php(3230): Illuminate\\Database\\Query\\Builder->Illuminate\\Database\\Query\\{closure}()
#7 /Users/evills/developer/AudazPOS/vendor/laravel/framework/src/Illuminate/Database/Query/Builder.php(2916): Illuminate\\Database\\Query\\Builder->onceWithColumns(Array, Object(Closure))
#8 /Users/evills/developer/AudazPOS/vendor/laravel/framework/src/Illuminate/Database/Eloquent/Builder.php(860): Illuminate\\Database\\Query\\Builder->pluck('value', 'key')
#9 /Users/evills/developer/AudazPOS/app/System.php(58): Illuminate\\Database\\Eloquent\\Builder->pluck('value', 'key')
#10 /Users/evills/developer/AudazPOS/app/Providers/AppServiceProvider.php(99): App\\System::getProperties(Array, true)
#11 /Users/evills/developer/AudazPOS/vendor/laravel/framework/src/Illuminate/View/Concerns/ManagesEvents.php(162): App\\Providers\\AppServiceProvider->App\\Providers\\{closure}(Object(Illuminate\\View\\View))
#12 /Users/evills/developer/AudazPOS/vendor/laravel/framework/src/Illuminate/Events/Dispatcher.php(418): Illuminate\\View\\Factory->Illuminate\\View\\Concerns\\{closure}('composing: layo...', Array)
#13 /Users/evills/developer/AudazPOS/vendor/laravel/framework/src/Illuminate/Events/Dispatcher.php(249): Illuminate\\Events\\Dispatcher->Illuminate\\Events\\{closure}('composing: layo...', Array)
#14 /Users/evills/developer/AudazPOS/vendor/laravel/framework/src/Illuminate/View/Concerns/ManagesEvents.php(177): Illuminate\\Events\\Dispatcher->dispatch('composing: layo...', Array)
#15 /Users/evills/developer/AudazPOS/vendor/laravel/framework/src/Illuminate/View/View.php(176): Illuminate\\View\\Factory->callComposer(Object(Illuminate\\View\\View))
#16 /Users/evills/developer/AudazPOS/vendor/laravel/framework/src/Illuminate/View/View.php(147): Illuminate\\View\\View->renderContents()
#17 /Users/evills/developer/AudazPOS/resources/views/welcome.blade.php(15): Illuminate\\View\\View->render()
#18 /Users/evills/developer/AudazPOS/vendor/laravel/framework/src/Illuminate/Filesystem/Filesystem.php(109): require('/Users/evills/d...')
#19 /Users/evills/developer/AudazPOS/vendor/laravel/framework/src/Illuminate/Filesystem/Filesystem.php(110): Illuminate\\Filesystem\\Filesystem::Illuminate\\Filesystem\\{closure}()
#20 /Users/evills/developer/AudazPOS/vendor/laravel/framework/src/Illuminate/View/Engines/PhpEngine.php(58): Illuminate\\Filesystem\\Filesystem->getRequire('/Users/evills/d...', Array)
#21 /Users/evills/developer/AudazPOS/vendor/laravel/framework/src/Illuminate/View/Engines/CompilerEngine.php(70): Illuminate\\View\\Engines\\PhpEngine->evaluatePath('/Users/evills/d...', Array)
#22 /Users/evills/developer/AudazPOS/vendor/laravel/framework/src/Illuminate/View/View.php(195): Illuminate\\View\\Engines\\CompilerEngine->get('/Users/evills/d...', Array)
#23 /Users/evills/developer/AudazPOS/vendor/laravel/framework/src/Illuminate/View/View.php(178): Illuminate\\View\\View->getContents()
#24 /Users/evills/developer/AudazPOS/vendor/laravel/framework/src/Illuminate/View/View.php(147): Illuminate\\View\\View->renderContents()
#25 /Users/evills/developer/AudazPOS/vendor/laravel/framework/src/Illuminate/Http/Response.php(69): Illuminate\\View\\View->render()
#26 /Users/evills/developer/AudazPOS/vendor/laravel/framework/src/Illuminate/Http/Response.php(35): Illuminate\\Http\\Response->setContent(Object(Illuminate\\View\\View))
#27 /Users/evills/developer/AudazPOS/vendor/laravel/framework/src/Illuminate/Routing/Router.php(906): Illuminate\\Http\\Response->__construct(Object(Illuminate\\View\\View), 200, Array)
#28 /Users/evills/developer/AudazPOS/vendor/laravel/framework/src/Illuminate/Routing/Router.php(875): Illuminate\\Routing\\Router::toResponse(Object(Illuminate\\Http\\Request), Object(Illuminate\\View\\View))
#29 /Users/evills/developer/AudazPOS/vendor/laravel/framework/src/Illuminate/Routing/Router.php(797): Illuminate\\Routing\\Router->prepareResponse(Object(Illuminate\\Http\\Request), Object(Illuminate\\View\\View))
#30 /Users/evills/developer/AudazPOS/vendor/laravel/framework/src/Illuminate/Pipeline/Pipeline.php(141): Illuminate\\Routing\\Router->Illuminate\\Routing\\{closure}(Object(Illuminate\\Http\\Request))
#31 /Users/evills/developer/AudazPOS/app/Http/Middleware/IsInstalled.php(50): Illuminate\\Pipeline\\Pipeline->Illuminate\\Pipeline\\{closure}(Object(Illuminate\\Http\\Request))
#32 /Users/evills/developer/AudazPOS/vendor/laravel/framework/src/Illuminate/Pipeline/Pipeline.php(180): App\\Http\\Middleware\\IsInstalled->handle(Object(Illuminate\\Http\\Request), Object(Closure))
#33 /Users/evills/developer/AudazPOS/vendor/barryvdh/laravel-debugbar/src/Middleware/InjectDebugbar.php(59): Illuminate\\Pipeline\\Pipeline->Illuminate\\Pipeline\\{closure}(Object(Illuminate\\Http\\Request))
#34 /Users/evills/developer/AudazPOS/vendor/laravel/framework/src/Illuminate/Pipeline/Pipeline.php(180): Barryvdh\\Debugbar\\Middleware\\InjectDebugbar->handle(Object(Illuminate\\Http\\Request), Object(Closure))
#35 /Users/evills/developer/AudazPOS/vendor/laravel/framework/src/Illuminate/Routing/Middleware/SubstituteBindings.php(50): Illuminate\\Pipeline\\Pipeline->Illuminate\\Pipeline\\{closure}(Object(Illuminate\\Http\\Request))
#36 /Users/evills/developer/AudazPOS/vendor/laravel/framework/src/Illuminate/Pipeline/Pipeline.php(180): Illuminate\\Routing\\Middleware\\SubstituteBindings->handle(Object(Illuminate\\Http\\Request), Object(Closure))
#37 /Users/evills/developer/AudazPOS/vendor/laravel/framework/src/Illuminate/Foundation/Http/Middleware/VerifyCsrfToken.php(78): Illuminate\\Pipeline\\Pipeline->Illuminate\\Pipeline\\{closure}(Object(Illuminate\\Http\\Request))
#38 /Users/evills/developer/AudazPOS/vendor/laravel/framework/src/Illuminate/Pipeline/Pipeline.php(180): Illuminate\\Foundation\\Http\\Middleware\\VerifyCsrfToken->handle(Object(Illuminate\\Http\\Request), Object(Closure))
#39 /Users/evills/developer/AudazPOS/vendor/laravel/framework/src/Illuminate/View/Middleware/ShareErrorsFromSession.php(49): Illuminate\\Pipeline\\Pipeline->Illuminate\\Pipeline\\{closure}(Object(Illuminate\\Http\\Request))
#40 /Users/evills/developer/AudazPOS/vendor/laravel/framework/src/Illuminate/Pipeline/Pipeline.php(180): Illuminate\\View\\Middleware\\ShareErrorsFromSession->handle(Object(Illuminate\\Http\\Request), Object(Closure))
#41 /Users/evills/developer/AudazPOS/vendor/laravel/framework/src/Illuminate/Session/Middleware/StartSession.php(121): Illuminate\\Pipeline\\Pipeline->Illuminate\\Pipeline\\{closure}(Object(Illuminate\\Http\\Request))
#42 /Users/evills/developer/AudazPOS/vendor/laravel/framework/src/Illuminate/Session/Middleware/StartSession.php(64): Illuminate\\Session\\Middleware\\StartSession->handleStatefulRequest(Object(Illuminate\\Http\\Request), Object(Illuminate\\Session\\Store), Object(Closure))
#43 /Users/evills/developer/AudazPOS/vendor/laravel/framework/src/Illuminate/Pipeline/Pipeline.php(180): Illuminate\\Session\\Middleware\\StartSession->handle(Object(Illuminate\\Http\\Request), Object(Closure))
#44 /Users/evills/developer/AudazPOS/vendor/laravel/framework/src/Illuminate/Cookie/Middleware/AddQueuedCookiesToResponse.php(37): Illuminate\\Pipeline\\Pipeline->Illuminate\\Pipeline\\{closure}(Object(Illuminate\\Http\\Request))
#45 /Users/evills/developer/AudazPOS/vendor/laravel/framework/src/Illuminate/Pipeline/Pipeline.php(180): Illuminate\\Cookie\\Middleware\\AddQueuedCookiesToResponse->handle(Object(Illuminate\\Http\\Request), Object(Closure))
#46 /Users/evills/developer/AudazPOS/vendor/laravel/framework/src/Illuminate/Cookie/Middleware/EncryptCookies.php(67): Illuminate\\Pipeline\\Pipeline->Illuminate\\Pipeline\\{closure}(Object(Illuminate\\Http\\Request))
#47 /Users/evills/developer/AudazPOS/vendor/laravel/framework/src/Illuminate/Pipeline/Pipeline.php(180): Illuminate\\Cookie\\Middleware\\EncryptCookies->handle(Object(Illuminate\\Http\\Request), Object(Closure))
#48 /Users/evills/developer/AudazPOS/vendor/laravel/framework/src/Illuminate/Pipeline/Pipeline.php(116): Illuminate\\Pipeline\\Pipeline->Illuminate\\Pipeline\\{closure}(Object(Illuminate\\Http\\Request))
#49 /Users/evills/developer/AudazPOS/vendor/laravel/framework/src/Illuminate/Routing/Router.php(797): Illuminate\\Pipeline\\Pipeline->then(Object(Closure))
#50 /Users/evills/developer/AudazPOS/vendor/laravel/framework/src/Illuminate/Routing/Router.php(776): Illuminate\\Routing\\Router->runRouteWithinStack(Object(Illuminate\\Routing\\Route), Object(Illuminate\\Http\\Request))
#51 /Users/evills/developer/AudazPOS/vendor/laravel/framework/src/Illuminate/Routing/Router.php(740): Illuminate\\Routing\\Router->runRoute(Object(Illuminate\\Http\\Request), Object(Illuminate\\Routing\\Route))
#52 /Users/evills/developer/AudazPOS/vendor/laravel/framework/src/Illuminate/Routing/Router.php(729): Illuminate\\Routing\\Router->dispatchToRoute(Object(Illuminate\\Http\\Request))
#53 /Users/evills/developer/AudazPOS/vendor/laravel/framework/src/Illuminate/Foundation/Http/Kernel.php(190): Illuminate\\Routing\\Router->dispatch(Object(Illuminate\\Http\\Request))
#54 /Users/evills/developer/AudazPOS/vendor/laravel/framework/src/Illuminate/Pipeline/Pipeline.php(141): Illuminate\\Foundation\\Http\\Kernel->Illuminate\\Foundation\\Http\\{closure}(Object(Illuminate\\Http\\Request))
#55 /Users/evills/developer/AudazPOS/vendor/barryvdh/laravel-debugbar/src/Middleware/InjectDebugbar.php(59): Illuminate\\Pipeline\\Pipeline->Illuminate\\Pipeline\\{closure}(Object(Illuminate\\Http\\Request))
#56 /Users/evills/developer/AudazPOS/vendor/laravel/framework/src/Illuminate/Pipeline/Pipeline.php(180): Barryvdh\\Debugbar\\Middleware\\InjectDebugbar->handle(Object(Illuminate\\Http\\Request), Object(Closure))
#57 /Users/evills/developer/AudazPOS/vendor/laravel/framework/src/Illuminate/Foundation/Http/Middleware/TransformsRequest.php(21): Illuminate\\Pipeline\\Pipeline->Illuminate\\Pipeline\\{closure}(Object(Illuminate\\Http\\Request))
#58 /Users/evills/developer/AudazPOS/vendor/laravel/framework/src/Illuminate/Foundation/Http/Middleware/ConvertEmptyStringsToNull.php(31): Illuminate\\Foundation\\Http\\Middleware\\TransformsRequest->handle(Object(Illuminate\\Http\\Request), Object(Closure))
#59 /Users/evills/developer/AudazPOS/vendor/laravel/framework/src/Illuminate/Pipeline/Pipeline.php(180): Illuminate\\Foundation\\Http\\Middleware\\ConvertEmptyStringsToNull->handle(Object(Illuminate\\Http\\Request), Object(Closure))
#60 /Users/evills/developer/AudazPOS/vendor/laravel/framework/src/Illuminate/Foundation/Http/Middleware/TransformsRequest.php(21): Illuminate\\Pipeline\\Pipeline->Illuminate\\Pipeline\\{closure}(Object(Illuminate\\Http\\Request))
#61 /Users/evills/developer/AudazPOS/vendor/laravel/framework/src/Illuminate/Foundation/Http/Middleware/TrimStrings.php(40): Illuminate\\Foundation\\Http\\Middleware\\TransformsRequest->handle(Object(Illuminate\\Http\\Request), Object(Closure))
#62 /Users/evills/developer/AudazPOS/vendor/laravel/framework/src/Illuminate/Pipeline/Pipeline.php(180): Illuminate\\Foundation\\Http\\Middleware\\TrimStrings->handle(Object(Illuminate\\Http\\Request), Object(Closure))
#63 /Users/evills/developer/AudazPOS/vendor/laravel/framework/src/Illuminate/Foundation/Http/Middleware/ValidatePostSize.php(27): Illuminate\\Pipeline\\Pipeline->Illuminate\\Pipeline\\{closure}(Object(Illuminate\\Http\\Request))
#64 /Users/evills/developer/AudazPOS/vendor/laravel/framework/src/Illuminate/Pipeline/Pipeline.php(180): Illuminate\\Foundation\\Http\\Middleware\\ValidatePostSize->handle(Object(Illuminate\\Http\\Request), Object(Closure))
#65 /Users/evills/developer/AudazPOS/vendor/laravel/framework/src/Illuminate/Foundation/Http/Middleware/PreventRequestsDuringMaintenance.php(86): Illuminate\\Pipeline\\Pipeline->Illuminate\\Pipeline\\{closure}(Object(Illuminate\\Http\\Request))
#66 /Users/evills/developer/AudazPOS/vendor/laravel/framework/src/Illuminate/Pipeline/Pipeline.php(180): Illuminate\\Foundation\\Http\\Middleware\\PreventRequestsDuringMaintenance->handle(Object(Illuminate\\Http\\Request), Object(Closure))
#67 /Users/evills/developer/AudazPOS/vendor/laravel/framework/src/Illuminate/Http/Middleware/HandleCors.php(49): Illuminate\\Pipeline\\Pipeline->Illuminate\\Pipeline\\{closure}(Object(Illuminate\\Http\\Request))
#68 /Users/evills/developer/AudazPOS/vendor/laravel/framework/src/Illuminate/Pipeline/Pipeline.php(180): Illuminate\\Http\\Middleware\\HandleCors->handle(Object(Illuminate\\Http\\Request), Object(Closure))
#69 /Users/evills/developer/AudazPOS/vendor/laravel/framework/src/Illuminate/Http/Middleware/TrustProxies.php(39): Illuminate\\Pipeline\\Pipeline->Illuminate\\Pipeline\\{closure}(Object(Illuminate\\Http\\Request))
#70 /Users/evills/developer/AudazPOS/vendor/laravel/framework/src/Illuminate/Pipeline/Pipeline.php(180): Illuminate\\Http\\Middleware\\TrustProxies->handle(Object(Illuminate\\Http\\Request), Object(Closure))
#71 /Users/evills/developer/AudazPOS/vendor/laravel/framework/src/Illuminate/Pipeline/Pipeline.php(116): Illuminate\\Pipeline\\Pipeline->Illuminate\\Pipeline\\{closure}(Object(Illuminate\\Http\\Request))
#72 /Users/evills/developer/AudazPOS/vendor/laravel/framework/src/Illuminate/Foundation/Http/Kernel.php(165): Illuminate\\Pipeline\\Pipeline->then(Object(Closure))
#73 /Users/evills/developer/AudazPOS/vendor/laravel/framework/src/Illuminate/Foundation/Http/Kernel.php(134): Illuminate\\Foundation\\Http\\Kernel->sendRequestThroughRouter(Object(Illuminate\\Http\\Request))
#74 /Users/evills/developer/AudazPOS/public/index.php(51): Illuminate\\Foundation\\Http\\Kernel->handle(Object(Illuminate\\Http\\Request))
#75 /Applications/Herd.app/Contents/Resources/valet/server.php(167): require('/Users/evills/d...')
#76 {main}

[previous exception] [object] (Illuminate\\Database\\QueryException(code: 2002): SQLSTATE[HY000] [2002] Connection refused (SQL: select `value`, `key` from `system` where `key` in (additional_js, additional_css)) at /Users/evills/developer/AudazPOS/vendor/laravel/framework/src/Illuminate/Database/Connection.php:760)
[stacktrace]
#0 /Users/evills/developer/AudazPOS/vendor/laravel/framework/src/Illuminate/Database/Connection.php(899): Illuminate\\Database\\Connection->runQueryCallback('select `value`,...', Array, Object(Closure))
#1 /Users/evills/developer/AudazPOS/vendor/laravel/framework/src/Illuminate/Database/Connection.php(878): Illuminate\\Database\\Connection->tryAgainIfCausedByLostConnection(Object(Illuminate\\Database\\QueryException), 'select `value`,...', Array, Object(Closure))
#2 /Users/evills/developer/AudazPOS/vendor/laravel/framework/src/Illuminate/Database/Connection.php(722): Illuminate\\Database\\Connection->handleQueryException(Object(Illuminate\\Database\\QueryException), 'select `value`,...', Array, Object(Closure))
#3 /Users/evills/developer/AudazPOS/vendor/laravel/framework/src/Illuminate/Database/Connection.php(405): Illuminate\\Database\\Connection->run('select `value`,...', Array, Object(Closure))
#4 /Users/evills/developer/AudazPOS/vendor/laravel/framework/src/Illuminate/Database/Query/Builder.php(2705): Illuminate\\Database\\Connection->select('select `value`,...', Array, true)
#5 /Users/evills/developer/AudazPOS/vendor/laravel/framework/src/Illuminate/Database/Query/Builder.php(2920): Illuminate\\Database\\Query\\Builder->runSelect()
#6 /Users/evills/developer/AudazPOS/vendor/laravel/framework/src/Illuminate/Database/Query/Builder.php(3230): Illuminate\\Database\\Query\\Builder->Illuminate\\Database\\Query\\{closure}()
#7 /Users/evills/developer/AudazPOS/vendor/laravel/framework/src/Illuminate/Database/Query/Builder.php(2916): Illuminate\\Database\\Query\\Builder->onceWithColumns(Array, Object(Closure))
#8 /Users/evills/developer/AudazPOS/vendor/laravel/framework/src/Illuminate/Database/Eloquent/Builder.php(860): Illuminate\\Database\\Query\\Builder->pluck('value', 'key')
#9 /Users/evills/developer/AudazPOS/app/System.php(58): Illuminate\\Database\\Eloquent\\Builder->pluck('value', 'key')
#10 /Users/evills/developer/AudazPOS/app/Providers/AppServiceProvider.php(99): App\\System::getProperties(Array, true)
#11 /Users/evills/developer/AudazPOS/vendor/laravel/framework/src/Illuminate/View/Concerns/ManagesEvents.php(162): App\\Providers\\AppServiceProvider->App\\Providers\\{closure}(Object(Illuminate\\View\\View))
#12 /Users/evills/developer/AudazPOS/vendor/laravel/framework/src/Illuminate/Events/Dispatcher.php(418): Illuminate\\View\\Factory->Illuminate\\View\\Concerns\\{closure}('composing: layo...', Array)
#13 /Users/evills/developer/AudazPOS/vendor/laravel/framework/src/Illuminate/Events/Dispatcher.php(249): Illuminate\\Events\\Dispatcher->Illuminate\\Events\\{closure}('composing: layo...', Array)
#14 /Users/evills/developer/AudazPOS/vendor/laravel/framework/src/Illuminate/View/Concerns/ManagesEvents.php(177): Illuminate\\Events\\Dispatcher->dispatch('composing: layo...', Array)
#15 /Users/evills/developer/AudazPOS/vendor/laravel/framework/src/Illuminate/View/View.php(176): Illuminate\\View\\Factory->callComposer(Object(Illuminate\\View\\View))
#16 /Users/evills/developer/AudazPOS/vendor/laravel/framework/src/Illuminate/View/View.php(147): Illuminate\\View\\View->renderContents()
#17 /Users/evills/developer/AudazPOS/storage/framework/views/1ccf6133b823725648c8fd2c3f82ead804f71f4a.php(18): Illuminate\\View\\View->render()
#18 /Users/evills/developer/AudazPOS/vendor/laravel/framework/src/Illuminate/Filesystem/Filesystem.php(109): require('/Users/evills/d...')
#19 /Users/evills/developer/AudazPOS/vendor/laravel/framework/src/Illuminate/Filesystem/Filesystem.php(110): Illuminate\\Filesystem\\Filesystem::Illuminate\\Filesystem\\{closure}()
#20 /Users/evills/developer/AudazPOS/vendor/laravel/framework/src/Illuminate/View/Engines/PhpEngine.php(58): Illuminate\\Filesystem\\Filesystem->getRequire('/Users/evills/d...', Array)
#21 /Users/evills/developer/AudazPOS/vendor/laravel/framework/src/Illuminate/View/Engines/CompilerEngine.php(70): Illuminate\\View\\Engines\\PhpEngine->evaluatePath('/Users/evills/d...', Array)
#22 /Users/evills/developer/AudazPOS/vendor/laravel/framework/src/Illuminate/View/View.php(195): Illuminate\\View\\Engines\\CompilerEngine->get('/Users/evills/d...', Array)
#23 /Users/evills/developer/AudazPOS/vendor/laravel/framework/src/Illuminate/View/View.php(178): Illuminate\\View\\View->getContents()
#24 /Users/evills/developer/AudazPOS/vendor/laravel/framework/src/Illuminate/View/View.php(147): Illuminate\\View\\View->renderContents()
#25 /Users/evills/developer/AudazPOS/vendor/laravel/framework/src/Illuminate/Http/Response.php(69): Illuminate\\View\\View->render()
#26 /Users/evills/developer/AudazPOS/vendor/laravel/framework/src/Illuminate/Http/Response.php(35): Illuminate\\Http\\Response->setContent(Object(Illuminate\\View\\View))
#27 /Users/evills/developer/AudazPOS/vendor/laravel/framework/src/Illuminate/Routing/Router.php(906): Illuminate\\Http\\Response->__construct(Object(Illuminate\\View\\View), 200, Array)
#28 /Users/evills/developer/AudazPOS/vendor/laravel/framework/src/Illuminate/Routing/Router.php(875): Illuminate\\Routing\\Router::toResponse(Object(Illuminate\\Http\\Request), Object(Illuminate\\View\\View))
#29 /Users/evills/developer/AudazPOS/vendor/laravel/framework/src/Illuminate/Routing/Router.php(797): Illuminate\\Routing\\Router->prepareResponse(Object(Illuminate\\Http\\Request), Object(Illuminate\\View\\View))
#30 /Users/evills/developer/AudazPOS/vendor/laravel/framework/src/Illuminate/Pipeline/Pipeline.php(141): Illuminate\\Routing\\Router->Illuminate\\Routing\\{closure}(Object(Illuminate\\Http\\Request))
#31 /Users/evills/developer/AudazPOS/app/Http/Middleware/IsInstalled.php(50): Illuminate\\Pipeline\\Pipeline->Illuminate\\Pipeline\\{closure}(Object(Illuminate\\Http\\Request))
#32 /Users/evills/developer/AudazPOS/vendor/laravel/framework/src/Illuminate/Pipeline/Pipeline.php(180): App\\Http\\Middleware\\IsInstalled->handle(Object(Illuminate\\Http\\Request), Object(Closure))
#33 /Users/evills/developer/AudazPOS/vendor/barryvdh/laravel-debugbar/src/Middleware/InjectDebugbar.php(59): Illuminate\\Pipeline\\Pipeline->Illuminate\\Pipeline\\{closure}(Object(Illuminate\\Http\\Request))
#34 /Users/evills/developer/AudazPOS/vendor/laravel/framework/src/Illuminate/Pipeline/Pipeline.php(180): Barryvdh\\Debugbar\\Middleware\\InjectDebugbar->handle(Object(Illuminate\\Http\\Request), Object(Closure))
#35 /Users/evills/developer/AudazPOS/vendor/laravel/framework/src/Illuminate/Routing/Middleware/SubstituteBindings.php(50): Illuminate\\Pipeline\\Pipeline->Illuminate\\Pipeline\\{closure}(Object(Illuminate\\Http\\Request))
#36 /Users/evills/developer/AudazPOS/vendor/laravel/framework/src/Illuminate/Pipeline/Pipeline.php(180): Illuminate\\Routing\\Middleware\\SubstituteBindings->handle(Object(Illuminate\\Http\\Request), Object(Closure))
#37 /Users/evills/developer/AudazPOS/vendor/laravel/framework/src/Illuminate/Foundation/Http/Middleware/VerifyCsrfToken.php(78): Illuminate\\Pipeline\\Pipeline->Illuminate\\Pipeline\\{closure}(Object(Illuminate\\Http\\Request))
#38 /Users/evills/developer/AudazPOS/vendor/laravel/framework/src/Illuminate/Pipeline/Pipeline.php(180): Illuminate\\Foundation\\Http\\Middleware\\VerifyCsrfToken->handle(Object(Illuminate\\Http\\Request), Object(Closure))
#39 /Users/evills/developer/AudazPOS/vendor/laravel/framework/src/Illuminate/View/Middleware/ShareErrorsFromSession.php(49): Illuminate\\Pipeline\\Pipeline->Illuminate\\Pipeline\\{closure}(Object(Illuminate\\Http\\Request))
#40 /Users/evills/developer/AudazPOS/vendor/laravel/framework/src/Illuminate/Pipeline/Pipeline.php(180): Illuminate\\View\\Middleware\\ShareErrorsFromSession->handle(Object(Illuminate\\Http\\Request), Object(Closure))
#41 /Users/evills/developer/AudazPOS/vendor/laravel/framework/src/Illuminate/Session/Middleware/StartSession.php(121): Illuminate\\Pipeline\\Pipeline->Illuminate\\Pipeline\\{closure}(Object(Illuminate\\Http\\Request))
#42 /Users/evills/developer/AudazPOS/vendor/laravel/framework/src/Illuminate/Session/Middleware/StartSession.php(64): Illuminate\\Session\\Middleware\\StartSession->handleStatefulRequest(Object(Illuminate\\Http\\Request), Object(Illuminate\\Session\\Store), Object(Closure))
#43 /Users/evills/developer/AudazPOS/vendor/laravel/framework/src/Illuminate/Pipeline/Pipeline.php(180): Illuminate\\Session\\Middleware\\StartSession->handle(Object(Illuminate\\Http\\Request), Object(Closure))
#44 /Users/evills/developer/AudazPOS/vendor/laravel/framework/src/Illuminate/Cookie/Middleware/AddQueuedCookiesToResponse.php(37): Illuminate\\Pipeline\\Pipeline->Illuminate\\Pipeline\\{closure}(Object(Illuminate\\Http\\Request))
#45 /Users/evills/developer/AudazPOS/vendor/laravel/framework/src/Illuminate/Pipeline/Pipeline.php(180): Illuminate\\Cookie\\Middleware\\AddQueuedCookiesToResponse->handle(Object(Illuminate\\Http\\Request), Object(Closure))
#46 /Users/evills/developer/AudazPOS/vendor/laravel/framework/src/Illuminate/Cookie/Middleware/EncryptCookies.php(67): Illuminate\\Pipeline\\Pipeline->Illuminate\\Pipeline\\{closure}(Object(Illuminate\\Http\\Request))
#47 /Users/evills/developer/AudazPOS/vendor/laravel/framework/src/Illuminate/Pipeline/Pipeline.php(180): Illuminate\\Cookie\\Middleware\\EncryptCookies->handle(Object(Illuminate\\Http\\Request), Object(Closure))
#48 /Users/evills/developer/AudazPOS/vendor/laravel/framework/src/Illuminate/Pipeline/Pipeline.php(116): Illuminate\\Pipeline\\Pipeline->Illuminate\\Pipeline\\{closure}(Object(Illuminate\\Http\\Request))
#49 /Users/evills/developer/AudazPOS/vendor/laravel/framework/src/Illuminate/Routing/Router.php(797): Illuminate\\Pipeline\\Pipeline->then(Object(Closure))
#50 /Users/evills/developer/AudazPOS/vendor/laravel/framework/src/Illuminate/Routing/Router.php(776): Illuminate\\Routing\\Router->runRouteWithinStack(Object(Illuminate\\Routing\\Route), Object(Illuminate\\Http\\Request))
#51 /Users/evills/developer/AudazPOS/vendor/laravel/framework/src/Illuminate/Routing/Router.php(740): Illuminate\\Routing\\Router->runRoute(Object(Illuminate\\Http\\Request), Object(Illuminate\\Routing\\Route))
#52 /Users/evills/developer/AudazPOS/vendor/laravel/framework/src/Illuminate/Routing/Router.php(729): Illuminate\\Routing\\Router->dispatchToRoute(Object(Illuminate\\Http\\Request))
#53 /Users/evills/developer/AudazPOS/vendor/laravel/framework/src/Illuminate/Foundation/Http/Kernel.php(190): Illuminate\\Routing\\Router->dispatch(Object(Illuminate\\Http\\Request))
#54 /Users/evills/developer/AudazPOS/vendor/laravel/framework/src/Illuminate/Pipeline/Pipeline.php(141): Illuminate\\Foundation\\Http\\Kernel->Illuminate\\Foundation\\Http\\{closure}(Object(Illuminate\\Http\\Request))
#55 /Users/evills/developer/AudazPOS/vendor/barryvdh/laravel-debugbar/src/Middleware/InjectDebugbar.php(59): Illuminate\\Pipeline\\Pipeline->Illuminate\\Pipeline\\{closure}(Object(Illuminate\\Http\\Request))
#56 /Users/evills/developer/AudazPOS/vendor/laravel/framework/src/Illuminate/Pipeline/Pipeline.php(180): Barryvdh\\Debugbar\\Middleware\\InjectDebugbar->handle(Object(Illuminate\\Http\\Request), Object(Closure))
#57 /Users/evills/developer/AudazPOS/vendor/laravel/framework/src/Illuminate/Foundation/Http/Middleware/TransformsRequest.php(21): Illuminate\\Pipeline\\Pipeline->Illuminate\\Pipeline\\{closure}(Object(Illuminate\\Http\\Request))
#58 /Users/evills/developer/AudazPOS/vendor/laravel/framework/src/Illuminate/Foundation/Http/Middleware/ConvertEmptyStringsToNull.php(31): Illuminate\\Foundation\\Http\\Middleware\\TransformsRequest->handle(Object(Illuminate\\Http\\Request), Object(Closure))
#59 /Users/evills/developer/AudazPOS/vendor/laravel/framework/src/Illuminate/Pipeline/Pipeline.php(180): Illuminate\\Foundation\\Http\\Middleware\\ConvertEmptyStringsToNull->handle(Object(Illuminate\\Http\\Request), Object(Closure))
#60 /Users/evills/developer/AudazPOS/vendor/laravel/framework/src/Illuminate/Foundation/Http/Middleware/TransformsRequest.php(21): Illuminate\\Pipeline\\Pipeline->Illuminate\\Pipeline\\{closure}(Object(Illuminate\\Http\\Request))
#61 /Users/evills/developer/AudazPOS/vendor/laravel/framework/src/Illuminate/Foundation/Http/Middleware/TrimStrings.php(40): Illuminate\\Foundation\\Http\\Middleware\\TransformsRequest->handle(Object(Illuminate\\Http\\Request), Object(Closure))
#62 /Users/evills/developer/AudazPOS/vendor/laravel/framework/src/Illuminate/Pipeline/Pipeline.php(180): Illuminate\\Foundation\\Http\\Middleware\\TrimStrings->handle(Object(Illuminate\\Http\\Request), Object(Closure))
#63 /Users/evills/developer/AudazPOS/vendor/laravel/framework/src/Illuminate/Foundation/Http/Middleware/ValidatePostSize.php(27): Illuminate\\Pipeline\\Pipeline->Illuminate\\Pipeline\\{closure}(Object(Illuminate\\Http\\Request))
#64 /Users/evills/developer/AudazPOS/vendor/laravel/framework/src/Illuminate/Pipeline/Pipeline.php(180): Illuminate\\Foundation\\Http\\Middleware\\ValidatePostSize->handle(Object(Illuminate\\Http\\Request), Object(Closure))
#65 /Users/evills/developer/AudazPOS/vendor/laravel/framework/src/Illuminate/Foundation/Http/Middleware/PreventRequestsDuringMaintenance.php(86): Illuminate\\Pipeline\\Pipeline->Illuminate\\Pipeline\\{closure}(Object(Illuminate\\Http\\Request))
#66 /Users/evills/developer/AudazPOS/vendor/laravel/framework/src/Illuminate/Pipeline/Pipeline.php(180): Illuminate\\Foundation\\Http\\Middleware\\PreventRequestsDuringMaintenance->handle(Object(Illuminate\\Http\\Request), Object(Closure))
#67 /Users/evills/developer/AudazPOS/vendor/laravel/framework/src/Illuminate/Http/Middleware/HandleCors.php(49): Illuminate\\Pipeline\\Pipeline->Illuminate\\Pipeline\\{closure}(Object(Illuminate\\Http\\Request))
#68 /Users/evills/developer/AudazPOS/vendor/laravel/framework/src/Illuminate/Pipeline/Pipeline.php(180): Illuminate\\Http\\Middleware\\HandleCors->handle(Object(Illuminate\\Http\\Request), Object(Closure))
#69 /Users/evills/developer/AudazPOS/vendor/laravel/framework/src/Illuminate/Http/Middleware/TrustProxies.php(39): Illuminate\\Pipeline\\Pipeline->Illuminate\\Pipeline\\{closure}(Object(Illuminate\\Http\\Request))
#70 /Users/evills/developer/AudazPOS/vendor/laravel/framework/src/Illuminate/Pipeline/Pipeline.php(180): Illuminate\\Http\\Middleware\\TrustProxies->handle(Object(Illuminate\\Http\\Request), Object(Closure))
#71 /Users/evills/developer/AudazPOS/vendor/laravel/framework/src/Illuminate/Pipeline/Pipeline.php(116): Illuminate\\Pipeline\\Pipeline->Illuminate\\Pipeline\\{closure}(Object(Illuminate\\Http\\Request))
#72 /Users/evills/developer/AudazPOS/vendor/laravel/framework/src/Illuminate/Foundation/Http/Kernel.php(165): Illuminate\\Pipeline\\Pipeline->then(Object(Closure))
#73 /Users/evills/developer/AudazPOS/vendor/laravel/framework/src/Illuminate/Foundation/Http/Kernel.php(134): Illuminate\\Foundation\\Http\\Kernel->sendRequestThroughRouter(Object(Illuminate\\Http\\Request))
#74 /Users/evills/developer/AudazPOS/public/index.php(51): Illuminate\\Foundation\\Http\\Kernel->handle(Object(Illuminate\\Http\\Request))
#75 /Applications/Herd.app/Contents/Resources/valet/server.php(167): require('/Users/evills/d...')
#76 {main}

[previous exception] [object] (PDOException(code: 2002): SQLSTATE[HY000] [2002] Connection refused at /Users/evills/developer/AudazPOS/vendor/laravel/framework/src/Illuminate/Database/Connectors/Connector.php:70)
[stacktrace]
#0 /Users/evills/developer/AudazPOS/vendor/laravel/framework/src/Illuminate/Database/Connectors/Connector.php(70): PDO->__construct('mysql:host=127....', 'root', Object(SensitiveParameterValue), Array)
#1 /Users/evills/developer/AudazPOS/vendor/laravel/framework/src/Illuminate/Database/Connectors/Connector.php(100): Illuminate\\Database\\Connectors\\Connector->createPdoConnection('mysql:host=127....', 'root', '', Array)
#2 /Users/evills/developer/AudazPOS/vendor/laravel/framework/src/Illuminate/Database/Connectors/Connector.php(49): Illuminate\\Database\\Connectors\\Connector->tryAgainIfCausedByLostConnection(Object(PDOException), 'mysql:host=127....', 'root', '', Array)
#3 /Users/evills/developer/AudazPOS/vendor/laravel/framework/src/Illuminate/Database/Connectors/MySqlConnector.php(24): Illuminate\\Database\\Connectors\\Connector->createConnection('mysql:host=127....', Array, Array)
#4 /Users/evills/developer/AudazPOS/vendor/laravel/framework/src/Illuminate/Database/Connectors/ConnectionFactory.php(184): Illuminate\\Database\\Connectors\\MySqlConnector->connect(Array)
#5 [internal function]: Illuminate\\Database\\Connectors\\ConnectionFactory->Illuminate\\Database\\Connectors\\{closure}()
#6 /Users/evills/developer/AudazPOS/vendor/laravel/framework/src/Illuminate/Database/Connection.php(1181): call_user_func(Object(Closure))
#7 /Users/evills/developer/AudazPOS/vendor/laravel/framework/src/Illuminate/Database/Connection.php(1217): Illuminate\\Database\\Connection->getPdo()
#8 /Users/evills/developer/AudazPOS/vendor/laravel/framework/src/Illuminate/Database/Connection.php(486): Illuminate\\Database\\Connection->getReadPdo()
#9 /Users/evills/developer/AudazPOS/vendor/laravel/framework/src/Illuminate/Database/Connection.php(414): Illuminate\\Database\\Connection->getPdoForSelect(true)
#10 /Users/evills/developer/AudazPOS/vendor/laravel/framework/src/Illuminate/Database/Connection.php(753): Illuminate\\Database\\Connection->Illuminate\\Database\\{closure}('select `value`,...', Array)
#11 /Users/evills/developer/AudazPOS/vendor/laravel/framework/src/Illuminate/Database/Connection.php(899): Illuminate\\Database\\Connection->runQueryCallback('select `value`,...', Array, Object(Closure))
#12 /Users/evills/developer/AudazPOS/vendor/laravel/framework/src/Illuminate/Database/Connection.php(878): Illuminate\\Database\\Connection->tryAgainIfCausedByLostConnection(Object(Illuminate\\Database\\QueryException), 'select `value`,...', Array, Object(Closure))
#13 /Users/evills/developer/AudazPOS/vendor/laravel/framework/src/Illuminate/Database/Connection.php(722): Illuminate\\Database\\Connection->handleQueryException(Object(Illuminate\\Database\\QueryException), 'select `value`,...', Array, Object(Closure))
#14 /Users/evills/developer/AudazPOS/vendor/laravel/framework/src/Illuminate/Database/Connection.php(405): Illuminate\\Database\\Connection->run('select `value`,...', Array, Object(Closure))
#15 /Users/evills/developer/AudazPOS/vendor/laravel/framework/src/Illuminate/Database/Query/Builder.php(2705): Illuminate\\Database\\Connection->select('select `value`,...', Array, true)
#16 /Users/evills/developer/AudazPOS/vendor/laravel/framework/src/Illuminate/Database/Query/Builder.php(2920): Illuminate\\Database\\Query\\Builder->runSelect()
#17 /Users/evills/developer/AudazPOS/vendor/laravel/framework/src/Illuminate/Database/Query/Builder.php(3230): Illuminate\\Database\\Query\\Builder->Illuminate\\Database\\Query\\{closure}()
#18 /Users/evills/developer/AudazPOS/vendor/laravel/framework/src/Illuminate/Database/Query/Builder.php(2916): Illuminate\\Database\\Query\\Builder->onceWithColumns(Array, Object(Closure))
#19 /Users/evills/developer/AudazPOS/vendor/laravel/framework/src/Illuminate/Database/Eloquent/Builder.php(860): Illuminate\\Database\\Query\\Builder->pluck('value', 'key')
#20 /Users/evills/developer/AudazPOS/app/System.php(58): Illuminate\\Database\\Eloquent\\Builder->pluck('value', 'key')
#21 /Users/evills/developer/AudazPOS/app/Providers/AppServiceProvider.php(99): App\\System::getProperties(Array, true)
#22 /Users/evills/developer/AudazPOS/vendor/laravel/framework/src/Illuminate/View/Concerns/ManagesEvents.php(162): App\\Providers\\AppServiceProvider->App\\Providers\\{closure}(Object(Illuminate\\View\\View))
#23 /Users/evills/developer/AudazPOS/vendor/laravel/framework/src/Illuminate/Events/Dispatcher.php(418): Illuminate\\View\\Factory->Illuminate\\View\\Concerns\\{closure}('composing: layo...', Array)
#24 /Users/evills/developer/AudazPOS/vendor/laravel/framework/src/Illuminate/Events/Dispatcher.php(249): Illuminate\\Events\\Dispatcher->Illuminate\\Events\\{closure}('composing: layo...', Array)
#25 /Users/evills/developer/AudazPOS/vendor/laravel/framework/src/Illuminate/View/Concerns/ManagesEvents.php(177): Illuminate\\Events\\Dispatcher->dispatch('composing: layo...', Array)
#26 /Users/evills/developer/AudazPOS/vendor/laravel/framework/src/Illuminate/View/View.php(176): Illuminate\\View\\Factory->callComposer(Object(Illuminate\\View\\View))
#27 /Users/evills/developer/AudazPOS/vendor/laravel/framework/src/Illuminate/View/View.php(147): Illuminate\\View\\View->renderContents()
#28 /Users/evills/developer/AudazPOS/storage/framework/views/1ccf6133b823725648c8fd2c3f82ead804f71f4a.php(18): Illuminate\\View\\View->render()
#29 /Users/evills/developer/AudazPOS/vendor/laravel/framework/src/Illuminate/Filesystem/Filesystem.php(109): require('/Users/evills/d...')
#30 /Users/evills/developer/AudazPOS/vendor/laravel/framework/src/Illuminate/Filesystem/Filesystem.php(110): Illuminate\\Filesystem\\Filesystem::Illuminate\\Filesystem\\{closure}()
#31 /Users/evills/developer/AudazPOS/vendor/laravel/framework/src/Illuminate/View/Engines/PhpEngine.php(58): Illuminate\\Filesystem\\Filesystem->getRequire('/Users/evills/d...', Array)
#32 /Users/evills/developer/AudazPOS/vendor/laravel/framework/src/Illuminate/View/Engines/CompilerEngine.php(70): Illuminate\\View\\Engines\\PhpEngine->evaluatePath('/Users/evills/d...', Array)
#33 /Users/evills/developer/AudazPOS/vendor/laravel/framework/src/Illuminate/View/View.php(195): Illuminate\\View\\Engines\\CompilerEngine->get('/Users/evills/d...', Array)
#34 /Users/evills/developer/AudazPOS/vendor/laravel/framework/src/Illuminate/View/View.php(178): Illuminate\\View\\View->getContents()
#35 /Users/evills/developer/AudazPOS/vendor/laravel/framework/src/Illuminate/View/View.php(147): Illuminate\\View\\View->renderContents()
#36 /Users/evills/developer/AudazPOS/vendor/laravel/framework/src/Illuminate/Http/Response.php(69): Illuminate\\View\\View->render()
#37 /Users/evills/developer/AudazPOS/vendor/laravel/framework/src/Illuminate/Http/Response.php(35): Illuminate\\Http\\Response->setContent(Object(Illuminate\\View\\View))
#38 /Users/evills/developer/AudazPOS/vendor/laravel/framework/src/Illuminate/Routing/Router.php(906): Illuminate\\Http\\Response->__construct(Object(Illuminate\\View\\View), 200, Array)
#39 /Users/evills/developer/AudazPOS/vendor/laravel/framework/src/Illuminate/Routing/Router.php(875): Illuminate\\Routing\\Router::toResponse(Object(Illuminate\\Http\\Request), Object(Illuminate\\View\\View))
#40 /Users/evills/developer/AudazPOS/vendor/laravel/framework/src/Illuminate/Routing/Router.php(797): Illuminate\\Routing\\Router->prepareResponse(Object(Illuminate\\Http\\Request), Object(Illuminate\\View\\View))
#41 /Users/evills/developer/AudazPOS/vendor/laravel/framework/src/Illuminate/Pipeline/Pipeline.php(141): Illuminate\\Routing\\Router->Illuminate\\Routing\\{closure}(Object(Illuminate\\Http\\Request))
#42 /Users/evills/developer/AudazPOS/app/Http/Middleware/IsInstalled.php(50): Illuminate\\Pipeline\\Pipeline->Illuminate\\Pipeline\\{closure}(Object(Illuminate\\Http\\Request))
#43 /Users/evills/developer/AudazPOS/vendor/laravel/framework/src/Illuminate/Pipeline/Pipeline.php(180): App\\Http\\Middleware\\IsInstalled->handle(Object(Illuminate\\Http\\Request), Object(Closure))
#44 /Users/evills/developer/AudazPOS/vendor/barryvdh/laravel-debugbar/src/Middleware/InjectDebugbar.php(59): Illuminate\\Pipeline\\Pipeline->Illuminate\\Pipeline\\{closure}(Object(Illuminate\\Http\\Request))
#45 /Users/evills/developer/AudazPOS/vendor/laravel/framework/src/Illuminate/Pipeline/Pipeline.php(180): Barryvdh\\Debugbar\\Middleware\\InjectDebugbar->handle(Object(Illuminate\\Http\\Request), Object(Closure))
#46 /Users/evills/developer/AudazPOS/vendor/laravel/framework/src/Illuminate/Routing/Middleware/SubstituteBindings.php(50): Illuminate\\Pipeline\\Pipeline->Illuminate\\Pipeline\\{closure}(Object(Illuminate\\Http\\Request))
#47 /Users/evills/developer/AudazPOS/vendor/laravel/framework/src/Illuminate/Pipeline/Pipeline.php(180): Illuminate\\Routing\\Middleware\\SubstituteBindings->handle(Object(Illuminate\\Http\\Request), Object(Closure))
#48 /Users/evills/developer/AudazPOS/vendor/laravel/framework/src/Illuminate/Foundation/Http/Middleware/VerifyCsrfToken.php(78): Illuminate\\Pipeline\\Pipeline->Illuminate\\Pipeline\\{closure}(Object(Illuminate\\Http\\Request))
#49 /Users/evills/developer/AudazPOS/vendor/laravel/framework/src/Illuminate/Pipeline/Pipeline.php(180): Illuminate\\Foundation\\Http\\Middleware\\VerifyCsrfToken->handle(Object(Illuminate\\Http\\Request), Object(Closure))
#50 /Users/evills/developer/AudazPOS/vendor/laravel/framework/src/Illuminate/View/Middleware/ShareErrorsFromSession.php(49): Illuminate\\Pipeline\\Pipeline->Illuminate\\Pipeline\\{closure}(Object(Illuminate\\Http\\Request))
#51 /Users/evills/developer/AudazPOS/vendor/laravel/framework/src/Illuminate/Pipeline/Pipeline.php(180): Illuminate\\View\\Middleware\\ShareErrorsFromSession->handle(Object(Illuminate\\Http\\Request), Object(Closure))
#52 /Users/evills/developer/AudazPOS/vendor/laravel/framework/src/Illuminate/Session/Middleware/StartSession.php(121): Illuminate\\Pipeline\\Pipeline->Illuminate\\Pipeline\\{closure}(Object(Illuminate\\Http\\Request))
#53 /Users/evills/developer/AudazPOS/vendor/laravel/framework/src/Illuminate/Session/Middleware/StartSession.php(64): Illuminate\\Session\\Middleware\\StartSession->handleStatefulRequest(Object(Illuminate\\Http\\Request), Object(Illuminate\\Session\\Store), Object(Closure))
#54 /Users/evills/developer/AudazPOS/vendor/laravel/framework/src/Illuminate/Pipeline/Pipeline.php(180): Illuminate\\Session\\Middleware\\StartSession->handle(Object(Illuminate\\Http\\Request), Object(Closure))
#55 /Users/evills/developer/AudazPOS/vendor/laravel/framework/src/Illuminate/Cookie/Middleware/AddQueuedCookiesToResponse.php(37): Illuminate\\Pipeline\\Pipeline->Illuminate\\Pipeline\\{closure}(Object(Illuminate\\Http\\Request))
#56 /Users/evills/developer/AudazPOS/vendor/laravel/framework/src/Illuminate/Pipeline/Pipeline.php(180): Illuminate\\Cookie\\Middleware\\AddQueuedCookiesToResponse->handle(Object(Illuminate\\Http\\Request), Object(Closure))
#57 /Users/evills/developer/AudazPOS/vendor/laravel/framework/src/Illuminate/Cookie/Middleware/EncryptCookies.php(67): Illuminate\\Pipeline\\Pipeline->Illuminate\\Pipeline\\{closure}(Object(Illuminate\\Http\\Request))
#58 /Users/evills/developer/AudazPOS/vendor/laravel/framework/src/Illuminate/Pipeline/Pipeline.php(180): Illuminate\\Cookie\\Middleware\\EncryptCookies->handle(Object(Illuminate\\Http\\Request), Object(Closure))
#59 /Users/evills/developer/AudazPOS/vendor/laravel/framework/src/Illuminate/Pipeline/Pipeline.php(116): Illuminate\\Pipeline\\Pipeline->Illuminate\\Pipeline\\{closure}(Object(Illuminate\\Http\\Request))
#60 /Users/evills/developer/AudazPOS/vendor/laravel/framework/src/Illuminate/Routing/Router.php(797): Illuminate\\Pipeline\\Pipeline->then(Object(Closure))
#61 /Users/evills/developer/AudazPOS/vendor/laravel/framework/src/Illuminate/Routing/Router.php(776): Illuminate\\Routing\\Router->runRouteWithinStack(Object(Illuminate\\Routing\\Route), Object(Illuminate\\Http\\Request))
#62 /Users/evills/developer/AudazPOS/vendor/laravel/framework/src/Illuminate/Routing/Router.php(740): Illuminate\\Routing\\Router->runRoute(Object(Illuminate\\Http\\Request), Object(Illuminate\\Routing\\Route))
#63 /Users/evills/developer/AudazPOS/vendor/laravel/framework/src/Illuminate/Routing/Router.php(729): Illuminate\\Routing\\Router->dispatchToRoute(Object(Illuminate\\Http\\Request))
#64 /Users/evills/developer/AudazPOS/vendor/laravel/framework/src/Illuminate/Foundation/Http/Kernel.php(190): Illuminate\\Routing\\Router->dispatch(Object(Illuminate\\Http\\Request))
#65 /Users/evills/developer/AudazPOS/vendor/laravel/framework/src/Illuminate/Pipeline/Pipeline.php(141): Illuminate\\Foundation\\Http\\Kernel->Illuminate\\Foundation\\Http\\{closure}(Object(Illuminate\\Http\\Request))
#66 /Users/evills/developer/AudazPOS/vendor/barryvdh/laravel-debugbar/src/Middleware/InjectDebugbar.php(59): Illuminate\\Pipeline\\Pipeline->Illuminate\\Pipeline\\{closure}(Object(Illuminate\\Http\\Request))
#67 /Users/evills/developer/AudazPOS/vendor/laravel/framework/src/Illuminate/Pipeline/Pipeline.php(180): Barryvdh\\Debugbar\\Middleware\\InjectDebugbar->handle(Object(Illuminate\\Http\\Request), Object(Closure))
#68 /Users/evills/developer/AudazPOS/vendor/laravel/framework/src/Illuminate/Foundation/Http/Middleware/TransformsRequest.php(21): Illuminate\\Pipeline\\Pipeline->Illuminate\\Pipeline\\{closure}(Object(Illuminate\\Http\\Request))
#69 /Users/evills/developer/AudazPOS/vendor/laravel/framework/src/Illuminate/Foundation/Http/Middleware/ConvertEmptyStringsToNull.php(31): Illuminate\\Foundation\\Http\\Middleware\\TransformsRequest->handle(Object(Illuminate\\Http\\Request), Object(Closure))
#70 /Users/evills/developer/AudazPOS/vendor/laravel/framework/src/Illuminate/Pipeline/Pipeline.php(180): Illuminate\\Foundation\\Http\\Middleware\\ConvertEmptyStringsToNull->handle(Object(Illuminate\\Http\\Request), Object(Closure))
#71 /Users/evills/developer/AudazPOS/vendor/laravel/framework/src/Illuminate/Foundation/Http/Middleware/TransformsRequest.php(21): Illuminate\\Pipeline\\Pipeline->Illuminate\\Pipeline\\{closure}(Object(Illuminate\\Http\\Request))
#72 /Users/evills/developer/AudazPOS/vendor/laravel/framework/src/Illuminate/Foundation/Http/Middleware/TrimStrings.php(40): Illuminate\\Foundation\\Http\\Middleware\\TransformsRequest->handle(Object(Illuminate\\Http\\Request), Object(Closure))
#73 /Users/evills/developer/AudazPOS/vendor/laravel/framework/src/Illuminate/Pipeline/Pipeline.php(180): Illuminate\\Foundation\\Http\\Middleware\\TrimStrings->handle(Object(Illuminate\\Http\\Request), Object(Closure))
#74 /Users/evills/developer/AudazPOS/vendor/laravel/framework/src/Illuminate/Foundation/Http/Middleware/ValidatePostSize.php(27): Illuminate\\Pipeline\\Pipeline->Illuminate\\Pipeline\\{closure}(Object(Illuminate\\Http\\Request))
#75 /Users/evills/developer/AudazPOS/vendor/laravel/framework/src/Illuminate/Pipeline/Pipeline.php(180): Illuminate\\Foundation\\Http\\Middleware\\ValidatePostSize->handle(Object(Illuminate\\Http\\Request), Object(Closure))
#76 /Users/evills/developer/AudazPOS/vendor/laravel/framework/src/Illuminate/Foundation/Http/Middleware/PreventRequestsDuringMaintenance.php(86): Illuminate\\Pipeline\\Pipeline->Illuminate\\Pipeline\\{closure}(Object(Illuminate\\Http\\Request))
#77 /Users/evills/developer/AudazPOS/vendor/laravel/framework/src/Illuminate/Pipeline/Pipeline.php(180): Illuminate\\Foundation\\Http\\Middleware\\PreventRequestsDuringMaintenance->handle(Object(Illuminate\\Http\\Request), Object(Closure))
#78 /Users/evills/developer/AudazPOS/vendor/laravel/framework/src/Illuminate/Http/Middleware/HandleCors.php(49): Illuminate\\Pipeline\\Pipeline->Illuminate\\Pipeline\\{closure}(Object(Illuminate\\Http\\Request))
#79 /Users/evills/developer/AudazPOS/vendor/laravel/framework/src/Illuminate/Pipeline/Pipeline.php(180): Illuminate\\Http\\Middleware\\HandleCors->handle(Object(Illuminate\\Http\\Request), Object(Closure))
#80 /Users/evills/developer/AudazPOS/vendor/laravel/framework/src/Illuminate/Http/Middleware/TrustProxies.php(39): Illuminate\\Pipeline\\Pipeline->Illuminate\\Pipeline\\{closure}(Object(Illuminate\\Http\\Request))
#81 /Users/evills/developer/AudazPOS/vendor/laravel/framework/src/Illuminate/Pipeline/Pipeline.php(180): Illuminate\\Http\\Middleware\\TrustProxies->handle(Object(Illuminate\\Http\\Request), Object(Closure))
#82 /Users/evills/developer/AudazPOS/vendor/laravel/framework/src/Illuminate/Pipeline/Pipeline.php(116): Illuminate\\Pipeline\\Pipeline->Illuminate\\Pipeline\\{closure}(Object(Illuminate\\Http\\Request))
#83 /Users/evills/developer/AudazPOS/vendor/laravel/framework/src/Illuminate/Foundation/Http/Kernel.php(165): Illuminate\\Pipeline\\Pipeline->then(Object(Closure))
#84 /Users/evills/developer/AudazPOS/vendor/laravel/framework/src/Illuminate/Foundation/Http/Kernel.php(134): Illuminate\\Foundation\\Http\\Kernel->sendRequestThroughRouter(Object(Illuminate\\Http\\Request))
#85 /Users/evills/developer/AudazPOS/public/index.php(51): Illuminate\\Foundation\\Http\\Kernel->handle(Object(Illuminate\\Http\\Request))
#86 /Applications/Herd.app/Contents/Resources/valet/server.php(167): require('/Users/evills/d...')
#87 {main}
"} 
[2025-05-26 19:03:24] local.ERROR: SQLSTATE[HY000] [2002] Connection refused (SQL: select `value`, `key` from `system` where `key` in (additional_js, additional_css)) {"view":{"view":"/Users/evills/developer/AudazPOS/resources/views/welcome.blade.php","data":{"asset_v":"<pre class=sf-dump id=sf-dump-2095089076 data-indent-pad=\"  \"><span class=sf-dump-num>670</span>
</pre><script>Sfdump(\"sf-dump-2095089076\", {\"maxDepth\":3,\"maxStringLength\":160})</script>
","errors":"<pre class=sf-dump id=sf-dump-1293214460 data-indent-pad=\"  \"><span class=sf-dump-note>Illuminate\\Support\\ViewErrorBag</span> {<a class=sf-dump-ref>#2260</a><samp data-depth=1 class=sf-dump-expanded>
  #<span class=sf-dump-protected title=\"Protected property\">bags</span>: []
</samp>}
</pre><script>Sfdump(\"sf-dump-1293214460\", {\"maxDepth\":3,\"maxStringLength\":160})</script>
","enabled_modules":"<pre class=sf-dump id=sf-dump-919069163 data-indent-pad=\"  \">[]
</pre><script>Sfdump(\"sf-dump-919069163\", {\"maxDepth\":3,\"maxStringLength\":160})</script>
","__is_pusher_enabled":"<pre class=sf-dump id=sf-dump-970815700 data-indent-pad=\"  \"><span class=sf-dump-const>false</span>
</pre><script>Sfdump(\"sf-dump-970815700\", {\"maxDepth\":3,\"maxStringLength\":160})</script>
"}},"exception":"[object] (Spatie\\LaravelIgnition\\Exceptions\\ViewException(code: 0): SQLSTATE[HY000] [2002] Connection refused (SQL: select `value`, `key` from `system` where `key` in (additional_js, additional_css)) at /Users/evills/developer/AudazPOS/vendor/laravel/framework/src/Illuminate/Database/Connection.php:760)
[stacktrace]
#0 /Users/evills/developer/AudazPOS/vendor/laravel/framework/src/Illuminate/Database/Connection.php(899): Illuminate\\Database\\Connection->runQueryCallback('select `value`,...', Array, Object(Closure))
#1 /Users/evills/developer/AudazPOS/vendor/laravel/framework/src/Illuminate/Database/Connection.php(878): Illuminate\\Database\\Connection->tryAgainIfCausedByLostConnection(Object(Illuminate\\Database\\QueryException), 'select `value`,...', Array, Object(Closure))
#2 /Users/evills/developer/AudazPOS/vendor/laravel/framework/src/Illuminate/Database/Connection.php(722): Illuminate\\Database\\Connection->handleQueryException(Object(Illuminate\\Database\\QueryException), 'select `value`,...', Array, Object(Closure))
#3 /Users/evills/developer/AudazPOS/vendor/laravel/framework/src/Illuminate/Database/Connection.php(405): Illuminate\\Database\\Connection->run('select `value`,...', Array, Object(Closure))
#4 /Users/evills/developer/AudazPOS/vendor/laravel/framework/src/Illuminate/Database/Query/Builder.php(2705): Illuminate\\Database\\Connection->select('select `value`,...', Array, true)
#5 /Users/evills/developer/AudazPOS/vendor/laravel/framework/src/Illuminate/Database/Query/Builder.php(2920): Illuminate\\Database\\Query\\Builder->runSelect()
#6 /Users/evills/developer/AudazPOS/vendor/laravel/framework/src/Illuminate/Database/Query/Builder.php(3230): Illuminate\\Database\\Query\\Builder->Illuminate\\Database\\Query\\{closure}()
#7 /Users/evills/developer/AudazPOS/vendor/laravel/framework/src/Illuminate/Database/Query/Builder.php(2916): Illuminate\\Database\\Query\\Builder->onceWithColumns(Array, Object(Closure))
#8 /Users/evills/developer/AudazPOS/vendor/laravel/framework/src/Illuminate/Database/Eloquent/Builder.php(860): Illuminate\\Database\\Query\\Builder->pluck('value', 'key')
#9 /Users/evills/developer/AudazPOS/app/System.php(58): Illuminate\\Database\\Eloquent\\Builder->pluck('value', 'key')
#10 /Users/evills/developer/AudazPOS/app/Providers/AppServiceProvider.php(99): App\\System::getProperties(Array, true)
#11 /Users/evills/developer/AudazPOS/vendor/laravel/framework/src/Illuminate/View/Concerns/ManagesEvents.php(162): App\\Providers\\AppServiceProvider->App\\Providers\\{closure}(Object(Illuminate\\View\\View))
#12 /Users/evills/developer/AudazPOS/vendor/laravel/framework/src/Illuminate/Events/Dispatcher.php(418): Illuminate\\View\\Factory->Illuminate\\View\\Concerns\\{closure}('composing: layo...', Array)
#13 /Users/evills/developer/AudazPOS/vendor/laravel/framework/src/Illuminate/Events/Dispatcher.php(249): Illuminate\\Events\\Dispatcher->Illuminate\\Events\\{closure}('composing: layo...', Array)
#14 /Users/evills/developer/AudazPOS/vendor/laravel/framework/src/Illuminate/View/Concerns/ManagesEvents.php(177): Illuminate\\Events\\Dispatcher->dispatch('composing: layo...', Array)
#15 /Users/evills/developer/AudazPOS/vendor/laravel/framework/src/Illuminate/View/View.php(176): Illuminate\\View\\Factory->callComposer(Object(Illuminate\\View\\View))
#16 /Users/evills/developer/AudazPOS/vendor/laravel/framework/src/Illuminate/View/View.php(147): Illuminate\\View\\View->renderContents()
#17 /Users/evills/developer/AudazPOS/resources/views/welcome.blade.php(15): Illuminate\\View\\View->render()
#18 /Users/evills/developer/AudazPOS/vendor/laravel/framework/src/Illuminate/Filesystem/Filesystem.php(109): require('/Users/evills/d...')
#19 /Users/evills/developer/AudazPOS/vendor/laravel/framework/src/Illuminate/Filesystem/Filesystem.php(110): Illuminate\\Filesystem\\Filesystem::Illuminate\\Filesystem\\{closure}()
#20 /Users/evills/developer/AudazPOS/vendor/laravel/framework/src/Illuminate/View/Engines/PhpEngine.php(58): Illuminate\\Filesystem\\Filesystem->getRequire('/Users/evills/d...', Array)
#21 /Users/evills/developer/AudazPOS/vendor/laravel/framework/src/Illuminate/View/Engines/CompilerEngine.php(70): Illuminate\\View\\Engines\\PhpEngine->evaluatePath('/Users/evills/d...', Array)
#22 /Users/evills/developer/AudazPOS/vendor/laravel/framework/src/Illuminate/View/View.php(195): Illuminate\\View\\Engines\\CompilerEngine->get('/Users/evills/d...', Array)
#23 /Users/evills/developer/AudazPOS/vendor/laravel/framework/src/Illuminate/View/View.php(178): Illuminate\\View\\View->getContents()
#24 /Users/evills/developer/AudazPOS/vendor/laravel/framework/src/Illuminate/View/View.php(147): Illuminate\\View\\View->renderContents()
#25 /Users/evills/developer/AudazPOS/vendor/laravel/framework/src/Illuminate/Http/Response.php(69): Illuminate\\View\\View->render()
#26 /Users/evills/developer/AudazPOS/vendor/laravel/framework/src/Illuminate/Http/Response.php(35): Illuminate\\Http\\Response->setContent(Object(Illuminate\\View\\View))
#27 /Users/evills/developer/AudazPOS/vendor/laravel/framework/src/Illuminate/Routing/Router.php(906): Illuminate\\Http\\Response->__construct(Object(Illuminate\\View\\View), 200, Array)
#28 /Users/evills/developer/AudazPOS/vendor/laravel/framework/src/Illuminate/Routing/Router.php(875): Illuminate\\Routing\\Router::toResponse(Object(Illuminate\\Http\\Request), Object(Illuminate\\View\\View))
#29 /Users/evills/developer/AudazPOS/vendor/laravel/framework/src/Illuminate/Routing/Router.php(797): Illuminate\\Routing\\Router->prepareResponse(Object(Illuminate\\Http\\Request), Object(Illuminate\\View\\View))
#30 /Users/evills/developer/AudazPOS/vendor/laravel/framework/src/Illuminate/Pipeline/Pipeline.php(141): Illuminate\\Routing\\Router->Illuminate\\Routing\\{closure}(Object(Illuminate\\Http\\Request))
#31 /Users/evills/developer/AudazPOS/app/Http/Middleware/IsInstalled.php(50): Illuminate\\Pipeline\\Pipeline->Illuminate\\Pipeline\\{closure}(Object(Illuminate\\Http\\Request))
#32 /Users/evills/developer/AudazPOS/vendor/laravel/framework/src/Illuminate/Pipeline/Pipeline.php(180): App\\Http\\Middleware\\IsInstalled->handle(Object(Illuminate\\Http\\Request), Object(Closure))
#33 /Users/evills/developer/AudazPOS/vendor/barryvdh/laravel-debugbar/src/Middleware/InjectDebugbar.php(59): Illuminate\\Pipeline\\Pipeline->Illuminate\\Pipeline\\{closure}(Object(Illuminate\\Http\\Request))
#34 /Users/evills/developer/AudazPOS/vendor/laravel/framework/src/Illuminate/Pipeline/Pipeline.php(180): Barryvdh\\Debugbar\\Middleware\\InjectDebugbar->handle(Object(Illuminate\\Http\\Request), Object(Closure))
#35 /Users/evills/developer/AudazPOS/vendor/laravel/framework/src/Illuminate/Routing/Middleware/SubstituteBindings.php(50): Illuminate\\Pipeline\\Pipeline->Illuminate\\Pipeline\\{closure}(Object(Illuminate\\Http\\Request))
#36 /Users/evills/developer/AudazPOS/vendor/laravel/framework/src/Illuminate/Pipeline/Pipeline.php(180): Illuminate\\Routing\\Middleware\\SubstituteBindings->handle(Object(Illuminate\\Http\\Request), Object(Closure))
#37 /Users/evills/developer/AudazPOS/vendor/laravel/framework/src/Illuminate/Foundation/Http/Middleware/VerifyCsrfToken.php(78): Illuminate\\Pipeline\\Pipeline->Illuminate\\Pipeline\\{closure}(Object(Illuminate\\Http\\Request))
#38 /Users/evills/developer/AudazPOS/vendor/laravel/framework/src/Illuminate/Pipeline/Pipeline.php(180): Illuminate\\Foundation\\Http\\Middleware\\VerifyCsrfToken->handle(Object(Illuminate\\Http\\Request), Object(Closure))
#39 /Users/evills/developer/AudazPOS/vendor/laravel/framework/src/Illuminate/View/Middleware/ShareErrorsFromSession.php(49): Illuminate\\Pipeline\\Pipeline->Illuminate\\Pipeline\\{closure}(Object(Illuminate\\Http\\Request))
#40 /Users/evills/developer/AudazPOS/vendor/laravel/framework/src/Illuminate/Pipeline/Pipeline.php(180): Illuminate\\View\\Middleware\\ShareErrorsFromSession->handle(Object(Illuminate\\Http\\Request), Object(Closure))
#41 /Users/evills/developer/AudazPOS/vendor/laravel/framework/src/Illuminate/Session/Middleware/StartSession.php(121): Illuminate\\Pipeline\\Pipeline->Illuminate\\Pipeline\\{closure}(Object(Illuminate\\Http\\Request))
#42 /Users/evills/developer/AudazPOS/vendor/laravel/framework/src/Illuminate/Session/Middleware/StartSession.php(64): Illuminate\\Session\\Middleware\\StartSession->handleStatefulRequest(Object(Illuminate\\Http\\Request), Object(Illuminate\\Session\\Store), Object(Closure))
#43 /Users/evills/developer/AudazPOS/vendor/laravel/framework/src/Illuminate/Pipeline/Pipeline.php(180): Illuminate\\Session\\Middleware\\StartSession->handle(Object(Illuminate\\Http\\Request), Object(Closure))
#44 /Users/evills/developer/AudazPOS/vendor/laravel/framework/src/Illuminate/Cookie/Middleware/AddQueuedCookiesToResponse.php(37): Illuminate\\Pipeline\\Pipeline->Illuminate\\Pipeline\\{closure}(Object(Illuminate\\Http\\Request))
#45 /Users/evills/developer/AudazPOS/vendor/laravel/framework/src/Illuminate/Pipeline/Pipeline.php(180): Illuminate\\Cookie\\Middleware\\AddQueuedCookiesToResponse->handle(Object(Illuminate\\Http\\Request), Object(Closure))
#46 /Users/evills/developer/AudazPOS/vendor/laravel/framework/src/Illuminate/Cookie/Middleware/EncryptCookies.php(67): Illuminate\\Pipeline\\Pipeline->Illuminate\\Pipeline\\{closure}(Object(Illuminate\\Http\\Request))
#47 /Users/evills/developer/AudazPOS/vendor/laravel/framework/src/Illuminate/Pipeline/Pipeline.php(180): Illuminate\\Cookie\\Middleware\\EncryptCookies->handle(Object(Illuminate\\Http\\Request), Object(Closure))
#48 /Users/evills/developer/AudazPOS/vendor/laravel/framework/src/Illuminate/Pipeline/Pipeline.php(116): Illuminate\\Pipeline\\Pipeline->Illuminate\\Pipeline\\{closure}(Object(Illuminate\\Http\\Request))
#49 /Users/evills/developer/AudazPOS/vendor/laravel/framework/src/Illuminate/Routing/Router.php(797): Illuminate\\Pipeline\\Pipeline->then(Object(Closure))
#50 /Users/evills/developer/AudazPOS/vendor/laravel/framework/src/Illuminate/Routing/Router.php(776): Illuminate\\Routing\\Router->runRouteWithinStack(Object(Illuminate\\Routing\\Route), Object(Illuminate\\Http\\Request))
#51 /Users/evills/developer/AudazPOS/vendor/laravel/framework/src/Illuminate/Routing/Router.php(740): Illuminate\\Routing\\Router->runRoute(Object(Illuminate\\Http\\Request), Object(Illuminate\\Routing\\Route))
#52 /Users/evills/developer/AudazPOS/vendor/laravel/framework/src/Illuminate/Routing/Router.php(729): Illuminate\\Routing\\Router->dispatchToRoute(Object(Illuminate\\Http\\Request))
#53 /Users/evills/developer/AudazPOS/vendor/laravel/framework/src/Illuminate/Foundation/Http/Kernel.php(190): Illuminate\\Routing\\Router->dispatch(Object(Illuminate\\Http\\Request))
#54 /Users/evills/developer/AudazPOS/vendor/laravel/framework/src/Illuminate/Pipeline/Pipeline.php(141): Illuminate\\Foundation\\Http\\Kernel->Illuminate\\Foundation\\Http\\{closure}(Object(Illuminate\\Http\\Request))
#55 /Users/evills/developer/AudazPOS/vendor/barryvdh/laravel-debugbar/src/Middleware/InjectDebugbar.php(59): Illuminate\\Pipeline\\Pipeline->Illuminate\\Pipeline\\{closure}(Object(Illuminate\\Http\\Request))
#56 /Users/evills/developer/AudazPOS/vendor/laravel/framework/src/Illuminate/Pipeline/Pipeline.php(180): Barryvdh\\Debugbar\\Middleware\\InjectDebugbar->handle(Object(Illuminate\\Http\\Request), Object(Closure))
#57 /Users/evills/developer/AudazPOS/vendor/laravel/framework/src/Illuminate/Foundation/Http/Middleware/TransformsRequest.php(21): Illuminate\\Pipeline\\Pipeline->Illuminate\\Pipeline\\{closure}(Object(Illuminate\\Http\\Request))
#58 /Users/evills/developer/AudazPOS/vendor/laravel/framework/src/Illuminate/Foundation/Http/Middleware/ConvertEmptyStringsToNull.php(31): Illuminate\\Foundation\\Http\\Middleware\\TransformsRequest->handle(Object(Illuminate\\Http\\Request), Object(Closure))
#59 /Users/evills/developer/AudazPOS/vendor/laravel/framework/src/Illuminate/Pipeline/Pipeline.php(180): Illuminate\\Foundation\\Http\\Middleware\\ConvertEmptyStringsToNull->handle(Object(Illuminate\\Http\\Request), Object(Closure))
#60 /Users/evills/developer/AudazPOS/vendor/laravel/framework/src/Illuminate/Foundation/Http/Middleware/TransformsRequest.php(21): Illuminate\\Pipeline\\Pipeline->Illuminate\\Pipeline\\{closure}(Object(Illuminate\\Http\\Request))
#61 /Users/evills/developer/AudazPOS/vendor/laravel/framework/src/Illuminate/Foundation/Http/Middleware/TrimStrings.php(40): Illuminate\\Foundation\\Http\\Middleware\\TransformsRequest->handle(Object(Illuminate\\Http\\Request), Object(Closure))
#62 /Users/evills/developer/AudazPOS/vendor/laravel/framework/src/Illuminate/Pipeline/Pipeline.php(180): Illuminate\\Foundation\\Http\\Middleware\\TrimStrings->handle(Object(Illuminate\\Http\\Request), Object(Closure))
#63 /Users/evills/developer/AudazPOS/vendor/laravel/framework/src/Illuminate/Foundation/Http/Middleware/ValidatePostSize.php(27): Illuminate\\Pipeline\\Pipeline->Illuminate\\Pipeline\\{closure}(Object(Illuminate\\Http\\Request))
#64 /Users/evills/developer/AudazPOS/vendor/laravel/framework/src/Illuminate/Pipeline/Pipeline.php(180): Illuminate\\Foundation\\Http\\Middleware\\ValidatePostSize->handle(Object(Illuminate\\Http\\Request), Object(Closure))
#65 /Users/evills/developer/AudazPOS/vendor/laravel/framework/src/Illuminate/Foundation/Http/Middleware/PreventRequestsDuringMaintenance.php(86): Illuminate\\Pipeline\\Pipeline->Illuminate\\Pipeline\\{closure}(Object(Illuminate\\Http\\Request))
#66 /Users/evills/developer/AudazPOS/vendor/laravel/framework/src/Illuminate/Pipeline/Pipeline.php(180): Illuminate\\Foundation\\Http\\Middleware\\PreventRequestsDuringMaintenance->handle(Object(Illuminate\\Http\\Request), Object(Closure))
#67 /Users/evills/developer/AudazPOS/vendor/laravel/framework/src/Illuminate/Http/Middleware/HandleCors.php(49): Illuminate\\Pipeline\\Pipeline->Illuminate\\Pipeline\\{closure}(Object(Illuminate\\Http\\Request))
#68 /Users/evills/developer/AudazPOS/vendor/laravel/framework/src/Illuminate/Pipeline/Pipeline.php(180): Illuminate\\Http\\Middleware\\HandleCors->handle(Object(Illuminate\\Http\\Request), Object(Closure))
#69 /Users/evills/developer/AudazPOS/vendor/laravel/framework/src/Illuminate/Http/Middleware/TrustProxies.php(39): Illuminate\\Pipeline\\Pipeline->Illuminate\\Pipeline\\{closure}(Object(Illuminate\\Http\\Request))
#70 /Users/evills/developer/AudazPOS/vendor/laravel/framework/src/Illuminate/Pipeline/Pipeline.php(180): Illuminate\\Http\\Middleware\\TrustProxies->handle(Object(Illuminate\\Http\\Request), Object(Closure))
#71 /Users/evills/developer/AudazPOS/vendor/laravel/framework/src/Illuminate/Pipeline/Pipeline.php(116): Illuminate\\Pipeline\\Pipeline->Illuminate\\Pipeline\\{closure}(Object(Illuminate\\Http\\Request))
#72 /Users/evills/developer/AudazPOS/vendor/laravel/framework/src/Illuminate/Foundation/Http/Kernel.php(165): Illuminate\\Pipeline\\Pipeline->then(Object(Closure))
#73 /Users/evills/developer/AudazPOS/vendor/laravel/framework/src/Illuminate/Foundation/Http/Kernel.php(134): Illuminate\\Foundation\\Http\\Kernel->sendRequestThroughRouter(Object(Illuminate\\Http\\Request))
#74 /Users/evills/developer/AudazPOS/public/index.php(51): Illuminate\\Foundation\\Http\\Kernel->handle(Object(Illuminate\\Http\\Request))
#75 /Applications/Herd.app/Contents/Resources/valet/server.php(167): require('/Users/evills/d...')
#76 {main}

[previous exception] [object] (Illuminate\\Database\\QueryException(code: 2002): SQLSTATE[HY000] [2002] Connection refused (SQL: select `value`, `key` from `system` where `key` in (additional_js, additional_css)) at /Users/evills/developer/AudazPOS/vendor/laravel/framework/src/Illuminate/Database/Connection.php:760)
[stacktrace]
#0 /Users/evills/developer/AudazPOS/vendor/laravel/framework/src/Illuminate/Database/Connection.php(899): Illuminate\\Database\\Connection->runQueryCallback('select `value`,...', Array, Object(Closure))
#1 /Users/evills/developer/AudazPOS/vendor/laravel/framework/src/Illuminate/Database/Connection.php(878): Illuminate\\Database\\Connection->tryAgainIfCausedByLostConnection(Object(Illuminate\\Database\\QueryException), 'select `value`,...', Array, Object(Closure))
#2 /Users/evills/developer/AudazPOS/vendor/laravel/framework/src/Illuminate/Database/Connection.php(722): Illuminate\\Database\\Connection->handleQueryException(Object(Illuminate\\Database\\QueryException), 'select `value`,...', Array, Object(Closure))
#3 /Users/evills/developer/AudazPOS/vendor/laravel/framework/src/Illuminate/Database/Connection.php(405): Illuminate\\Database\\Connection->run('select `value`,...', Array, Object(Closure))
#4 /Users/evills/developer/AudazPOS/vendor/laravel/framework/src/Illuminate/Database/Query/Builder.php(2705): Illuminate\\Database\\Connection->select('select `value`,...', Array, true)
#5 /Users/evills/developer/AudazPOS/vendor/laravel/framework/src/Illuminate/Database/Query/Builder.php(2920): Illuminate\\Database\\Query\\Builder->runSelect()
#6 /Users/evills/developer/AudazPOS/vendor/laravel/framework/src/Illuminate/Database/Query/Builder.php(3230): Illuminate\\Database\\Query\\Builder->Illuminate\\Database\\Query\\{closure}()
#7 /Users/evills/developer/AudazPOS/vendor/laravel/framework/src/Illuminate/Database/Query/Builder.php(2916): Illuminate\\Database\\Query\\Builder->onceWithColumns(Array, Object(Closure))
#8 /Users/evills/developer/AudazPOS/vendor/laravel/framework/src/Illuminate/Database/Eloquent/Builder.php(860): Illuminate\\Database\\Query\\Builder->pluck('value', 'key')
#9 /Users/evills/developer/AudazPOS/app/System.php(58): Illuminate\\Database\\Eloquent\\Builder->pluck('value', 'key')
#10 /Users/evills/developer/AudazPOS/app/Providers/AppServiceProvider.php(99): App\\System::getProperties(Array, true)
#11 /Users/evills/developer/AudazPOS/vendor/laravel/framework/src/Illuminate/View/Concerns/ManagesEvents.php(162): App\\Providers\\AppServiceProvider->App\\Providers\\{closure}(Object(Illuminate\\View\\View))
#12 /Users/evills/developer/AudazPOS/vendor/laravel/framework/src/Illuminate/Events/Dispatcher.php(418): Illuminate\\View\\Factory->Illuminate\\View\\Concerns\\{closure}('composing: layo...', Array)
#13 /Users/evills/developer/AudazPOS/vendor/laravel/framework/src/Illuminate/Events/Dispatcher.php(249): Illuminate\\Events\\Dispatcher->Illuminate\\Events\\{closure}('composing: layo...', Array)
#14 /Users/evills/developer/AudazPOS/vendor/laravel/framework/src/Illuminate/View/Concerns/ManagesEvents.php(177): Illuminate\\Events\\Dispatcher->dispatch('composing: layo...', Array)
#15 /Users/evills/developer/AudazPOS/vendor/laravel/framework/src/Illuminate/View/View.php(176): Illuminate\\View\\Factory->callComposer(Object(Illuminate\\View\\View))
#16 /Users/evills/developer/AudazPOS/vendor/laravel/framework/src/Illuminate/View/View.php(147): Illuminate\\View\\View->renderContents()
#17 /Users/evills/developer/AudazPOS/storage/framework/views/1ccf6133b823725648c8fd2c3f82ead804f71f4a.php(18): Illuminate\\View\\View->render()
#18 /Users/evills/developer/AudazPOS/vendor/laravel/framework/src/Illuminate/Filesystem/Filesystem.php(109): require('/Users/evills/d...')
#19 /Users/evills/developer/AudazPOS/vendor/laravel/framework/src/Illuminate/Filesystem/Filesystem.php(110): Illuminate\\Filesystem\\Filesystem::Illuminate\\Filesystem\\{closure}()
#20 /Users/evills/developer/AudazPOS/vendor/laravel/framework/src/Illuminate/View/Engines/PhpEngine.php(58): Illuminate\\Filesystem\\Filesystem->getRequire('/Users/evills/d...', Array)
#21 /Users/evills/developer/AudazPOS/vendor/laravel/framework/src/Illuminate/View/Engines/CompilerEngine.php(70): Illuminate\\View\\Engines\\PhpEngine->evaluatePath('/Users/evills/d...', Array)
#22 /Users/evills/developer/AudazPOS/vendor/laravel/framework/src/Illuminate/View/View.php(195): Illuminate\\View\\Engines\\CompilerEngine->get('/Users/evills/d...', Array)
#23 /Users/evills/developer/AudazPOS/vendor/laravel/framework/src/Illuminate/View/View.php(178): Illuminate\\View\\View->getContents()
#24 /Users/evills/developer/AudazPOS/vendor/laravel/framework/src/Illuminate/View/View.php(147): Illuminate\\View\\View->renderContents()
#25 /Users/evills/developer/AudazPOS/vendor/laravel/framework/src/Illuminate/Http/Response.php(69): Illuminate\\View\\View->render()
#26 /Users/evills/developer/AudazPOS/vendor/laravel/framework/src/Illuminate/Http/Response.php(35): Illuminate\\Http\\Response->setContent(Object(Illuminate\\View\\View))
#27 /Users/evills/developer/AudazPOS/vendor/laravel/framework/src/Illuminate/Routing/Router.php(906): Illuminate\\Http\\Response->__construct(Object(Illuminate\\View\\View), 200, Array)
#28 /Users/evills/developer/AudazPOS/vendor/laravel/framework/src/Illuminate/Routing/Router.php(875): Illuminate\\Routing\\Router::toResponse(Object(Illuminate\\Http\\Request), Object(Illuminate\\View\\View))
#29 /Users/evills/developer/AudazPOS/vendor/laravel/framework/src/Illuminate/Routing/Router.php(797): Illuminate\\Routing\\Router->prepareResponse(Object(Illuminate\\Http\\Request), Object(Illuminate\\View\\View))
#30 /Users/evills/developer/AudazPOS/vendor/laravel/framework/src/Illuminate/Pipeline/Pipeline.php(141): Illuminate\\Routing\\Router->Illuminate\\Routing\\{closure}(Object(Illuminate\\Http\\Request))
#31 /Users/evills/developer/AudazPOS/app/Http/Middleware/IsInstalled.php(50): Illuminate\\Pipeline\\Pipeline->Illuminate\\Pipeline\\{closure}(Object(Illuminate\\Http\\Request))
#32 /Users/evills/developer/AudazPOS/vendor/laravel/framework/src/Illuminate/Pipeline/Pipeline.php(180): App\\Http\\Middleware\\IsInstalled->handle(Object(Illuminate\\Http\\Request), Object(Closure))
#33 /Users/evills/developer/AudazPOS/vendor/barryvdh/laravel-debugbar/src/Middleware/InjectDebugbar.php(59): Illuminate\\Pipeline\\Pipeline->Illuminate\\Pipeline\\{closure}(Object(Illuminate\\Http\\Request))
#34 /Users/evills/developer/AudazPOS/vendor/laravel/framework/src/Illuminate/Pipeline/Pipeline.php(180): Barryvdh\\Debugbar\\Middleware\\InjectDebugbar->handle(Object(Illuminate\\Http\\Request), Object(Closure))
#35 /Users/evills/developer/AudazPOS/vendor/laravel/framework/src/Illuminate/Routing/Middleware/SubstituteBindings.php(50): Illuminate\\Pipeline\\Pipeline->Illuminate\\Pipeline\\{closure}(Object(Illuminate\\Http\\Request))
#36 /Users/evills/developer/AudazPOS/vendor/laravel/framework/src/Illuminate/Pipeline/Pipeline.php(180): Illuminate\\Routing\\Middleware\\SubstituteBindings->handle(Object(Illuminate\\Http\\Request), Object(Closure))
#37 /Users/evills/developer/AudazPOS/vendor/laravel/framework/src/Illuminate/Foundation/Http/Middleware/VerifyCsrfToken.php(78): Illuminate\\Pipeline\\Pipeline->Illuminate\\Pipeline\\{closure}(Object(Illuminate\\Http\\Request))
#38 /Users/evills/developer/AudazPOS/vendor/laravel/framework/src/Illuminate/Pipeline/Pipeline.php(180): Illuminate\\Foundation\\Http\\Middleware\\VerifyCsrfToken->handle(Object(Illuminate\\Http\\Request), Object(Closure))
#39 /Users/evills/developer/AudazPOS/vendor/laravel/framework/src/Illuminate/View/Middleware/ShareErrorsFromSession.php(49): Illuminate\\Pipeline\\Pipeline->Illuminate\\Pipeline\\{closure}(Object(Illuminate\\Http\\Request))
#40 /Users/evills/developer/AudazPOS/vendor/laravel/framework/src/Illuminate/Pipeline/Pipeline.php(180): Illuminate\\View\\Middleware\\ShareErrorsFromSession->handle(Object(Illuminate\\Http\\Request), Object(Closure))
#41 /Users/evills/developer/AudazPOS/vendor/laravel/framework/src/Illuminate/Session/Middleware/StartSession.php(121): Illuminate\\Pipeline\\Pipeline->Illuminate\\Pipeline\\{closure}(Object(Illuminate\\Http\\Request))
#42 /Users/evills/developer/AudazPOS/vendor/laravel/framework/src/Illuminate/Session/Middleware/StartSession.php(64): Illuminate\\Session\\Middleware\\StartSession->handleStatefulRequest(Object(Illuminate\\Http\\Request), Object(Illuminate\\Session\\Store), Object(Closure))
#43 /Users/evills/developer/AudazPOS/vendor/laravel/framework/src/Illuminate/Pipeline/Pipeline.php(180): Illuminate\\Session\\Middleware\\StartSession->handle(Object(Illuminate\\Http\\Request), Object(Closure))
#44 /Users/evills/developer/AudazPOS/vendor/laravel/framework/src/Illuminate/Cookie/Middleware/AddQueuedCookiesToResponse.php(37): Illuminate\\Pipeline\\Pipeline->Illuminate\\Pipeline\\{closure}(Object(Illuminate\\Http\\Request))
#45 /Users/evills/developer/AudazPOS/vendor/laravel/framework/src/Illuminate/Pipeline/Pipeline.php(180): Illuminate\\Cookie\\Middleware\\AddQueuedCookiesToResponse->handle(Object(Illuminate\\Http\\Request), Object(Closure))
#46 /Users/evills/developer/AudazPOS/vendor/laravel/framework/src/Illuminate/Cookie/Middleware/EncryptCookies.php(67): Illuminate\\Pipeline\\Pipeline->Illuminate\\Pipeline\\{closure}(Object(Illuminate\\Http\\Request))
#47 /Users/evills/developer/AudazPOS/vendor/laravel/framework/src/Illuminate/Pipeline/Pipeline.php(180): Illuminate\\Cookie\\Middleware\\EncryptCookies->handle(Object(Illuminate\\Http\\Request), Object(Closure))
#48 /Users/evills/developer/AudazPOS/vendor/laravel/framework/src/Illuminate/Pipeline/Pipeline.php(116): Illuminate\\Pipeline\\Pipeline->Illuminate\\Pipeline\\{closure}(Object(Illuminate\\Http\\Request))
#49 /Users/evills/developer/AudazPOS/vendor/laravel/framework/src/Illuminate/Routing/Router.php(797): Illuminate\\Pipeline\\Pipeline->then(Object(Closure))
#50 /Users/evills/developer/AudazPOS/vendor/laravel/framework/src/Illuminate/Routing/Router.php(776): Illuminate\\Routing\\Router->runRouteWithinStack(Object(Illuminate\\Routing\\Route), Object(Illuminate\\Http\\Request))
#51 /Users/evills/developer/AudazPOS/vendor/laravel/framework/src/Illuminate/Routing/Router.php(740): Illuminate\\Routing\\Router->runRoute(Object(Illuminate\\Http\\Request), Object(Illuminate\\Routing\\Route))
#52 /Users/evills/developer/AudazPOS/vendor/laravel/framework/src/Illuminate/Routing/Router.php(729): Illuminate\\Routing\\Router->dispatchToRoute(Object(Illuminate\\Http\\Request))
#53 /Users/evills/developer/AudazPOS/vendor/laravel/framework/src/Illuminate/Foundation/Http/Kernel.php(190): Illuminate\\Routing\\Router->dispatch(Object(Illuminate\\Http\\Request))
#54 /Users/evills/developer/AudazPOS/vendor/laravel/framework/src/Illuminate/Pipeline/Pipeline.php(141): Illuminate\\Foundation\\Http\\Kernel->Illuminate\\Foundation\\Http\\{closure}(Object(Illuminate\\Http\\Request))
#55 /Users/evills/developer/AudazPOS/vendor/barryvdh/laravel-debugbar/src/Middleware/InjectDebugbar.php(59): Illuminate\\Pipeline\\Pipeline->Illuminate\\Pipeline\\{closure}(Object(Illuminate\\Http\\Request))
#56 /Users/evills/developer/AudazPOS/vendor/laravel/framework/src/Illuminate/Pipeline/Pipeline.php(180): Barryvdh\\Debugbar\\Middleware\\InjectDebugbar->handle(Object(Illuminate\\Http\\Request), Object(Closure))
#57 /Users/evills/developer/AudazPOS/vendor/laravel/framework/src/Illuminate/Foundation/Http/Middleware/TransformsRequest.php(21): Illuminate\\Pipeline\\Pipeline->Illuminate\\Pipeline\\{closure}(Object(Illuminate\\Http\\Request))
#58 /Users/evills/developer/AudazPOS/vendor/laravel/framework/src/Illuminate/Foundation/Http/Middleware/ConvertEmptyStringsToNull.php(31): Illuminate\\Foundation\\Http\\Middleware\\TransformsRequest->handle(Object(Illuminate\\Http\\Request), Object(Closure))
#59 /Users/evills/developer/AudazPOS/vendor/laravel/framework/src/Illuminate/Pipeline/Pipeline.php(180): Illuminate\\Foundation\\Http\\Middleware\\ConvertEmptyStringsToNull->handle(Object(Illuminate\\Http\\Request), Object(Closure))
#60 /Users/evills/developer/AudazPOS/vendor/laravel/framework/src/Illuminate/Foundation/Http/Middleware/TransformsRequest.php(21): Illuminate\\Pipeline\\Pipeline->Illuminate\\Pipeline\\{closure}(Object(Illuminate\\Http\\Request))
#61 /Users/evills/developer/AudazPOS/vendor/laravel/framework/src/Illuminate/Foundation/Http/Middleware/TrimStrings.php(40): Illuminate\\Foundation\\Http\\Middleware\\TransformsRequest->handle(Object(Illuminate\\Http\\Request), Object(Closure))
#62 /Users/evills/developer/AudazPOS/vendor/laravel/framework/src/Illuminate/Pipeline/Pipeline.php(180): Illuminate\\Foundation\\Http\\Middleware\\TrimStrings->handle(Object(Illuminate\\Http\\Request), Object(Closure))
#63 /Users/evills/developer/AudazPOS/vendor/laravel/framework/src/Illuminate/Foundation/Http/Middleware/ValidatePostSize.php(27): Illuminate\\Pipeline\\Pipeline->Illuminate\\Pipeline\\{closure}(Object(Illuminate\\Http\\Request))
#64 /Users/evills/developer/AudazPOS/vendor/laravel/framework/src/Illuminate/Pipeline/Pipeline.php(180): Illuminate\\Foundation\\Http\\Middleware\\ValidatePostSize->handle(Object(Illuminate\\Http\\Request), Object(Closure))
#65 /Users/evills/developer/AudazPOS/vendor/laravel/framework/src/Illuminate/Foundation/Http/Middleware/PreventRequestsDuringMaintenance.php(86): Illuminate\\Pipeline\\Pipeline->Illuminate\\Pipeline\\{closure}(Object(Illuminate\\Http\\Request))
#66 /Users/evills/developer/AudazPOS/vendor/laravel/framework/src/Illuminate/Pipeline/Pipeline.php(180): Illuminate\\Foundation\\Http\\Middleware\\PreventRequestsDuringMaintenance->handle(Object(Illuminate\\Http\\Request), Object(Closure))
#67 /Users/evills/developer/AudazPOS/vendor/laravel/framework/src/Illuminate/Http/Middleware/HandleCors.php(49): Illuminate\\Pipeline\\Pipeline->Illuminate\\Pipeline\\{closure}(Object(Illuminate\\Http\\Request))
#68 /Users/evills/developer/AudazPOS/vendor/laravel/framework/src/Illuminate/Pipeline/Pipeline.php(180): Illuminate\\Http\\Middleware\\HandleCors->handle(Object(Illuminate\\Http\\Request), Object(Closure))
#69 /Users/evills/developer/AudazPOS/vendor/laravel/framework/src/Illuminate/Http/Middleware/TrustProxies.php(39): Illuminate\\Pipeline\\Pipeline->Illuminate\\Pipeline\\{closure}(Object(Illuminate\\Http\\Request))
#70 /Users/evills/developer/AudazPOS/vendor/laravel/framework/src/Illuminate/Pipeline/Pipeline.php(180): Illuminate\\Http\\Middleware\\TrustProxies->handle(Object(Illuminate\\Http\\Request), Object(Closure))
#71 /Users/evills/developer/AudazPOS/vendor/laravel/framework/src/Illuminate/Pipeline/Pipeline.php(116): Illuminate\\Pipeline\\Pipeline->Illuminate\\Pipeline\\{closure}(Object(Illuminate\\Http\\Request))
#72 /Users/evills/developer/AudazPOS/vendor/laravel/framework/src/Illuminate/Foundation/Http/Kernel.php(165): Illuminate\\Pipeline\\Pipeline->then(Object(Closure))
#73 /Users/evills/developer/AudazPOS/vendor/laravel/framework/src/Illuminate/Foundation/Http/Kernel.php(134): Illuminate\\Foundation\\Http\\Kernel->sendRequestThroughRouter(Object(Illuminate\\Http\\Request))
#74 /Users/evills/developer/AudazPOS/public/index.php(51): Illuminate\\Foundation\\Http\\Kernel->handle(Object(Illuminate\\Http\\Request))
#75 /Applications/Herd.app/Contents/Resources/valet/server.php(167): require('/Users/evills/d...')
#76 {main}

[previous exception] [object] (PDOException(code: 2002): SQLSTATE[HY000] [2002] Connection refused at /Users/evills/developer/AudazPOS/vendor/laravel/framework/src/Illuminate/Database/Connectors/Connector.php:70)
[stacktrace]
#0 /Users/evills/developer/AudazPOS/vendor/laravel/framework/src/Illuminate/Database/Connectors/Connector.php(70): PDO->__construct('mysql:host=127....', 'root', Object(SensitiveParameterValue), Array)
#1 /Users/evills/developer/AudazPOS/vendor/laravel/framework/src/Illuminate/Database/Connectors/Connector.php(100): Illuminate\\Database\\Connectors\\Connector->createPdoConnection('mysql:host=127....', 'root', '', Array)
#2 /Users/evills/developer/AudazPOS/vendor/laravel/framework/src/Illuminate/Database/Connectors/Connector.php(49): Illuminate\\Database\\Connectors\\Connector->tryAgainIfCausedByLostConnection(Object(PDOException), 'mysql:host=127....', 'root', '', Array)
#3 /Users/evills/developer/AudazPOS/vendor/laravel/framework/src/Illuminate/Database/Connectors/MySqlConnector.php(24): Illuminate\\Database\\Connectors\\Connector->createConnection('mysql:host=127....', Array, Array)
#4 /Users/evills/developer/AudazPOS/vendor/laravel/framework/src/Illuminate/Database/Connectors/ConnectionFactory.php(184): Illuminate\\Database\\Connectors\\MySqlConnector->connect(Array)
#5 [internal function]: Illuminate\\Database\\Connectors\\ConnectionFactory->Illuminate\\Database\\Connectors\\{closure}()
#6 /Users/evills/developer/AudazPOS/vendor/laravel/framework/src/Illuminate/Database/Connection.php(1181): call_user_func(Object(Closure))
#7 /Users/evills/developer/AudazPOS/vendor/laravel/framework/src/Illuminate/Database/Connection.php(1217): Illuminate\\Database\\Connection->getPdo()
#8 /Users/evills/developer/AudazPOS/vendor/laravel/framework/src/Illuminate/Database/Connection.php(486): Illuminate\\Database\\Connection->getReadPdo()
#9 /Users/evills/developer/AudazPOS/vendor/laravel/framework/src/Illuminate/Database/Connection.php(414): Illuminate\\Database\\Connection->getPdoForSelect(true)
#10 /Users/evills/developer/AudazPOS/vendor/laravel/framework/src/Illuminate/Database/Connection.php(753): Illuminate\\Database\\Connection->Illuminate\\Database\\{closure}('select `value`,...', Array)
#11 /Users/evills/developer/AudazPOS/vendor/laravel/framework/src/Illuminate/Database/Connection.php(899): Illuminate\\Database\\Connection->runQueryCallback('select `value`,...', Array, Object(Closure))
#12 /Users/evills/developer/AudazPOS/vendor/laravel/framework/src/Illuminate/Database/Connection.php(878): Illuminate\\Database\\Connection->tryAgainIfCausedByLostConnection(Object(Illuminate\\Database\\QueryException), 'select `value`,...', Array, Object(Closure))
#13 /Users/evills/developer/AudazPOS/vendor/laravel/framework/src/Illuminate/Database/Connection.php(722): Illuminate\\Database\\Connection->handleQueryException(Object(Illuminate\\Database\\QueryException), 'select `value`,...', Array, Object(Closure))
#14 /Users/evills/developer/AudazPOS/vendor/laravel/framework/src/Illuminate/Database/Connection.php(405): Illuminate\\Database\\Connection->run('select `value`,...', Array, Object(Closure))
#15 /Users/evills/developer/AudazPOS/vendor/laravel/framework/src/Illuminate/Database/Query/Builder.php(2705): Illuminate\\Database\\Connection->select('select `value`,...', Array, true)
#16 /Users/evills/developer/AudazPOS/vendor/laravel/framework/src/Illuminate/Database/Query/Builder.php(2920): Illuminate\\Database\\Query\\Builder->runSelect()
#17 /Users/evills/developer/AudazPOS/vendor/laravel/framework/src/Illuminate/Database/Query/Builder.php(3230): Illuminate\\Database\\Query\\Builder->Illuminate\\Database\\Query\\{closure}()
#18 /Users/evills/developer/AudazPOS/vendor/laravel/framework/src/Illuminate/Database/Query/Builder.php(2916): Illuminate\\Database\\Query\\Builder->onceWithColumns(Array, Object(Closure))
#19 /Users/evills/developer/AudazPOS/vendor/laravel/framework/src/Illuminate/Database/Eloquent/Builder.php(860): Illuminate\\Database\\Query\\Builder->pluck('value', 'key')
#20 /Users/evills/developer/AudazPOS/app/System.php(58): Illuminate\\Database\\Eloquent\\Builder->pluck('value', 'key')
#21 /Users/evills/developer/AudazPOS/app/Providers/AppServiceProvider.php(99): App\\System::getProperties(Array, true)
#22 /Users/evills/developer/AudazPOS/vendor/laravel/framework/src/Illuminate/View/Concerns/ManagesEvents.php(162): App\\Providers\\AppServiceProvider->App\\Providers\\{closure}(Object(Illuminate\\View\\View))
#23 /Users/evills/developer/AudazPOS/vendor/laravel/framework/src/Illuminate/Events/Dispatcher.php(418): Illuminate\\View\\Factory->Illuminate\\View\\Concerns\\{closure}('composing: layo...', Array)
#24 /Users/evills/developer/AudazPOS/vendor/laravel/framework/src/Illuminate/Events/Dispatcher.php(249): Illuminate\\Events\\Dispatcher->Illuminate\\Events\\{closure}('composing: layo...', Array)
#25 /Users/evills/developer/AudazPOS/vendor/laravel/framework/src/Illuminate/View/Concerns/ManagesEvents.php(177): Illuminate\\Events\\Dispatcher->dispatch('composing: layo...', Array)
#26 /Users/evills/developer/AudazPOS/vendor/laravel/framework/src/Illuminate/View/View.php(176): Illuminate\\View\\Factory->callComposer(Object(Illuminate\\View\\View))
#27 /Users/evills/developer/AudazPOS/vendor/laravel/framework/src/Illuminate/View/View.php(147): Illuminate\\View\\View->renderContents()
#28 /Users/evills/developer/AudazPOS/storage/framework/views/1ccf6133b823725648c8fd2c3f82ead804f71f4a.php(18): Illuminate\\View\\View->render()
#29 /Users/evills/developer/AudazPOS/vendor/laravel/framework/src/Illuminate/Filesystem/Filesystem.php(109): require('/Users/evills/d...')
#30 /Users/evills/developer/AudazPOS/vendor/laravel/framework/src/Illuminate/Filesystem/Filesystem.php(110): Illuminate\\Filesystem\\Filesystem::Illuminate\\Filesystem\\{closure}()
#31 /Users/evills/developer/AudazPOS/vendor/laravel/framework/src/Illuminate/View/Engines/PhpEngine.php(58): Illuminate\\Filesystem\\Filesystem->getRequire('/Users/evills/d...', Array)
#32 /Users/evills/developer/AudazPOS/vendor/laravel/framework/src/Illuminate/View/Engines/CompilerEngine.php(70): Illuminate\\View\\Engines\\PhpEngine->evaluatePath('/Users/evills/d...', Array)
#33 /Users/evills/developer/AudazPOS/vendor/laravel/framework/src/Illuminate/View/View.php(195): Illuminate\\View\\Engines\\CompilerEngine->get('/Users/evills/d...', Array)
#34 /Users/evills/developer/AudazPOS/vendor/laravel/framework/src/Illuminate/View/View.php(178): Illuminate\\View\\View->getContents()
#35 /Users/evills/developer/AudazPOS/vendor/laravel/framework/src/Illuminate/View/View.php(147): Illuminate\\View\\View->renderContents()
#36 /Users/evills/developer/AudazPOS/vendor/laravel/framework/src/Illuminate/Http/Response.php(69): Illuminate\\View\\View->render()
#37 /Users/evills/developer/AudazPOS/vendor/laravel/framework/src/Illuminate/Http/Response.php(35): Illuminate\\Http\\Response->setContent(Object(Illuminate\\View\\View))
#38 /Users/evills/developer/AudazPOS/vendor/laravel/framework/src/Illuminate/Routing/Router.php(906): Illuminate\\Http\\Response->__construct(Object(Illuminate\\View\\View), 200, Array)
#39 /Users/evills/developer/AudazPOS/vendor/laravel/framework/src/Illuminate/Routing/Router.php(875): Illuminate\\Routing\\Router::toResponse(Object(Illuminate\\Http\\Request), Object(Illuminate\\View\\View))
#40 /Users/evills/developer/AudazPOS/vendor/laravel/framework/src/Illuminate/Routing/Router.php(797): Illuminate\\Routing\\Router->prepareResponse(Object(Illuminate\\Http\\Request), Object(Illuminate\\View\\View))
#41 /Users/evills/developer/AudazPOS/vendor/laravel/framework/src/Illuminate/Pipeline/Pipeline.php(141): Illuminate\\Routing\\Router->Illuminate\\Routing\\{closure}(Object(Illuminate\\Http\\Request))
#42 /Users/evills/developer/AudazPOS/app/Http/Middleware/IsInstalled.php(50): Illuminate\\Pipeline\\Pipeline->Illuminate\\Pipeline\\{closure}(Object(Illuminate\\Http\\Request))
#43 /Users/evills/developer/AudazPOS/vendor/laravel/framework/src/Illuminate/Pipeline/Pipeline.php(180): App\\Http\\Middleware\\IsInstalled->handle(Object(Illuminate\\Http\\Request), Object(Closure))
#44 /Users/evills/developer/AudazPOS/vendor/barryvdh/laravel-debugbar/src/Middleware/InjectDebugbar.php(59): Illuminate\\Pipeline\\Pipeline->Illuminate\\Pipeline\\{closure}(Object(Illuminate\\Http\\Request))
#45 /Users/evills/developer/AudazPOS/vendor/laravel/framework/src/Illuminate/Pipeline/Pipeline.php(180): Barryvdh\\Debugbar\\Middleware\\InjectDebugbar->handle(Object(Illuminate\\Http\\Request), Object(Closure))
#46 /Users/evills/developer/AudazPOS/vendor/laravel/framework/src/Illuminate/Routing/Middleware/SubstituteBindings.php(50): Illuminate\\Pipeline\\Pipeline->Illuminate\\Pipeline\\{closure}(Object(Illuminate\\Http\\Request))
#47 /Users/evills/developer/AudazPOS/vendor/laravel/framework/src/Illuminate/Pipeline/Pipeline.php(180): Illuminate\\Routing\\Middleware\\SubstituteBindings->handle(Object(Illuminate\\Http\\Request), Object(Closure))
#48 /Users/evills/developer/AudazPOS/vendor/laravel/framework/src/Illuminate/Foundation/Http/Middleware/VerifyCsrfToken.php(78): Illuminate\\Pipeline\\Pipeline->Illuminate\\Pipeline\\{closure}(Object(Illuminate\\Http\\Request))
#49 /Users/evills/developer/AudazPOS/vendor/laravel/framework/src/Illuminate/Pipeline/Pipeline.php(180): Illuminate\\Foundation\\Http\\Middleware\\VerifyCsrfToken->handle(Object(Illuminate\\Http\\Request), Object(Closure))
#50 /Users/evills/developer/AudazPOS/vendor/laravel/framework/src/Illuminate/View/Middleware/ShareErrorsFromSession.php(49): Illuminate\\Pipeline\\Pipeline->Illuminate\\Pipeline\\{closure}(Object(Illuminate\\Http\\Request))
#51 /Users/evills/developer/AudazPOS/vendor/laravel/framework/src/Illuminate/Pipeline/Pipeline.php(180): Illuminate\\View\\Middleware\\ShareErrorsFromSession->handle(Object(Illuminate\\Http\\Request), Object(Closure))
#52 /Users/evills/developer/AudazPOS/vendor/laravel/framework/src/Illuminate/Session/Middleware/StartSession.php(121): Illuminate\\Pipeline\\Pipeline->Illuminate\\Pipeline\\{closure}(Object(Illuminate\\Http\\Request))
#53 /Users/evills/developer/AudazPOS/vendor/laravel/framework/src/Illuminate/Session/Middleware/StartSession.php(64): Illuminate\\Session\\Middleware\\StartSession->handleStatefulRequest(Object(Illuminate\\Http\\Request), Object(Illuminate\\Session\\Store), Object(Closure))
#54 /Users/evills/developer/AudazPOS/vendor/laravel/framework/src/Illuminate/Pipeline/Pipeline.php(180): Illuminate\\Session\\Middleware\\StartSession->handle(Object(Illuminate\\Http\\Request), Object(Closure))
#55 /Users/evills/developer/AudazPOS/vendor/laravel/framework/src/Illuminate/Cookie/Middleware/AddQueuedCookiesToResponse.php(37): Illuminate\\Pipeline\\Pipeline->Illuminate\\Pipeline\\{closure}(Object(Illuminate\\Http\\Request))
#56 /Users/evills/developer/AudazPOS/vendor/laravel/framework/src/Illuminate/Pipeline/Pipeline.php(180): Illuminate\\Cookie\\Middleware\\AddQueuedCookiesToResponse->handle(Object(Illuminate\\Http\\Request), Object(Closure))
#57 /Users/evills/developer/AudazPOS/vendor/laravel/framework/src/Illuminate/Cookie/Middleware/EncryptCookies.php(67): Illuminate\\Pipeline\\Pipeline->Illuminate\\Pipeline\\{closure}(Object(Illuminate\\Http\\Request))
#58 /Users/evills/developer/AudazPOS/vendor/laravel/framework/src/Illuminate/Pipeline/Pipeline.php(180): Illuminate\\Cookie\\Middleware\\EncryptCookies->handle(Object(Illuminate\\Http\\Request), Object(Closure))
#59 /Users/evills/developer/AudazPOS/vendor/laravel/framework/src/Illuminate/Pipeline/Pipeline.php(116): Illuminate\\Pipeline\\Pipeline->Illuminate\\Pipeline\\{closure}(Object(Illuminate\\Http\\Request))
#60 /Users/evills/developer/AudazPOS/vendor/laravel/framework/src/Illuminate/Routing/Router.php(797): Illuminate\\Pipeline\\Pipeline->then(Object(Closure))
#61 /Users/evills/developer/AudazPOS/vendor/laravel/framework/src/Illuminate/Routing/Router.php(776): Illuminate\\Routing\\Router->runRouteWithinStack(Object(Illuminate\\Routing\\Route), Object(Illuminate\\Http\\Request))
#62 /Users/evills/developer/AudazPOS/vendor/laravel/framework/src/Illuminate/Routing/Router.php(740): Illuminate\\Routing\\Router->runRoute(Object(Illuminate\\Http\\Request), Object(Illuminate\\Routing\\Route))
#63 /Users/evills/developer/AudazPOS/vendor/laravel/framework/src/Illuminate/Routing/Router.php(729): Illuminate\\Routing\\Router->dispatchToRoute(Object(Illuminate\\Http\\Request))
#64 /Users/evills/developer/AudazPOS/vendor/laravel/framework/src/Illuminate/Foundation/Http/Kernel.php(190): Illuminate\\Routing\\Router->dispatch(Object(Illuminate\\Http\\Request))
#65 /Users/evills/developer/AudazPOS/vendor/laravel/framework/src/Illuminate/Pipeline/Pipeline.php(141): Illuminate\\Foundation\\Http\\Kernel->Illuminate\\Foundation\\Http\\{closure}(Object(Illuminate\\Http\\Request))
#66 /Users/evills/developer/AudazPOS/vendor/barryvdh/laravel-debugbar/src/Middleware/InjectDebugbar.php(59): Illuminate\\Pipeline\\Pipeline->Illuminate\\Pipeline\\{closure}(Object(Illuminate\\Http\\Request))
#67 /Users/evills/developer/AudazPOS/vendor/laravel/framework/src/Illuminate/Pipeline/Pipeline.php(180): Barryvdh\\Debugbar\\Middleware\\InjectDebugbar->handle(Object(Illuminate\\Http\\Request), Object(Closure))
#68 /Users/evills/developer/AudazPOS/vendor/laravel/framework/src/Illuminate/Foundation/Http/Middleware/TransformsRequest.php(21): Illuminate\\Pipeline\\Pipeline->Illuminate\\Pipeline\\{closure}(Object(Illuminate\\Http\\Request))
#69 /Users/evills/developer/AudazPOS/vendor/laravel/framework/src/Illuminate/Foundation/Http/Middleware/ConvertEmptyStringsToNull.php(31): Illuminate\\Foundation\\Http\\Middleware\\TransformsRequest->handle(Object(Illuminate\\Http\\Request), Object(Closure))
#70 /Users/evills/developer/AudazPOS/vendor/laravel/framework/src/Illuminate/Pipeline/Pipeline.php(180): Illuminate\\Foundation\\Http\\Middleware\\ConvertEmptyStringsToNull->handle(Object(Illuminate\\Http\\Request), Object(Closure))
#71 /Users/evills/developer/AudazPOS/vendor/laravel/framework/src/Illuminate/Foundation/Http/Middleware/TransformsRequest.php(21): Illuminate\\Pipeline\\Pipeline->Illuminate\\Pipeline\\{closure}(Object(Illuminate\\Http\\Request))
#72 /Users/evills/developer/AudazPOS/vendor/laravel/framework/src/Illuminate/Foundation/Http/Middleware/TrimStrings.php(40): Illuminate\\Foundation\\Http\\Middleware\\TransformsRequest->handle(Object(Illuminate\\Http\\Request), Object(Closure))
#73 /Users/evills/developer/AudazPOS/vendor/laravel/framework/src/Illuminate/Pipeline/Pipeline.php(180): Illuminate\\Foundation\\Http\\Middleware\\TrimStrings->handle(Object(Illuminate\\Http\\Request), Object(Closure))
#74 /Users/evills/developer/AudazPOS/vendor/laravel/framework/src/Illuminate/Foundation/Http/Middleware/ValidatePostSize.php(27): Illuminate\\Pipeline\\Pipeline->Illuminate\\Pipeline\\{closure}(Object(Illuminate\\Http\\Request))
#75 /Users/evills/developer/AudazPOS/vendor/laravel/framework/src/Illuminate/Pipeline/Pipeline.php(180): Illuminate\\Foundation\\Http\\Middleware\\ValidatePostSize->handle(Object(Illuminate\\Http\\Request), Object(Closure))
#76 /Users/evills/developer/AudazPOS/vendor/laravel/framework/src/Illuminate/Foundation/Http/Middleware/PreventRequestsDuringMaintenance.php(86): Illuminate\\Pipeline\\Pipeline->Illuminate\\Pipeline\\{closure}(Object(Illuminate\\Http\\Request))
#77 /Users/evills/developer/AudazPOS/vendor/laravel/framework/src/Illuminate/Pipeline/Pipeline.php(180): Illuminate\\Foundation\\Http\\Middleware\\PreventRequestsDuringMaintenance->handle(Object(Illuminate\\Http\\Request), Object(Closure))
#78 /Users/evills/developer/AudazPOS/vendor/laravel/framework/src/Illuminate/Http/Middleware/HandleCors.php(49): Illuminate\\Pipeline\\Pipeline->Illuminate\\Pipeline\\{closure}(Object(Illuminate\\Http\\Request))
#79 /Users/evills/developer/AudazPOS/vendor/laravel/framework/src/Illuminate/Pipeline/Pipeline.php(180): Illuminate\\Http\\Middleware\\HandleCors->handle(Object(Illuminate\\Http\\Request), Object(Closure))
#80 /Users/evills/developer/AudazPOS/vendor/laravel/framework/src/Illuminate/Http/Middleware/TrustProxies.php(39): Illuminate\\Pipeline\\Pipeline->Illuminate\\Pipeline\\{closure}(Object(Illuminate\\Http\\Request))
#81 /Users/evills/developer/AudazPOS/vendor/laravel/framework/src/Illuminate/Pipeline/Pipeline.php(180): Illuminate\\Http\\Middleware\\TrustProxies->handle(Object(Illuminate\\Http\\Request), Object(Closure))
#82 /Users/evills/developer/AudazPOS/vendor/laravel/framework/src/Illuminate/Pipeline/Pipeline.php(116): Illuminate\\Pipeline\\Pipeline->Illuminate\\Pipeline\\{closure}(Object(Illuminate\\Http\\Request))
#83 /Users/evills/developer/AudazPOS/vendor/laravel/framework/src/Illuminate/Foundation/Http/Kernel.php(165): Illuminate\\Pipeline\\Pipeline->then(Object(Closure))
#84 /Users/evills/developer/AudazPOS/vendor/laravel/framework/src/Illuminate/Foundation/Http/Kernel.php(134): Illuminate\\Foundation\\Http\\Kernel->sendRequestThroughRouter(Object(Illuminate\\Http\\Request))
#85 /Users/evills/developer/AudazPOS/public/index.php(51): Illuminate\\Foundation\\Http\\Kernel->handle(Object(Illuminate\\Http\\Request))
#86 /Applications/Herd.app/Contents/Resources/valet/server.php(167): require('/Users/evills/d...')
#87 {main}
"} 
[2025-05-26 19:03:30] local.ERROR: SQLSTATE[HY000] [2002] Connection refused (SQL: select `value`, `key` from `system` where `key` in (additional_js, additional_css)) {"view":{"view":"/Users/evills/developer/AudazPOS/resources/views/welcome.blade.php","data":{"asset_v":"<pre class=sf-dump id=sf-dump-1410820752 data-indent-pad=\"  \"><span class=sf-dump-num>670</span>
</pre><script>Sfdump(\"sf-dump-1410820752\", {\"maxDepth\":3,\"maxStringLength\":160})</script>
","errors":"<pre class=sf-dump id=sf-dump-1531531613 data-indent-pad=\"  \"><span class=sf-dump-note>Illuminate\\Support\\ViewErrorBag</span> {<a class=sf-dump-ref>#2260</a><samp data-depth=1 class=sf-dump-expanded>
  #<span class=sf-dump-protected title=\"Protected property\">bags</span>: []
</samp>}
</pre><script>Sfdump(\"sf-dump-1531531613\", {\"maxDepth\":3,\"maxStringLength\":160})</script>
","enabled_modules":"<pre class=sf-dump id=sf-dump-1660829938 data-indent-pad=\"  \">[]
</pre><script>Sfdump(\"sf-dump-1660829938\", {\"maxDepth\":3,\"maxStringLength\":160})</script>
","__is_pusher_enabled":"<pre class=sf-dump id=sf-dump-1051198341 data-indent-pad=\"  \"><span class=sf-dump-const>false</span>
</pre><script>Sfdump(\"sf-dump-1051198341\", {\"maxDepth\":3,\"maxStringLength\":160})</script>
"}},"exception":"[object] (Spatie\\LaravelIgnition\\Exceptions\\ViewException(code: 0): SQLSTATE[HY000] [2002] Connection refused (SQL: select `value`, `key` from `system` where `key` in (additional_js, additional_css)) at /Users/evills/developer/AudazPOS/vendor/laravel/framework/src/Illuminate/Database/Connection.php:760)
[stacktrace]
#0 /Users/evills/developer/AudazPOS/vendor/laravel/framework/src/Illuminate/Database/Connection.php(899): Illuminate\\Database\\Connection->runQueryCallback('select `value`,...', Array, Object(Closure))
#1 /Users/evills/developer/AudazPOS/vendor/laravel/framework/src/Illuminate/Database/Connection.php(878): Illuminate\\Database\\Connection->tryAgainIfCausedByLostConnection(Object(Illuminate\\Database\\QueryException), 'select `value`,...', Array, Object(Closure))
#2 /Users/evills/developer/AudazPOS/vendor/laravel/framework/src/Illuminate/Database/Connection.php(722): Illuminate\\Database\\Connection->handleQueryException(Object(Illuminate\\Database\\QueryException), 'select `value`,...', Array, Object(Closure))
#3 /Users/evills/developer/AudazPOS/vendor/laravel/framework/src/Illuminate/Database/Connection.php(405): Illuminate\\Database\\Connection->run('select `value`,...', Array, Object(Closure))
#4 /Users/evills/developer/AudazPOS/vendor/laravel/framework/src/Illuminate/Database/Query/Builder.php(2705): Illuminate\\Database\\Connection->select('select `value`,...', Array, true)
#5 /Users/evills/developer/AudazPOS/vendor/laravel/framework/src/Illuminate/Database/Query/Builder.php(2920): Illuminate\\Database\\Query\\Builder->runSelect()
#6 /Users/evills/developer/AudazPOS/vendor/laravel/framework/src/Illuminate/Database/Query/Builder.php(3230): Illuminate\\Database\\Query\\Builder->Illuminate\\Database\\Query\\{closure}()
#7 /Users/evills/developer/AudazPOS/vendor/laravel/framework/src/Illuminate/Database/Query/Builder.php(2916): Illuminate\\Database\\Query\\Builder->onceWithColumns(Array, Object(Closure))
#8 /Users/evills/developer/AudazPOS/vendor/laravel/framework/src/Illuminate/Database/Eloquent/Builder.php(860): Illuminate\\Database\\Query\\Builder->pluck('value', 'key')
#9 /Users/evills/developer/AudazPOS/app/System.php(58): Illuminate\\Database\\Eloquent\\Builder->pluck('value', 'key')
#10 /Users/evills/developer/AudazPOS/app/Providers/AppServiceProvider.php(99): App\\System::getProperties(Array, true)
#11 /Users/evills/developer/AudazPOS/vendor/laravel/framework/src/Illuminate/View/Concerns/ManagesEvents.php(162): App\\Providers\\AppServiceProvider->App\\Providers\\{closure}(Object(Illuminate\\View\\View))
#12 /Users/evills/developer/AudazPOS/vendor/laravel/framework/src/Illuminate/Events/Dispatcher.php(418): Illuminate\\View\\Factory->Illuminate\\View\\Concerns\\{closure}('composing: layo...', Array)
#13 /Users/evills/developer/AudazPOS/vendor/laravel/framework/src/Illuminate/Events/Dispatcher.php(249): Illuminate\\Events\\Dispatcher->Illuminate\\Events\\{closure}('composing: layo...', Array)
#14 /Users/evills/developer/AudazPOS/vendor/laravel/framework/src/Illuminate/View/Concerns/ManagesEvents.php(177): Illuminate\\Events\\Dispatcher->dispatch('composing: layo...', Array)
#15 /Users/evills/developer/AudazPOS/vendor/laravel/framework/src/Illuminate/View/View.php(176): Illuminate\\View\\Factory->callComposer(Object(Illuminate\\View\\View))
#16 /Users/evills/developer/AudazPOS/vendor/laravel/framework/src/Illuminate/View/View.php(147): Illuminate\\View\\View->renderContents()
#17 /Users/evills/developer/AudazPOS/resources/views/welcome.blade.php(15): Illuminate\\View\\View->render()
#18 /Users/evills/developer/AudazPOS/vendor/laravel/framework/src/Illuminate/Filesystem/Filesystem.php(109): require('/Users/evills/d...')
#19 /Users/evills/developer/AudazPOS/vendor/laravel/framework/src/Illuminate/Filesystem/Filesystem.php(110): Illuminate\\Filesystem\\Filesystem::Illuminate\\Filesystem\\{closure}()
#20 /Users/evills/developer/AudazPOS/vendor/laravel/framework/src/Illuminate/View/Engines/PhpEngine.php(58): Illuminate\\Filesystem\\Filesystem->getRequire('/Users/evills/d...', Array)
#21 /Users/evills/developer/AudazPOS/vendor/laravel/framework/src/Illuminate/View/Engines/CompilerEngine.php(70): Illuminate\\View\\Engines\\PhpEngine->evaluatePath('/Users/evills/d...', Array)
#22 /Users/evills/developer/AudazPOS/vendor/laravel/framework/src/Illuminate/View/View.php(195): Illuminate\\View\\Engines\\CompilerEngine->get('/Users/evills/d...', Array)
#23 /Users/evills/developer/AudazPOS/vendor/laravel/framework/src/Illuminate/View/View.php(178): Illuminate\\View\\View->getContents()
#24 /Users/evills/developer/AudazPOS/vendor/laravel/framework/src/Illuminate/View/View.php(147): Illuminate\\View\\View->renderContents()
#25 /Users/evills/developer/AudazPOS/vendor/laravel/framework/src/Illuminate/Http/Response.php(69): Illuminate\\View\\View->render()
#26 /Users/evills/developer/AudazPOS/vendor/laravel/framework/src/Illuminate/Http/Response.php(35): Illuminate\\Http\\Response->setContent(Object(Illuminate\\View\\View))
#27 /Users/evills/developer/AudazPOS/vendor/laravel/framework/src/Illuminate/Routing/Router.php(906): Illuminate\\Http\\Response->__construct(Object(Illuminate\\View\\View), 200, Array)
#28 /Users/evills/developer/AudazPOS/vendor/laravel/framework/src/Illuminate/Routing/Router.php(875): Illuminate\\Routing\\Router::toResponse(Object(Illuminate\\Http\\Request), Object(Illuminate\\View\\View))
#29 /Users/evills/developer/AudazPOS/vendor/laravel/framework/src/Illuminate/Routing/Router.php(797): Illuminate\\Routing\\Router->prepareResponse(Object(Illuminate\\Http\\Request), Object(Illuminate\\View\\View))
#30 /Users/evills/developer/AudazPOS/vendor/laravel/framework/src/Illuminate/Pipeline/Pipeline.php(141): Illuminate\\Routing\\Router->Illuminate\\Routing\\{closure}(Object(Illuminate\\Http\\Request))
#31 /Users/evills/developer/AudazPOS/app/Http/Middleware/IsInstalled.php(50): Illuminate\\Pipeline\\Pipeline->Illuminate\\Pipeline\\{closure}(Object(Illuminate\\Http\\Request))
#32 /Users/evills/developer/AudazPOS/vendor/laravel/framework/src/Illuminate/Pipeline/Pipeline.php(180): App\\Http\\Middleware\\IsInstalled->handle(Object(Illuminate\\Http\\Request), Object(Closure))
#33 /Users/evills/developer/AudazPOS/vendor/barryvdh/laravel-debugbar/src/Middleware/InjectDebugbar.php(59): Illuminate\\Pipeline\\Pipeline->Illuminate\\Pipeline\\{closure}(Object(Illuminate\\Http\\Request))
#34 /Users/evills/developer/AudazPOS/vendor/laravel/framework/src/Illuminate/Pipeline/Pipeline.php(180): Barryvdh\\Debugbar\\Middleware\\InjectDebugbar->handle(Object(Illuminate\\Http\\Request), Object(Closure))
#35 /Users/evills/developer/AudazPOS/vendor/laravel/framework/src/Illuminate/Routing/Middleware/SubstituteBindings.php(50): Illuminate\\Pipeline\\Pipeline->Illuminate\\Pipeline\\{closure}(Object(Illuminate\\Http\\Request))
#36 /Users/evills/developer/AudazPOS/vendor/laravel/framework/src/Illuminate/Pipeline/Pipeline.php(180): Illuminate\\Routing\\Middleware\\SubstituteBindings->handle(Object(Illuminate\\Http\\Request), Object(Closure))
#37 /Users/evills/developer/AudazPOS/vendor/laravel/framework/src/Illuminate/Foundation/Http/Middleware/VerifyCsrfToken.php(78): Illuminate\\Pipeline\\Pipeline->Illuminate\\Pipeline\\{closure}(Object(Illuminate\\Http\\Request))
#38 /Users/evills/developer/AudazPOS/vendor/laravel/framework/src/Illuminate/Pipeline/Pipeline.php(180): Illuminate\\Foundation\\Http\\Middleware\\VerifyCsrfToken->handle(Object(Illuminate\\Http\\Request), Object(Closure))
#39 /Users/evills/developer/AudazPOS/vendor/laravel/framework/src/Illuminate/View/Middleware/ShareErrorsFromSession.php(49): Illuminate\\Pipeline\\Pipeline->Illuminate\\Pipeline\\{closure}(Object(Illuminate\\Http\\Request))
#40 /Users/evills/developer/AudazPOS/vendor/laravel/framework/src/Illuminate/Pipeline/Pipeline.php(180): Illuminate\\View\\Middleware\\ShareErrorsFromSession->handle(Object(Illuminate\\Http\\Request), Object(Closure))
#41 /Users/evills/developer/AudazPOS/vendor/laravel/framework/src/Illuminate/Session/Middleware/StartSession.php(121): Illuminate\\Pipeline\\Pipeline->Illuminate\\Pipeline\\{closure}(Object(Illuminate\\Http\\Request))
#42 /Users/evills/developer/AudazPOS/vendor/laravel/framework/src/Illuminate/Session/Middleware/StartSession.php(64): Illuminate\\Session\\Middleware\\StartSession->handleStatefulRequest(Object(Illuminate\\Http\\Request), Object(Illuminate\\Session\\Store), Object(Closure))
#43 /Users/evills/developer/AudazPOS/vendor/laravel/framework/src/Illuminate/Pipeline/Pipeline.php(180): Illuminate\\Session\\Middleware\\StartSession->handle(Object(Illuminate\\Http\\Request), Object(Closure))
#44 /Users/evills/developer/AudazPOS/vendor/laravel/framework/src/Illuminate/Cookie/Middleware/AddQueuedCookiesToResponse.php(37): Illuminate\\Pipeline\\Pipeline->Illuminate\\Pipeline\\{closure}(Object(Illuminate\\Http\\Request))
#45 /Users/evills/developer/AudazPOS/vendor/laravel/framework/src/Illuminate/Pipeline/Pipeline.php(180): Illuminate\\Cookie\\Middleware\\AddQueuedCookiesToResponse->handle(Object(Illuminate\\Http\\Request), Object(Closure))
#46 /Users/evills/developer/AudazPOS/vendor/laravel/framework/src/Illuminate/Cookie/Middleware/EncryptCookies.php(67): Illuminate\\Pipeline\\Pipeline->Illuminate\\Pipeline\\{closure}(Object(Illuminate\\Http\\Request))
#47 /Users/evills/developer/AudazPOS/vendor/laravel/framework/src/Illuminate/Pipeline/Pipeline.php(180): Illuminate\\Cookie\\Middleware\\EncryptCookies->handle(Object(Illuminate\\Http\\Request), Object(Closure))
#48 /Users/evills/developer/AudazPOS/vendor/laravel/framework/src/Illuminate/Pipeline/Pipeline.php(116): Illuminate\\Pipeline\\Pipeline->Illuminate\\Pipeline\\{closure}(Object(Illuminate\\Http\\Request))
#49 /Users/evills/developer/AudazPOS/vendor/laravel/framework/src/Illuminate/Routing/Router.php(797): Illuminate\\Pipeline\\Pipeline->then(Object(Closure))
#50 /Users/evills/developer/AudazPOS/vendor/laravel/framework/src/Illuminate/Routing/Router.php(776): Illuminate\\Routing\\Router->runRouteWithinStack(Object(Illuminate\\Routing\\Route), Object(Illuminate\\Http\\Request))
#51 /Users/evills/developer/AudazPOS/vendor/laravel/framework/src/Illuminate/Routing/Router.php(740): Illuminate\\Routing\\Router->runRoute(Object(Illuminate\\Http\\Request), Object(Illuminate\\Routing\\Route))
#52 /Users/evills/developer/AudazPOS/vendor/laravel/framework/src/Illuminate/Routing/Router.php(729): Illuminate\\Routing\\Router->dispatchToRoute(Object(Illuminate\\Http\\Request))
#53 /Users/evills/developer/AudazPOS/vendor/laravel/framework/src/Illuminate/Foundation/Http/Kernel.php(190): Illuminate\\Routing\\Router->dispatch(Object(Illuminate\\Http\\Request))
#54 /Users/evills/developer/AudazPOS/vendor/laravel/framework/src/Illuminate/Pipeline/Pipeline.php(141): Illuminate\\Foundation\\Http\\Kernel->Illuminate\\Foundation\\Http\\{closure}(Object(Illuminate\\Http\\Request))
#55 /Users/evills/developer/AudazPOS/vendor/barryvdh/laravel-debugbar/src/Middleware/InjectDebugbar.php(59): Illuminate\\Pipeline\\Pipeline->Illuminate\\Pipeline\\{closure}(Object(Illuminate\\Http\\Request))
#56 /Users/evills/developer/AudazPOS/vendor/laravel/framework/src/Illuminate/Pipeline/Pipeline.php(180): Barryvdh\\Debugbar\\Middleware\\InjectDebugbar->handle(Object(Illuminate\\Http\\Request), Object(Closure))
#57 /Users/evills/developer/AudazPOS/vendor/laravel/framework/src/Illuminate/Foundation/Http/Middleware/TransformsRequest.php(21): Illuminate\\Pipeline\\Pipeline->Illuminate\\Pipeline\\{closure}(Object(Illuminate\\Http\\Request))
#58 /Users/evills/developer/AudazPOS/vendor/laravel/framework/src/Illuminate/Foundation/Http/Middleware/ConvertEmptyStringsToNull.php(31): Illuminate\\Foundation\\Http\\Middleware\\TransformsRequest->handle(Object(Illuminate\\Http\\Request), Object(Closure))
#59 /Users/evills/developer/AudazPOS/vendor/laravel/framework/src/Illuminate/Pipeline/Pipeline.php(180): Illuminate\\Foundation\\Http\\Middleware\\ConvertEmptyStringsToNull->handle(Object(Illuminate\\Http\\Request), Object(Closure))
#60 /Users/evills/developer/AudazPOS/vendor/laravel/framework/src/Illuminate/Foundation/Http/Middleware/TransformsRequest.php(21): Illuminate\\Pipeline\\Pipeline->Illuminate\\Pipeline\\{closure}(Object(Illuminate\\Http\\Request))
#61 /Users/evills/developer/AudazPOS/vendor/laravel/framework/src/Illuminate/Foundation/Http/Middleware/TrimStrings.php(40): Illuminate\\Foundation\\Http\\Middleware\\TransformsRequest->handle(Object(Illuminate\\Http\\Request), Object(Closure))
#62 /Users/evills/developer/AudazPOS/vendor/laravel/framework/src/Illuminate/Pipeline/Pipeline.php(180): Illuminate\\Foundation\\Http\\Middleware\\TrimStrings->handle(Object(Illuminate\\Http\\Request), Object(Closure))
#63 /Users/evills/developer/AudazPOS/vendor/laravel/framework/src/Illuminate/Foundation/Http/Middleware/ValidatePostSize.php(27): Illuminate\\Pipeline\\Pipeline->Illuminate\\Pipeline\\{closure}(Object(Illuminate\\Http\\Request))
#64 /Users/evills/developer/AudazPOS/vendor/laravel/framework/src/Illuminate/Pipeline/Pipeline.php(180): Illuminate\\Foundation\\Http\\Middleware\\ValidatePostSize->handle(Object(Illuminate\\Http\\Request), Object(Closure))
#65 /Users/evills/developer/AudazPOS/vendor/laravel/framework/src/Illuminate/Foundation/Http/Middleware/PreventRequestsDuringMaintenance.php(86): Illuminate\\Pipeline\\Pipeline->Illuminate\\Pipeline\\{closure}(Object(Illuminate\\Http\\Request))
#66 /Users/evills/developer/AudazPOS/vendor/laravel/framework/src/Illuminate/Pipeline/Pipeline.php(180): Illuminate\\Foundation\\Http\\Middleware\\PreventRequestsDuringMaintenance->handle(Object(Illuminate\\Http\\Request), Object(Closure))
#67 /Users/evills/developer/AudazPOS/vendor/laravel/framework/src/Illuminate/Http/Middleware/HandleCors.php(49): Illuminate\\Pipeline\\Pipeline->Illuminate\\Pipeline\\{closure}(Object(Illuminate\\Http\\Request))
#68 /Users/evills/developer/AudazPOS/vendor/laravel/framework/src/Illuminate/Pipeline/Pipeline.php(180): Illuminate\\Http\\Middleware\\HandleCors->handle(Object(Illuminate\\Http\\Request), Object(Closure))
#69 /Users/evills/developer/AudazPOS/vendor/laravel/framework/src/Illuminate/Http/Middleware/TrustProxies.php(39): Illuminate\\Pipeline\\Pipeline->Illuminate\\Pipeline\\{closure}(Object(Illuminate\\Http\\Request))
#70 /Users/evills/developer/AudazPOS/vendor/laravel/framework/src/Illuminate/Pipeline/Pipeline.php(180): Illuminate\\Http\\Middleware\\TrustProxies->handle(Object(Illuminate\\Http\\Request), Object(Closure))
#71 /Users/evills/developer/AudazPOS/vendor/laravel/framework/src/Illuminate/Pipeline/Pipeline.php(116): Illuminate\\Pipeline\\Pipeline->Illuminate\\Pipeline\\{closure}(Object(Illuminate\\Http\\Request))
#72 /Users/evills/developer/AudazPOS/vendor/laravel/framework/src/Illuminate/Foundation/Http/Kernel.php(165): Illuminate\\Pipeline\\Pipeline->then(Object(Closure))
#73 /Users/evills/developer/AudazPOS/vendor/laravel/framework/src/Illuminate/Foundation/Http/Kernel.php(134): Illuminate\\Foundation\\Http\\Kernel->sendRequestThroughRouter(Object(Illuminate\\Http\\Request))
#74 /Users/evills/developer/AudazPOS/public/index.php(51): Illuminate\\Foundation\\Http\\Kernel->handle(Object(Illuminate\\Http\\Request))
#75 /Applications/Herd.app/Contents/Resources/valet/server.php(167): require('/Users/evills/d...')
#76 {main}

[previous exception] [object] (Illuminate\\Database\\QueryException(code: 2002): SQLSTATE[HY000] [2002] Connection refused (SQL: select `value`, `key` from `system` where `key` in (additional_js, additional_css)) at /Users/evills/developer/AudazPOS/vendor/laravel/framework/src/Illuminate/Database/Connection.php:760)
[stacktrace]
#0 /Users/evills/developer/AudazPOS/vendor/laravel/framework/src/Illuminate/Database/Connection.php(899): Illuminate\\Database\\Connection->runQueryCallback('select `value`,...', Array, Object(Closure))
#1 /Users/evills/developer/AudazPOS/vendor/laravel/framework/src/Illuminate/Database/Connection.php(878): Illuminate\\Database\\Connection->tryAgainIfCausedByLostConnection(Object(Illuminate\\Database\\QueryException), 'select `value`,...', Array, Object(Closure))
#2 /Users/evills/developer/AudazPOS/vendor/laravel/framework/src/Illuminate/Database/Connection.php(722): Illuminate\\Database\\Connection->handleQueryException(Object(Illuminate\\Database\\QueryException), 'select `value`,...', Array, Object(Closure))
#3 /Users/evills/developer/AudazPOS/vendor/laravel/framework/src/Illuminate/Database/Connection.php(405): Illuminate\\Database\\Connection->run('select `value`,...', Array, Object(Closure))
#4 /Users/evills/developer/AudazPOS/vendor/laravel/framework/src/Illuminate/Database/Query/Builder.php(2705): Illuminate\\Database\\Connection->select('select `value`,...', Array, true)
#5 /Users/evills/developer/AudazPOS/vendor/laravel/framework/src/Illuminate/Database/Query/Builder.php(2920): Illuminate\\Database\\Query\\Builder->runSelect()
#6 /Users/evills/developer/AudazPOS/vendor/laravel/framework/src/Illuminate/Database/Query/Builder.php(3230): Illuminate\\Database\\Query\\Builder->Illuminate\\Database\\Query\\{closure}()
#7 /Users/evills/developer/AudazPOS/vendor/laravel/framework/src/Illuminate/Database/Query/Builder.php(2916): Illuminate\\Database\\Query\\Builder->onceWithColumns(Array, Object(Closure))
#8 /Users/evills/developer/AudazPOS/vendor/laravel/framework/src/Illuminate/Database/Eloquent/Builder.php(860): Illuminate\\Database\\Query\\Builder->pluck('value', 'key')
#9 /Users/evills/developer/AudazPOS/app/System.php(58): Illuminate\\Database\\Eloquent\\Builder->pluck('value', 'key')
#10 /Users/evills/developer/AudazPOS/app/Providers/AppServiceProvider.php(99): App\\System::getProperties(Array, true)
#11 /Users/evills/developer/AudazPOS/vendor/laravel/framework/src/Illuminate/View/Concerns/ManagesEvents.php(162): App\\Providers\\AppServiceProvider->App\\Providers\\{closure}(Object(Illuminate\\View\\View))
#12 /Users/evills/developer/AudazPOS/vendor/laravel/framework/src/Illuminate/Events/Dispatcher.php(418): Illuminate\\View\\Factory->Illuminate\\View\\Concerns\\{closure}('composing: layo...', Array)
#13 /Users/evills/developer/AudazPOS/vendor/laravel/framework/src/Illuminate/Events/Dispatcher.php(249): Illuminate\\Events\\Dispatcher->Illuminate\\Events\\{closure}('composing: layo...', Array)
#14 /Users/evills/developer/AudazPOS/vendor/laravel/framework/src/Illuminate/View/Concerns/ManagesEvents.php(177): Illuminate\\Events\\Dispatcher->dispatch('composing: layo...', Array)
#15 /Users/evills/developer/AudazPOS/vendor/laravel/framework/src/Illuminate/View/View.php(176): Illuminate\\View\\Factory->callComposer(Object(Illuminate\\View\\View))
#16 /Users/evills/developer/AudazPOS/vendor/laravel/framework/src/Illuminate/View/View.php(147): Illuminate\\View\\View->renderContents()
#17 /Users/evills/developer/AudazPOS/storage/framework/views/1ccf6133b823725648c8fd2c3f82ead804f71f4a.php(18): Illuminate\\View\\View->render()
#18 /Users/evills/developer/AudazPOS/vendor/laravel/framework/src/Illuminate/Filesystem/Filesystem.php(109): require('/Users/evills/d...')
#19 /Users/evills/developer/AudazPOS/vendor/laravel/framework/src/Illuminate/Filesystem/Filesystem.php(110): Illuminate\\Filesystem\\Filesystem::Illuminate\\Filesystem\\{closure}()
#20 /Users/evills/developer/AudazPOS/vendor/laravel/framework/src/Illuminate/View/Engines/PhpEngine.php(58): Illuminate\\Filesystem\\Filesystem->getRequire('/Users/evills/d...', Array)
#21 /Users/evills/developer/AudazPOS/vendor/laravel/framework/src/Illuminate/View/Engines/CompilerEngine.php(70): Illuminate\\View\\Engines\\PhpEngine->evaluatePath('/Users/evills/d...', Array)
#22 /Users/evills/developer/AudazPOS/vendor/laravel/framework/src/Illuminate/View/View.php(195): Illuminate\\View\\Engines\\CompilerEngine->get('/Users/evills/d...', Array)
#23 /Users/evills/developer/AudazPOS/vendor/laravel/framework/src/Illuminate/View/View.php(178): Illuminate\\View\\View->getContents()
#24 /Users/evills/developer/AudazPOS/vendor/laravel/framework/src/Illuminate/View/View.php(147): Illuminate\\View\\View->renderContents()
#25 /Users/evills/developer/AudazPOS/vendor/laravel/framework/src/Illuminate/Http/Response.php(69): Illuminate\\View\\View->render()
#26 /Users/evills/developer/AudazPOS/vendor/laravel/framework/src/Illuminate/Http/Response.php(35): Illuminate\\Http\\Response->setContent(Object(Illuminate\\View\\View))
#27 /Users/evills/developer/AudazPOS/vendor/laravel/framework/src/Illuminate/Routing/Router.php(906): Illuminate\\Http\\Response->__construct(Object(Illuminate\\View\\View), 200, Array)
#28 /Users/evills/developer/AudazPOS/vendor/laravel/framework/src/Illuminate/Routing/Router.php(875): Illuminate\\Routing\\Router::toResponse(Object(Illuminate\\Http\\Request), Object(Illuminate\\View\\View))
#29 /Users/evills/developer/AudazPOS/vendor/laravel/framework/src/Illuminate/Routing/Router.php(797): Illuminate\\Routing\\Router->prepareResponse(Object(Illuminate\\Http\\Request), Object(Illuminate\\View\\View))
#30 /Users/evills/developer/AudazPOS/vendor/laravel/framework/src/Illuminate/Pipeline/Pipeline.php(141): Illuminate\\Routing\\Router->Illuminate\\Routing\\{closure}(Object(Illuminate\\Http\\Request))
#31 /Users/evills/developer/AudazPOS/app/Http/Middleware/IsInstalled.php(50): Illuminate\\Pipeline\\Pipeline->Illuminate\\Pipeline\\{closure}(Object(Illuminate\\Http\\Request))
#32 /Users/evills/developer/AudazPOS/vendor/laravel/framework/src/Illuminate/Pipeline/Pipeline.php(180): App\\Http\\Middleware\\IsInstalled->handle(Object(Illuminate\\Http\\Request), Object(Closure))
#33 /Users/evills/developer/AudazPOS/vendor/barryvdh/laravel-debugbar/src/Middleware/InjectDebugbar.php(59): Illuminate\\Pipeline\\Pipeline->Illuminate\\Pipeline\\{closure}(Object(Illuminate\\Http\\Request))
#34 /Users/evills/developer/AudazPOS/vendor/laravel/framework/src/Illuminate/Pipeline/Pipeline.php(180): Barryvdh\\Debugbar\\Middleware\\InjectDebugbar->handle(Object(Illuminate\\Http\\Request), Object(Closure))
#35 /Users/evills/developer/AudazPOS/vendor/laravel/framework/src/Illuminate/Routing/Middleware/SubstituteBindings.php(50): Illuminate\\Pipeline\\Pipeline->Illuminate\\Pipeline\\{closure}(Object(Illuminate\\Http\\Request))
#36 /Users/evills/developer/AudazPOS/vendor/laravel/framework/src/Illuminate/Pipeline/Pipeline.php(180): Illuminate\\Routing\\Middleware\\SubstituteBindings->handle(Object(Illuminate\\Http\\Request), Object(Closure))
#37 /Users/evills/developer/AudazPOS/vendor/laravel/framework/src/Illuminate/Foundation/Http/Middleware/VerifyCsrfToken.php(78): Illuminate\\Pipeline\\Pipeline->Illuminate\\Pipeline\\{closure}(Object(Illuminate\\Http\\Request))
#38 /Users/evills/developer/AudazPOS/vendor/laravel/framework/src/Illuminate/Pipeline/Pipeline.php(180): Illuminate\\Foundation\\Http\\Middleware\\VerifyCsrfToken->handle(Object(Illuminate\\Http\\Request), Object(Closure))
#39 /Users/evills/developer/AudazPOS/vendor/laravel/framework/src/Illuminate/View/Middleware/ShareErrorsFromSession.php(49): Illuminate\\Pipeline\\Pipeline->Illuminate\\Pipeline\\{closure}(Object(Illuminate\\Http\\Request))
#40 /Users/evills/developer/AudazPOS/vendor/laravel/framework/src/Illuminate/Pipeline/Pipeline.php(180): Illuminate\\View\\Middleware\\ShareErrorsFromSession->handle(Object(Illuminate\\Http\\Request), Object(Closure))
#41 /Users/evills/developer/AudazPOS/vendor/laravel/framework/src/Illuminate/Session/Middleware/StartSession.php(121): Illuminate\\Pipeline\\Pipeline->Illuminate\\Pipeline\\{closure}(Object(Illuminate\\Http\\Request))
#42 /Users/evills/developer/AudazPOS/vendor/laravel/framework/src/Illuminate/Session/Middleware/StartSession.php(64): Illuminate\\Session\\Middleware\\StartSession->handleStatefulRequest(Object(Illuminate\\Http\\Request), Object(Illuminate\\Session\\Store), Object(Closure))
#43 /Users/evills/developer/AudazPOS/vendor/laravel/framework/src/Illuminate/Pipeline/Pipeline.php(180): Illuminate\\Session\\Middleware\\StartSession->handle(Object(Illuminate\\Http\\Request), Object(Closure))
#44 /Users/evills/developer/AudazPOS/vendor/laravel/framework/src/Illuminate/Cookie/Middleware/AddQueuedCookiesToResponse.php(37): Illuminate\\Pipeline\\Pipeline->Illuminate\\Pipeline\\{closure}(Object(Illuminate\\Http\\Request))
#45 /Users/evills/developer/AudazPOS/vendor/laravel/framework/src/Illuminate/Pipeline/Pipeline.php(180): Illuminate\\Cookie\\Middleware\\AddQueuedCookiesToResponse->handle(Object(Illuminate\\Http\\Request), Object(Closure))
#46 /Users/evills/developer/AudazPOS/vendor/laravel/framework/src/Illuminate/Cookie/Middleware/EncryptCookies.php(67): Illuminate\\Pipeline\\Pipeline->Illuminate\\Pipeline\\{closure}(Object(Illuminate\\Http\\Request))
#47 /Users/evills/developer/AudazPOS/vendor/laravel/framework/src/Illuminate/Pipeline/Pipeline.php(180): Illuminate\\Cookie\\Middleware\\EncryptCookies->handle(Object(Illuminate\\Http\\Request), Object(Closure))
#48 /Users/evills/developer/AudazPOS/vendor/laravel/framework/src/Illuminate/Pipeline/Pipeline.php(116): Illuminate\\Pipeline\\Pipeline->Illuminate\\Pipeline\\{closure}(Object(Illuminate\\Http\\Request))
#49 /Users/evills/developer/AudazPOS/vendor/laravel/framework/src/Illuminate/Routing/Router.php(797): Illuminate\\Pipeline\\Pipeline->then(Object(Closure))
#50 /Users/evills/developer/AudazPOS/vendor/laravel/framework/src/Illuminate/Routing/Router.php(776): Illuminate\\Routing\\Router->runRouteWithinStack(Object(Illuminate\\Routing\\Route), Object(Illuminate\\Http\\Request))
#51 /Users/evills/developer/AudazPOS/vendor/laravel/framework/src/Illuminate/Routing/Router.php(740): Illuminate\\Routing\\Router->runRoute(Object(Illuminate\\Http\\Request), Object(Illuminate\\Routing\\Route))
#52 /Users/evills/developer/AudazPOS/vendor/laravel/framework/src/Illuminate/Routing/Router.php(729): Illuminate\\Routing\\Router->dispatchToRoute(Object(Illuminate\\Http\\Request))
#53 /Users/evills/developer/AudazPOS/vendor/laravel/framework/src/Illuminate/Foundation/Http/Kernel.php(190): Illuminate\\Routing\\Router->dispatch(Object(Illuminate\\Http\\Request))
#54 /Users/evills/developer/AudazPOS/vendor/laravel/framework/src/Illuminate/Pipeline/Pipeline.php(141): Illuminate\\Foundation\\Http\\Kernel->Illuminate\\Foundation\\Http\\{closure}(Object(Illuminate\\Http\\Request))
#55 /Users/evills/developer/AudazPOS/vendor/barryvdh/laravel-debugbar/src/Middleware/InjectDebugbar.php(59): Illuminate\\Pipeline\\Pipeline->Illuminate\\Pipeline\\{closure}(Object(Illuminate\\Http\\Request))
#56 /Users/evills/developer/AudazPOS/vendor/laravel/framework/src/Illuminate/Pipeline/Pipeline.php(180): Barryvdh\\Debugbar\\Middleware\\InjectDebugbar->handle(Object(Illuminate\\Http\\Request), Object(Closure))
#57 /Users/evills/developer/AudazPOS/vendor/laravel/framework/src/Illuminate/Foundation/Http/Middleware/TransformsRequest.php(21): Illuminate\\Pipeline\\Pipeline->Illuminate\\Pipeline\\{closure}(Object(Illuminate\\Http\\Request))
#58 /Users/evills/developer/AudazPOS/vendor/laravel/framework/src/Illuminate/Foundation/Http/Middleware/ConvertEmptyStringsToNull.php(31): Illuminate\\Foundation\\Http\\Middleware\\TransformsRequest->handle(Object(Illuminate\\Http\\Request), Object(Closure))
#59 /Users/evills/developer/AudazPOS/vendor/laravel/framework/src/Illuminate/Pipeline/Pipeline.php(180): Illuminate\\Foundation\\Http\\Middleware\\ConvertEmptyStringsToNull->handle(Object(Illuminate\\Http\\Request), Object(Closure))
#60 /Users/evills/developer/AudazPOS/vendor/laravel/framework/src/Illuminate/Foundation/Http/Middleware/TransformsRequest.php(21): Illuminate\\Pipeline\\Pipeline->Illuminate\\Pipeline\\{closure}(Object(Illuminate\\Http\\Request))
#61 /Users/evills/developer/AudazPOS/vendor/laravel/framework/src/Illuminate/Foundation/Http/Middleware/TrimStrings.php(40): Illuminate\\Foundation\\Http\\Middleware\\TransformsRequest->handle(Object(Illuminate\\Http\\Request), Object(Closure))
#62 /Users/evills/developer/AudazPOS/vendor/laravel/framework/src/Illuminate/Pipeline/Pipeline.php(180): Illuminate\\Foundation\\Http\\Middleware\\TrimStrings->handle(Object(Illuminate\\Http\\Request), Object(Closure))
#63 /Users/evills/developer/AudazPOS/vendor/laravel/framework/src/Illuminate/Foundation/Http/Middleware/ValidatePostSize.php(27): Illuminate\\Pipeline\\Pipeline->Illuminate\\Pipeline\\{closure}(Object(Illuminate\\Http\\Request))
#64 /Users/evills/developer/AudazPOS/vendor/laravel/framework/src/Illuminate/Pipeline/Pipeline.php(180): Illuminate\\Foundation\\Http\\Middleware\\ValidatePostSize->handle(Object(Illuminate\\Http\\Request), Object(Closure))
#65 /Users/evills/developer/AudazPOS/vendor/laravel/framework/src/Illuminate/Foundation/Http/Middleware/PreventRequestsDuringMaintenance.php(86): Illuminate\\Pipeline\\Pipeline->Illuminate\\Pipeline\\{closure}(Object(Illuminate\\Http\\Request))
#66 /Users/evills/developer/AudazPOS/vendor/laravel/framework/src/Illuminate/Pipeline/Pipeline.php(180): Illuminate\\Foundation\\Http\\Middleware\\PreventRequestsDuringMaintenance->handle(Object(Illuminate\\Http\\Request), Object(Closure))
#67 /Users/evills/developer/AudazPOS/vendor/laravel/framework/src/Illuminate/Http/Middleware/HandleCors.php(49): Illuminate\\Pipeline\\Pipeline->Illuminate\\Pipeline\\{closure}(Object(Illuminate\\Http\\Request))
#68 /Users/evills/developer/AudazPOS/vendor/laravel/framework/src/Illuminate/Pipeline/Pipeline.php(180): Illuminate\\Http\\Middleware\\HandleCors->handle(Object(Illuminate\\Http\\Request), Object(Closure))
#69 /Users/evills/developer/AudazPOS/vendor/laravel/framework/src/Illuminate/Http/Middleware/TrustProxies.php(39): Illuminate\\Pipeline\\Pipeline->Illuminate\\Pipeline\\{closure}(Object(Illuminate\\Http\\Request))
#70 /Users/evills/developer/AudazPOS/vendor/laravel/framework/src/Illuminate/Pipeline/Pipeline.php(180): Illuminate\\Http\\Middleware\\TrustProxies->handle(Object(Illuminate\\Http\\Request), Object(Closure))
#71 /Users/evills/developer/AudazPOS/vendor/laravel/framework/src/Illuminate/Pipeline/Pipeline.php(116): Illuminate\\Pipeline\\Pipeline->Illuminate\\Pipeline\\{closure}(Object(Illuminate\\Http\\Request))
#72 /Users/evills/developer/AudazPOS/vendor/laravel/framework/src/Illuminate/Foundation/Http/Kernel.php(165): Illuminate\\Pipeline\\Pipeline->then(Object(Closure))
#73 /Users/evills/developer/AudazPOS/vendor/laravel/framework/src/Illuminate/Foundation/Http/Kernel.php(134): Illuminate\\Foundation\\Http\\Kernel->sendRequestThroughRouter(Object(Illuminate\\Http\\Request))
#74 /Users/evills/developer/AudazPOS/public/index.php(51): Illuminate\\Foundation\\Http\\Kernel->handle(Object(Illuminate\\Http\\Request))
#75 /Applications/Herd.app/Contents/Resources/valet/server.php(167): require('/Users/evills/d...')
#76 {main}

[previous exception] [object] (PDOException(code: 2002): SQLSTATE[HY000] [2002] Connection refused at /Users/evills/developer/AudazPOS/vendor/laravel/framework/src/Illuminate/Database/Connectors/Connector.php:70)
[stacktrace]
#0 /Users/evills/developer/AudazPOS/vendor/laravel/framework/src/Illuminate/Database/Connectors/Connector.php(70): PDO->__construct('mysql:host=127....', 'root', Object(SensitiveParameterValue), Array)
#1 /Users/evills/developer/AudazPOS/vendor/laravel/framework/src/Illuminate/Database/Connectors/Connector.php(100): Illuminate\\Database\\Connectors\\Connector->createPdoConnection('mysql:host=127....', 'root', '', Array)
#2 /Users/evills/developer/AudazPOS/vendor/laravel/framework/src/Illuminate/Database/Connectors/Connector.php(49): Illuminate\\Database\\Connectors\\Connector->tryAgainIfCausedByLostConnection(Object(PDOException), 'mysql:host=127....', 'root', '', Array)
#3 /Users/evills/developer/AudazPOS/vendor/laravel/framework/src/Illuminate/Database/Connectors/MySqlConnector.php(24): Illuminate\\Database\\Connectors\\Connector->createConnection('mysql:host=127....', Array, Array)
#4 /Users/evills/developer/AudazPOS/vendor/laravel/framework/src/Illuminate/Database/Connectors/ConnectionFactory.php(184): Illuminate\\Database\\Connectors\\MySqlConnector->connect(Array)
#5 [internal function]: Illuminate\\Database\\Connectors\\ConnectionFactory->Illuminate\\Database\\Connectors\\{closure}()
#6 /Users/evills/developer/AudazPOS/vendor/laravel/framework/src/Illuminate/Database/Connection.php(1181): call_user_func(Object(Closure))
#7 /Users/evills/developer/AudazPOS/vendor/laravel/framework/src/Illuminate/Database/Connection.php(1217): Illuminate\\Database\\Connection->getPdo()
#8 /Users/evills/developer/AudazPOS/vendor/laravel/framework/src/Illuminate/Database/Connection.php(486): Illuminate\\Database\\Connection->getReadPdo()
#9 /Users/evills/developer/AudazPOS/vendor/laravel/framework/src/Illuminate/Database/Connection.php(414): Illuminate\\Database\\Connection->getPdoForSelect(true)
#10 /Users/evills/developer/AudazPOS/vendor/laravel/framework/src/Illuminate/Database/Connection.php(753): Illuminate\\Database\\Connection->Illuminate\\Database\\{closure}('select `value`,...', Array)
#11 /Users/evills/developer/AudazPOS/vendor/laravel/framework/src/Illuminate/Database/Connection.php(899): Illuminate\\Database\\Connection->runQueryCallback('select `value`,...', Array, Object(Closure))
#12 /Users/evills/developer/AudazPOS/vendor/laravel/framework/src/Illuminate/Database/Connection.php(878): Illuminate\\Database\\Connection->tryAgainIfCausedByLostConnection(Object(Illuminate\\Database\\QueryException), 'select `value`,...', Array, Object(Closure))
#13 /Users/evills/developer/AudazPOS/vendor/laravel/framework/src/Illuminate/Database/Connection.php(722): Illuminate\\Database\\Connection->handleQueryException(Object(Illuminate\\Database\\QueryException), 'select `value`,...', Array, Object(Closure))
#14 /Users/evills/developer/AudazPOS/vendor/laravel/framework/src/Illuminate/Database/Connection.php(405): Illuminate\\Database\\Connection->run('select `value`,...', Array, Object(Closure))
#15 /Users/evills/developer/AudazPOS/vendor/laravel/framework/src/Illuminate/Database/Query/Builder.php(2705): Illuminate\\Database\\Connection->select('select `value`,...', Array, true)
#16 /Users/evills/developer/AudazPOS/vendor/laravel/framework/src/Illuminate/Database/Query/Builder.php(2920): Illuminate\\Database\\Query\\Builder->runSelect()
#17 /Users/evills/developer/AudazPOS/vendor/laravel/framework/src/Illuminate/Database/Query/Builder.php(3230): Illuminate\\Database\\Query\\Builder->Illuminate\\Database\\Query\\{closure}()
#18 /Users/evills/developer/AudazPOS/vendor/laravel/framework/src/Illuminate/Database/Query/Builder.php(2916): Illuminate\\Database\\Query\\Builder->onceWithColumns(Array, Object(Closure))
#19 /Users/evills/developer/AudazPOS/vendor/laravel/framework/src/Illuminate/Database/Eloquent/Builder.php(860): Illuminate\\Database\\Query\\Builder->pluck('value', 'key')
#20 /Users/evills/developer/AudazPOS/app/System.php(58): Illuminate\\Database\\Eloquent\\Builder->pluck('value', 'key')
#21 /Users/evills/developer/AudazPOS/app/Providers/AppServiceProvider.php(99): App\\System::getProperties(Array, true)
#22 /Users/evills/developer/AudazPOS/vendor/laravel/framework/src/Illuminate/View/Concerns/ManagesEvents.php(162): App\\Providers\\AppServiceProvider->App\\Providers\\{closure}(Object(Illuminate\\View\\View))
#23 /Users/evills/developer/AudazPOS/vendor/laravel/framework/src/Illuminate/Events/Dispatcher.php(418): Illuminate\\View\\Factory->Illuminate\\View\\Concerns\\{closure}('composing: layo...', Array)
#24 /Users/evills/developer/AudazPOS/vendor/laravel/framework/src/Illuminate/Events/Dispatcher.php(249): Illuminate\\Events\\Dispatcher->Illuminate\\Events\\{closure}('composing: layo...', Array)
#25 /Users/evills/developer/AudazPOS/vendor/laravel/framework/src/Illuminate/View/Concerns/ManagesEvents.php(177): Illuminate\\Events\\Dispatcher->dispatch('composing: layo...', Array)
#26 /Users/evills/developer/AudazPOS/vendor/laravel/framework/src/Illuminate/View/View.php(176): Illuminate\\View\\Factory->callComposer(Object(Illuminate\\View\\View))
#27 /Users/evills/developer/AudazPOS/vendor/laravel/framework/src/Illuminate/View/View.php(147): Illuminate\\View\\View->renderContents()
#28 /Users/evills/developer/AudazPOS/storage/framework/views/1ccf6133b823725648c8fd2c3f82ead804f71f4a.php(18): Illuminate\\View\\View->render()
#29 /Users/evills/developer/AudazPOS/vendor/laravel/framework/src/Illuminate/Filesystem/Filesystem.php(109): require('/Users/evills/d...')
#30 /Users/evills/developer/AudazPOS/vendor/laravel/framework/src/Illuminate/Filesystem/Filesystem.php(110): Illuminate\\Filesystem\\Filesystem::Illuminate\\Filesystem\\{closure}()
#31 /Users/evills/developer/AudazPOS/vendor/laravel/framework/src/Illuminate/View/Engines/PhpEngine.php(58): Illuminate\\Filesystem\\Filesystem->getRequire('/Users/evills/d...', Array)
#32 /Users/evills/developer/AudazPOS/vendor/laravel/framework/src/Illuminate/View/Engines/CompilerEngine.php(70): Illuminate\\View\\Engines\\PhpEngine->evaluatePath('/Users/evills/d...', Array)
#33 /Users/evills/developer/AudazPOS/vendor/laravel/framework/src/Illuminate/View/View.php(195): Illuminate\\View\\Engines\\CompilerEngine->get('/Users/evills/d...', Array)
#34 /Users/evills/developer/AudazPOS/vendor/laravel/framework/src/Illuminate/View/View.php(178): Illuminate\\View\\View->getContents()
#35 /Users/evills/developer/AudazPOS/vendor/laravel/framework/src/Illuminate/View/View.php(147): Illuminate\\View\\View->renderContents()
#36 /Users/evills/developer/AudazPOS/vendor/laravel/framework/src/Illuminate/Http/Response.php(69): Illuminate\\View\\View->render()
#37 /Users/evills/developer/AudazPOS/vendor/laravel/framework/src/Illuminate/Http/Response.php(35): Illuminate\\Http\\Response->setContent(Object(Illuminate\\View\\View))
#38 /Users/evills/developer/AudazPOS/vendor/laravel/framework/src/Illuminate/Routing/Router.php(906): Illuminate\\Http\\Response->__construct(Object(Illuminate\\View\\View), 200, Array)
#39 /Users/evills/developer/AudazPOS/vendor/laravel/framework/src/Illuminate/Routing/Router.php(875): Illuminate\\Routing\\Router::toResponse(Object(Illuminate\\Http\\Request), Object(Illuminate\\View\\View))
#40 /Users/evills/developer/AudazPOS/vendor/laravel/framework/src/Illuminate/Routing/Router.php(797): Illuminate\\Routing\\Router->prepareResponse(Object(Illuminate\\Http\\Request), Object(Illuminate\\View\\View))
#41 /Users/evills/developer/AudazPOS/vendor/laravel/framework/src/Illuminate/Pipeline/Pipeline.php(141): Illuminate\\Routing\\Router->Illuminate\\Routing\\{closure}(Object(Illuminate\\Http\\Request))
#42 /Users/evills/developer/AudazPOS/app/Http/Middleware/IsInstalled.php(50): Illuminate\\Pipeline\\Pipeline->Illuminate\\Pipeline\\{closure}(Object(Illuminate\\Http\\Request))
#43 /Users/evills/developer/AudazPOS/vendor/laravel/framework/src/Illuminate/Pipeline/Pipeline.php(180): App\\Http\\Middleware\\IsInstalled->handle(Object(Illuminate\\Http\\Request), Object(Closure))
#44 /Users/evills/developer/AudazPOS/vendor/barryvdh/laravel-debugbar/src/Middleware/InjectDebugbar.php(59): Illuminate\\Pipeline\\Pipeline->Illuminate\\Pipeline\\{closure}(Object(Illuminate\\Http\\Request))
#45 /Users/evills/developer/AudazPOS/vendor/laravel/framework/src/Illuminate/Pipeline/Pipeline.php(180): Barryvdh\\Debugbar\\Middleware\\InjectDebugbar->handle(Object(Illuminate\\Http\\Request), Object(Closure))
#46 /Users/evills/developer/AudazPOS/vendor/laravel/framework/src/Illuminate/Routing/Middleware/SubstituteBindings.php(50): Illuminate\\Pipeline\\Pipeline->Illuminate\\Pipeline\\{closure}(Object(Illuminate\\Http\\Request))
#47 /Users/evills/developer/AudazPOS/vendor/laravel/framework/src/Illuminate/Pipeline/Pipeline.php(180): Illuminate\\Routing\\Middleware\\SubstituteBindings->handle(Object(Illuminate\\Http\\Request), Object(Closure))
#48 /Users/evills/developer/AudazPOS/vendor/laravel/framework/src/Illuminate/Foundation/Http/Middleware/VerifyCsrfToken.php(78): Illuminate\\Pipeline\\Pipeline->Illuminate\\Pipeline\\{closure}(Object(Illuminate\\Http\\Request))
#49 /Users/evills/developer/AudazPOS/vendor/laravel/framework/src/Illuminate/Pipeline/Pipeline.php(180): Illuminate\\Foundation\\Http\\Middleware\\VerifyCsrfToken->handle(Object(Illuminate\\Http\\Request), Object(Closure))
#50 /Users/evills/developer/AudazPOS/vendor/laravel/framework/src/Illuminate/View/Middleware/ShareErrorsFromSession.php(49): Illuminate\\Pipeline\\Pipeline->Illuminate\\Pipeline\\{closure}(Object(Illuminate\\Http\\Request))
#51 /Users/evills/developer/AudazPOS/vendor/laravel/framework/src/Illuminate/Pipeline/Pipeline.php(180): Illuminate\\View\\Middleware\\ShareErrorsFromSession->handle(Object(Illuminate\\Http\\Request), Object(Closure))
#52 /Users/evills/developer/AudazPOS/vendor/laravel/framework/src/Illuminate/Session/Middleware/StartSession.php(121): Illuminate\\Pipeline\\Pipeline->Illuminate\\Pipeline\\{closure}(Object(Illuminate\\Http\\Request))
#53 /Users/evills/developer/AudazPOS/vendor/laravel/framework/src/Illuminate/Session/Middleware/StartSession.php(64): Illuminate\\Session\\Middleware\\StartSession->handleStatefulRequest(Object(Illuminate\\Http\\Request), Object(Illuminate\\Session\\Store), Object(Closure))
#54 /Users/evills/developer/AudazPOS/vendor/laravel/framework/src/Illuminate/Pipeline/Pipeline.php(180): Illuminate\\Session\\Middleware\\StartSession->handle(Object(Illuminate\\Http\\Request), Object(Closure))
#55 /Users/evills/developer/AudazPOS/vendor/laravel/framework/src/Illuminate/Cookie/Middleware/AddQueuedCookiesToResponse.php(37): Illuminate\\Pipeline\\Pipeline->Illuminate\\Pipeline\\{closure}(Object(Illuminate\\Http\\Request))
#56 /Users/evills/developer/AudazPOS/vendor/laravel/framework/src/Illuminate/Pipeline/Pipeline.php(180): Illuminate\\Cookie\\Middleware\\AddQueuedCookiesToResponse->handle(Object(Illuminate\\Http\\Request), Object(Closure))
#57 /Users/evills/developer/AudazPOS/vendor/laravel/framework/src/Illuminate/Cookie/Middleware/EncryptCookies.php(67): Illuminate\\Pipeline\\Pipeline->Illuminate\\Pipeline\\{closure}(Object(Illuminate\\Http\\Request))
#58 /Users/evills/developer/AudazPOS/vendor/laravel/framework/src/Illuminate/Pipeline/Pipeline.php(180): Illuminate\\Cookie\\Middleware\\EncryptCookies->handle(Object(Illuminate\\Http\\Request), Object(Closure))
#59 /Users/evills/developer/AudazPOS/vendor/laravel/framework/src/Illuminate/Pipeline/Pipeline.php(116): Illuminate\\Pipeline\\Pipeline->Illuminate\\Pipeline\\{closure}(Object(Illuminate\\Http\\Request))
#60 /Users/evills/developer/AudazPOS/vendor/laravel/framework/src/Illuminate/Routing/Router.php(797): Illuminate\\Pipeline\\Pipeline->then(Object(Closure))
#61 /Users/evills/developer/AudazPOS/vendor/laravel/framework/src/Illuminate/Routing/Router.php(776): Illuminate\\Routing\\Router->runRouteWithinStack(Object(Illuminate\\Routing\\Route), Object(Illuminate\\Http\\Request))
#62 /Users/evills/developer/AudazPOS/vendor/laravel/framework/src/Illuminate/Routing/Router.php(740): Illuminate\\Routing\\Router->runRoute(Object(Illuminate\\Http\\Request), Object(Illuminate\\Routing\\Route))
#63 /Users/evills/developer/AudazPOS/vendor/laravel/framework/src/Illuminate/Routing/Router.php(729): Illuminate\\Routing\\Router->dispatchToRoute(Object(Illuminate\\Http\\Request))
#64 /Users/evills/developer/AudazPOS/vendor/laravel/framework/src/Illuminate/Foundation/Http/Kernel.php(190): Illuminate\\Routing\\Router->dispatch(Object(Illuminate\\Http\\Request))
#65 /Users/evills/developer/AudazPOS/vendor/laravel/framework/src/Illuminate/Pipeline/Pipeline.php(141): Illuminate\\Foundation\\Http\\Kernel->Illuminate\\Foundation\\Http\\{closure}(Object(Illuminate\\Http\\Request))
#66 /Users/evills/developer/AudazPOS/vendor/barryvdh/laravel-debugbar/src/Middleware/InjectDebugbar.php(59): Illuminate\\Pipeline\\Pipeline->Illuminate\\Pipeline\\{closure}(Object(Illuminate\\Http\\Request))
#67 /Users/evills/developer/AudazPOS/vendor/laravel/framework/src/Illuminate/Pipeline/Pipeline.php(180): Barryvdh\\Debugbar\\Middleware\\InjectDebugbar->handle(Object(Illuminate\\Http\\Request), Object(Closure))
#68 /Users/evills/developer/AudazPOS/vendor/laravel/framework/src/Illuminate/Foundation/Http/Middleware/TransformsRequest.php(21): Illuminate\\Pipeline\\Pipeline->Illuminate\\Pipeline\\{closure}(Object(Illuminate\\Http\\Request))
#69 /Users/evills/developer/AudazPOS/vendor/laravel/framework/src/Illuminate/Foundation/Http/Middleware/ConvertEmptyStringsToNull.php(31): Illuminate\\Foundation\\Http\\Middleware\\TransformsRequest->handle(Object(Illuminate\\Http\\Request), Object(Closure))
#70 /Users/evills/developer/AudazPOS/vendor/laravel/framework/src/Illuminate/Pipeline/Pipeline.php(180): Illuminate\\Foundation\\Http\\Middleware\\ConvertEmptyStringsToNull->handle(Object(Illuminate\\Http\\Request), Object(Closure))
#71 /Users/evills/developer/AudazPOS/vendor/laravel/framework/src/Illuminate/Foundation/Http/Middleware/TransformsRequest.php(21): Illuminate\\Pipeline\\Pipeline->Illuminate\\Pipeline\\{closure}(Object(Illuminate\\Http\\Request))
#72 /Users/evills/developer/AudazPOS/vendor/laravel/framework/src/Illuminate/Foundation/Http/Middleware/TrimStrings.php(40): Illuminate\\Foundation\\Http\\Middleware\\TransformsRequest->handle(Object(Illuminate\\Http\\Request), Object(Closure))
#73 /Users/evills/developer/AudazPOS/vendor/laravel/framework/src/Illuminate/Pipeline/Pipeline.php(180): Illuminate\\Foundation\\Http\\Middleware\\TrimStrings->handle(Object(Illuminate\\Http\\Request), Object(Closure))
#74 /Users/evills/developer/AudazPOS/vendor/laravel/framework/src/Illuminate/Foundation/Http/Middleware/ValidatePostSize.php(27): Illuminate\\Pipeline\\Pipeline->Illuminate\\Pipeline\\{closure}(Object(Illuminate\\Http\\Request))
#75 /Users/evills/developer/AudazPOS/vendor/laravel/framework/src/Illuminate/Pipeline/Pipeline.php(180): Illuminate\\Foundation\\Http\\Middleware\\ValidatePostSize->handle(Object(Illuminate\\Http\\Request), Object(Closure))
#76 /Users/evills/developer/AudazPOS/vendor/laravel/framework/src/Illuminate/Foundation/Http/Middleware/PreventRequestsDuringMaintenance.php(86): Illuminate\\Pipeline\\Pipeline->Illuminate\\Pipeline\\{closure}(Object(Illuminate\\Http\\Request))
#77 /Users/evills/developer/AudazPOS/vendor/laravel/framework/src/Illuminate/Pipeline/Pipeline.php(180): Illuminate\\Foundation\\Http\\Middleware\\PreventRequestsDuringMaintenance->handle(Object(Illuminate\\Http\\Request), Object(Closure))
#78 /Users/evills/developer/AudazPOS/vendor/laravel/framework/src/Illuminate/Http/Middleware/HandleCors.php(49): Illuminate\\Pipeline\\Pipeline->Illuminate\\Pipeline\\{closure}(Object(Illuminate\\Http\\Request))
#79 /Users/evills/developer/AudazPOS/vendor/laravel/framework/src/Illuminate/Pipeline/Pipeline.php(180): Illuminate\\Http\\Middleware\\HandleCors->handle(Object(Illuminate\\Http\\Request), Object(Closure))
#80 /Users/evills/developer/AudazPOS/vendor/laravel/framework/src/Illuminate/Http/Middleware/TrustProxies.php(39): Illuminate\\Pipeline\\Pipeline->Illuminate\\Pipeline\\{closure}(Object(Illuminate\\Http\\Request))
#81 /Users/evills/developer/AudazPOS/vendor/laravel/framework/src/Illuminate/Pipeline/Pipeline.php(180): Illuminate\\Http\\Middleware\\TrustProxies->handle(Object(Illuminate\\Http\\Request), Object(Closure))
#82 /Users/evills/developer/AudazPOS/vendor/laravel/framework/src/Illuminate/Pipeline/Pipeline.php(116): Illuminate\\Pipeline\\Pipeline->Illuminate\\Pipeline\\{closure}(Object(Illuminate\\Http\\Request))
#83 /Users/evills/developer/AudazPOS/vendor/laravel/framework/src/Illuminate/Foundation/Http/Kernel.php(165): Illuminate\\Pipeline\\Pipeline->then(Object(Closure))
#84 /Users/evills/developer/AudazPOS/vendor/laravel/framework/src/Illuminate/Foundation/Http/Kernel.php(134): Illuminate\\Foundation\\Http\\Kernel->sendRequestThroughRouter(Object(Illuminate\\Http\\Request))
#85 /Users/evills/developer/AudazPOS/public/index.php(51): Illuminate\\Foundation\\Http\\Kernel->handle(Object(Illuminate\\Http\\Request))
#86 /Applications/Herd.app/Contents/Resources/valet/server.php(167): require('/Users/evills/d...')
#87 {main}
"} 
