[2025-07-01 18:15:08] local.ERROR: SQLSTATE[HY000] [1049] Unknown database 'myposdb' (SQL: select `value`, `key` from `system` where `key` in (additional_js, additional_css)) {"view":{"view":"/Users/evills/developer/AudazPOS/resources/views/welcome.blade.php","data":{"asset_v":"<pre class=sf-dump id=sf-dump-931402269 data-indent-pad=\"  \"><span class=sf-dump-num>670</span>
</pre><script>Sfdump(\"sf-dump-931402269\", {\"maxDepth\":3,\"maxStringLength\":160})</script>
","errors":"<pre class=sf-dump id=sf-dump-187719550 data-indent-pad=\"  \"><span class=sf-dump-note>Illuminate\\Support\\ViewErrorBag</span> {<a class=sf-dump-ref>#2261</a><samp data-depth=1 class=sf-dump-expanded>
  #<span class=sf-dump-protected title=\"Protected property\">bags</span>: []
</samp>}
</pre><script>Sfdump(\"sf-dump-187719550\", {\"maxDepth\":3,\"maxStringLength\":160})</script>
","enabled_modules":"<pre class=sf-dump id=sf-dump-284770195 data-indent-pad=\"  \">[]
</pre><script>Sfdump(\"sf-dump-284770195\", {\"maxDepth\":3,\"maxStringLength\":160})</script>
","__is_pusher_enabled":"<pre class=sf-dump id=sf-dump-995337691 data-indent-pad=\"  \"><span class=sf-dump-const>false</span>
</pre><script>Sfdump(\"sf-dump-995337691\", {\"maxDepth\":3,\"maxStringLength\":160})</script>
"}},"exception":"[object] (Spatie\\LaravelIgnition\\Exceptions\\ViewException(code: 0): SQLSTATE[HY000] [1049] Unknown database 'myposdb' (SQL: select `value`, `key` from `system` where `key` in (additional_js, additional_css)) at /Users/evills/developer/AudazPOS/vendor/laravel/framework/src/Illuminate/Database/Connection.php:760)
[stacktrace]
#0 /Users/evills/developer/AudazPOS/vendor/laravel/framework/src/Illuminate/Database/Connection.php(720): Illuminate\\Database\\Connection->runQueryCallback('select `value`,...', Array, Object(Closure))
#1 /Users/evills/developer/AudazPOS/vendor/laravel/framework/src/Illuminate/Database/Connection.php(405): Illuminate\\Database\\Connection->run('select `value`,...', Array, Object(Closure))
#2 /Users/evills/developer/AudazPOS/vendor/laravel/framework/src/Illuminate/Database/Query/Builder.php(2705): Illuminate\\Database\\Connection->select('select `value`,...', Array, true)
#3 /Users/evills/developer/AudazPOS/vendor/laravel/framework/src/Illuminate/Database/Query/Builder.php(2920): Illuminate\\Database\\Query\\Builder->runSelect()
#4 /Users/evills/developer/AudazPOS/vendor/laravel/framework/src/Illuminate/Database/Query/Builder.php(3230): Illuminate\\Database\\Query\\Builder->Illuminate\\Database\\Query\\{closure}()
#5 /Users/evills/developer/AudazPOS/vendor/laravel/framework/src/Illuminate/Database/Query/Builder.php(2916): Illuminate\\Database\\Query\\Builder->onceWithColumns(Array, Object(Closure))
#6 /Users/evills/developer/AudazPOS/vendor/laravel/framework/src/Illuminate/Database/Eloquent/Builder.php(860): Illuminate\\Database\\Query\\Builder->pluck('value', 'key')
#7 /Users/evills/developer/AudazPOS/app/System.php(58): Illuminate\\Database\\Eloquent\\Builder->pluck('value', 'key')
#8 /Users/evills/developer/AudazPOS/app/Providers/AppServiceProvider.php(99): App\\System::getProperties(Array, true)
#9 /Users/evills/developer/AudazPOS/vendor/laravel/framework/src/Illuminate/View/Concerns/ManagesEvents.php(162): App\\Providers\\AppServiceProvider->App\\Providers\\{closure}(Object(Illuminate\\View\\View))
#10 /Users/evills/developer/AudazPOS/vendor/laravel/framework/src/Illuminate/Events/Dispatcher.php(418): Illuminate\\View\\Factory->Illuminate\\View\\Concerns\\{closure}('composing: layo...', Array)
#11 /Users/evills/developer/AudazPOS/vendor/laravel/framework/src/Illuminate/Events/Dispatcher.php(249): Illuminate\\Events\\Dispatcher->Illuminate\\Events\\{closure}('composing: layo...', Array)
#12 /Users/evills/developer/AudazPOS/vendor/laravel/framework/src/Illuminate/View/Concerns/ManagesEvents.php(177): Illuminate\\Events\\Dispatcher->dispatch('composing: layo...', Array)
#13 /Users/evills/developer/AudazPOS/vendor/laravel/framework/src/Illuminate/View/View.php(176): Illuminate\\View\\Factory->callComposer(Object(Illuminate\\View\\View))
#14 /Users/evills/developer/AudazPOS/vendor/laravel/framework/src/Illuminate/View/View.php(147): Illuminate\\View\\View->renderContents()
#15 /Users/evills/developer/AudazPOS/resources/views/welcome.blade.php(15): Illuminate\\View\\View->render()
#16 /Users/evills/developer/AudazPOS/vendor/laravel/framework/src/Illuminate/Filesystem/Filesystem.php(109): require('/Users/evills/d...')
#17 /Users/evills/developer/AudazPOS/vendor/laravel/framework/src/Illuminate/Filesystem/Filesystem.php(110): Illuminate\\Filesystem\\Filesystem::Illuminate\\Filesystem\\{closure}()
#18 /Users/evills/developer/AudazPOS/vendor/laravel/framework/src/Illuminate/View/Engines/PhpEngine.php(58): Illuminate\\Filesystem\\Filesystem->getRequire('/Users/evills/d...', Array)
#19 /Users/evills/developer/AudazPOS/vendor/laravel/framework/src/Illuminate/View/Engines/CompilerEngine.php(70): Illuminate\\View\\Engines\\PhpEngine->evaluatePath('/Users/evills/d...', Array)
#20 /Users/evills/developer/AudazPOS/vendor/laravel/framework/src/Illuminate/View/View.php(195): Illuminate\\View\\Engines\\CompilerEngine->get('/Users/evills/d...', Array)
#21 /Users/evills/developer/AudazPOS/vendor/laravel/framework/src/Illuminate/View/View.php(178): Illuminate\\View\\View->getContents()
#22 /Users/evills/developer/AudazPOS/vendor/laravel/framework/src/Illuminate/View/View.php(147): Illuminate\\View\\View->renderContents()
#23 /Users/evills/developer/AudazPOS/vendor/laravel/framework/src/Illuminate/Http/Response.php(69): Illuminate\\View\\View->render()
#24 /Users/evills/developer/AudazPOS/vendor/laravel/framework/src/Illuminate/Http/Response.php(35): Illuminate\\Http\\Response->setContent(Object(Illuminate\\View\\View))
#25 /Users/evills/developer/AudazPOS/vendor/laravel/framework/src/Illuminate/Routing/Router.php(906): Illuminate\\Http\\Response->__construct(Object(Illuminate\\View\\View), 200, Array)
#26 /Users/evills/developer/AudazPOS/vendor/laravel/framework/src/Illuminate/Routing/Router.php(875): Illuminate\\Routing\\Router::toResponse(Object(Illuminate\\Http\\Request), Object(Illuminate\\View\\View))
#27 /Users/evills/developer/AudazPOS/vendor/laravel/framework/src/Illuminate/Routing/Router.php(797): Illuminate\\Routing\\Router->prepareResponse(Object(Illuminate\\Http\\Request), Object(Illuminate\\View\\View))
#28 /Users/evills/developer/AudazPOS/vendor/laravel/framework/src/Illuminate/Pipeline/Pipeline.php(141): Illuminate\\Routing\\Router->Illuminate\\Routing\\{closure}(Object(Illuminate\\Http\\Request))
#29 /Users/evills/developer/AudazPOS/app/Http/Middleware/IsInstalled.php(50): Illuminate\\Pipeline\\Pipeline->Illuminate\\Pipeline\\{closure}(Object(Illuminate\\Http\\Request))
#30 /Users/evills/developer/AudazPOS/vendor/laravel/framework/src/Illuminate/Pipeline/Pipeline.php(180): App\\Http\\Middleware\\IsInstalled->handle(Object(Illuminate\\Http\\Request), Object(Closure))
#31 /Users/evills/developer/AudazPOS/vendor/barryvdh/laravel-debugbar/src/Middleware/InjectDebugbar.php(59): Illuminate\\Pipeline\\Pipeline->Illuminate\\Pipeline\\{closure}(Object(Illuminate\\Http\\Request))
#32 /Users/evills/developer/AudazPOS/vendor/laravel/framework/src/Illuminate/Pipeline/Pipeline.php(180): Barryvdh\\Debugbar\\Middleware\\InjectDebugbar->handle(Object(Illuminate\\Http\\Request), Object(Closure))
#33 /Users/evills/developer/AudazPOS/vendor/laravel/framework/src/Illuminate/Routing/Middleware/SubstituteBindings.php(50): Illuminate\\Pipeline\\Pipeline->Illuminate\\Pipeline\\{closure}(Object(Illuminate\\Http\\Request))
#34 /Users/evills/developer/AudazPOS/vendor/laravel/framework/src/Illuminate/Pipeline/Pipeline.php(180): Illuminate\\Routing\\Middleware\\SubstituteBindings->handle(Object(Illuminate\\Http\\Request), Object(Closure))
#35 /Users/evills/developer/AudazPOS/vendor/laravel/framework/src/Illuminate/Foundation/Http/Middleware/VerifyCsrfToken.php(78): Illuminate\\Pipeline\\Pipeline->Illuminate\\Pipeline\\{closure}(Object(Illuminate\\Http\\Request))
#36 /Users/evills/developer/AudazPOS/vendor/laravel/framework/src/Illuminate/Pipeline/Pipeline.php(180): Illuminate\\Foundation\\Http\\Middleware\\VerifyCsrfToken->handle(Object(Illuminate\\Http\\Request), Object(Closure))
#37 /Users/evills/developer/AudazPOS/vendor/laravel/framework/src/Illuminate/View/Middleware/ShareErrorsFromSession.php(49): Illuminate\\Pipeline\\Pipeline->Illuminate\\Pipeline\\{closure}(Object(Illuminate\\Http\\Request))
#38 /Users/evills/developer/AudazPOS/vendor/laravel/framework/src/Illuminate/Pipeline/Pipeline.php(180): Illuminate\\View\\Middleware\\ShareErrorsFromSession->handle(Object(Illuminate\\Http\\Request), Object(Closure))
#39 /Users/evills/developer/AudazPOS/vendor/laravel/framework/src/Illuminate/Session/Middleware/StartSession.php(121): Illuminate\\Pipeline\\Pipeline->Illuminate\\Pipeline\\{closure}(Object(Illuminate\\Http\\Request))
#40 /Users/evills/developer/AudazPOS/vendor/laravel/framework/src/Illuminate/Session/Middleware/StartSession.php(64): Illuminate\\Session\\Middleware\\StartSession->handleStatefulRequest(Object(Illuminate\\Http\\Request), Object(Illuminate\\Session\\Store), Object(Closure))
#41 /Users/evills/developer/AudazPOS/vendor/laravel/framework/src/Illuminate/Pipeline/Pipeline.php(180): Illuminate\\Session\\Middleware\\StartSession->handle(Object(Illuminate\\Http\\Request), Object(Closure))
#42 /Users/evills/developer/AudazPOS/vendor/laravel/framework/src/Illuminate/Cookie/Middleware/AddQueuedCookiesToResponse.php(37): Illuminate\\Pipeline\\Pipeline->Illuminate\\Pipeline\\{closure}(Object(Illuminate\\Http\\Request))
#43 /Users/evills/developer/AudazPOS/vendor/laravel/framework/src/Illuminate/Pipeline/Pipeline.php(180): Illuminate\\Cookie\\Middleware\\AddQueuedCookiesToResponse->handle(Object(Illuminate\\Http\\Request), Object(Closure))
#44 /Users/evills/developer/AudazPOS/vendor/laravel/framework/src/Illuminate/Cookie/Middleware/EncryptCookies.php(67): Illuminate\\Pipeline\\Pipeline->Illuminate\\Pipeline\\{closure}(Object(Illuminate\\Http\\Request))
#45 /Users/evills/developer/AudazPOS/vendor/laravel/framework/src/Illuminate/Pipeline/Pipeline.php(180): Illuminate\\Cookie\\Middleware\\EncryptCookies->handle(Object(Illuminate\\Http\\Request), Object(Closure))
#46 /Users/evills/developer/AudazPOS/vendor/laravel/framework/src/Illuminate/Pipeline/Pipeline.php(116): Illuminate\\Pipeline\\Pipeline->Illuminate\\Pipeline\\{closure}(Object(Illuminate\\Http\\Request))
#47 /Users/evills/developer/AudazPOS/vendor/laravel/framework/src/Illuminate/Routing/Router.php(797): Illuminate\\Pipeline\\Pipeline->then(Object(Closure))
#48 /Users/evills/developer/AudazPOS/vendor/laravel/framework/src/Illuminate/Routing/Router.php(776): Illuminate\\Routing\\Router->runRouteWithinStack(Object(Illuminate\\Routing\\Route), Object(Illuminate\\Http\\Request))
#49 /Users/evills/developer/AudazPOS/vendor/laravel/framework/src/Illuminate/Routing/Router.php(740): Illuminate\\Routing\\Router->runRoute(Object(Illuminate\\Http\\Request), Object(Illuminate\\Routing\\Route))
#50 /Users/evills/developer/AudazPOS/vendor/laravel/framework/src/Illuminate/Routing/Router.php(729): Illuminate\\Routing\\Router->dispatchToRoute(Object(Illuminate\\Http\\Request))
#51 /Users/evills/developer/AudazPOS/vendor/laravel/framework/src/Illuminate/Foundation/Http/Kernel.php(190): Illuminate\\Routing\\Router->dispatch(Object(Illuminate\\Http\\Request))
#52 /Users/evills/developer/AudazPOS/vendor/laravel/framework/src/Illuminate/Pipeline/Pipeline.php(141): Illuminate\\Foundation\\Http\\Kernel->Illuminate\\Foundation\\Http\\{closure}(Object(Illuminate\\Http\\Request))
#53 /Users/evills/developer/AudazPOS/vendor/barryvdh/laravel-debugbar/src/Middleware/InjectDebugbar.php(59): Illuminate\\Pipeline\\Pipeline->Illuminate\\Pipeline\\{closure}(Object(Illuminate\\Http\\Request))
#54 /Users/evills/developer/AudazPOS/vendor/laravel/framework/src/Illuminate/Pipeline/Pipeline.php(180): Barryvdh\\Debugbar\\Middleware\\InjectDebugbar->handle(Object(Illuminate\\Http\\Request), Object(Closure))
#55 /Users/evills/developer/AudazPOS/vendor/laravel/framework/src/Illuminate/Foundation/Http/Middleware/TransformsRequest.php(21): Illuminate\\Pipeline\\Pipeline->Illuminate\\Pipeline\\{closure}(Object(Illuminate\\Http\\Request))
#56 /Users/evills/developer/AudazPOS/vendor/laravel/framework/src/Illuminate/Foundation/Http/Middleware/ConvertEmptyStringsToNull.php(31): Illuminate\\Foundation\\Http\\Middleware\\TransformsRequest->handle(Object(Illuminate\\Http\\Request), Object(Closure))
#57 /Users/evills/developer/AudazPOS/vendor/laravel/framework/src/Illuminate/Pipeline/Pipeline.php(180): Illuminate\\Foundation\\Http\\Middleware\\ConvertEmptyStringsToNull->handle(Object(Illuminate\\Http\\Request), Object(Closure))
#58 /Users/evills/developer/AudazPOS/vendor/laravel/framework/src/Illuminate/Foundation/Http/Middleware/TransformsRequest.php(21): Illuminate\\Pipeline\\Pipeline->Illuminate\\Pipeline\\{closure}(Object(Illuminate\\Http\\Request))
#59 /Users/evills/developer/AudazPOS/vendor/laravel/framework/src/Illuminate/Foundation/Http/Middleware/TrimStrings.php(40): Illuminate\\Foundation\\Http\\Middleware\\TransformsRequest->handle(Object(Illuminate\\Http\\Request), Object(Closure))
#60 /Users/evills/developer/AudazPOS/vendor/laravel/framework/src/Illuminate/Pipeline/Pipeline.php(180): Illuminate\\Foundation\\Http\\Middleware\\TrimStrings->handle(Object(Illuminate\\Http\\Request), Object(Closure))
#61 /Users/evills/developer/AudazPOS/vendor/laravel/framework/src/Illuminate/Foundation/Http/Middleware/ValidatePostSize.php(27): Illuminate\\Pipeline\\Pipeline->Illuminate\\Pipeline\\{closure}(Object(Illuminate\\Http\\Request))
#62 /Users/evills/developer/AudazPOS/vendor/laravel/framework/src/Illuminate/Pipeline/Pipeline.php(180): Illuminate\\Foundation\\Http\\Middleware\\ValidatePostSize->handle(Object(Illuminate\\Http\\Request), Object(Closure))
#63 /Users/evills/developer/AudazPOS/vendor/laravel/framework/src/Illuminate/Foundation/Http/Middleware/PreventRequestsDuringMaintenance.php(86): Illuminate\\Pipeline\\Pipeline->Illuminate\\Pipeline\\{closure}(Object(Illuminate\\Http\\Request))
#64 /Users/evills/developer/AudazPOS/vendor/laravel/framework/src/Illuminate/Pipeline/Pipeline.php(180): Illuminate\\Foundation\\Http\\Middleware\\PreventRequestsDuringMaintenance->handle(Object(Illuminate\\Http\\Request), Object(Closure))
#65 /Users/evills/developer/AudazPOS/vendor/laravel/framework/src/Illuminate/Http/Middleware/HandleCors.php(49): Illuminate\\Pipeline\\Pipeline->Illuminate\\Pipeline\\{closure}(Object(Illuminate\\Http\\Request))
#66 /Users/evills/developer/AudazPOS/vendor/laravel/framework/src/Illuminate/Pipeline/Pipeline.php(180): Illuminate\\Http\\Middleware\\HandleCors->handle(Object(Illuminate\\Http\\Request), Object(Closure))
#67 /Users/evills/developer/AudazPOS/vendor/laravel/framework/src/Illuminate/Http/Middleware/TrustProxies.php(39): Illuminate\\Pipeline\\Pipeline->Illuminate\\Pipeline\\{closure}(Object(Illuminate\\Http\\Request))
#68 /Users/evills/developer/AudazPOS/vendor/laravel/framework/src/Illuminate/Pipeline/Pipeline.php(180): Illuminate\\Http\\Middleware\\TrustProxies->handle(Object(Illuminate\\Http\\Request), Object(Closure))
#69 /Users/evills/developer/AudazPOS/vendor/laravel/framework/src/Illuminate/Pipeline/Pipeline.php(116): Illuminate\\Pipeline\\Pipeline->Illuminate\\Pipeline\\{closure}(Object(Illuminate\\Http\\Request))
#70 /Users/evills/developer/AudazPOS/vendor/laravel/framework/src/Illuminate/Foundation/Http/Kernel.php(165): Illuminate\\Pipeline\\Pipeline->then(Object(Closure))
#71 /Users/evills/developer/AudazPOS/vendor/laravel/framework/src/Illuminate/Foundation/Http/Kernel.php(134): Illuminate\\Foundation\\Http\\Kernel->sendRequestThroughRouter(Object(Illuminate\\Http\\Request))
#72 /Users/evills/developer/AudazPOS/public/index.php(51): Illuminate\\Foundation\\Http\\Kernel->handle(Object(Illuminate\\Http\\Request))
#73 /Applications/Herd.app/Contents/Resources/valet/server.php(167): require('/Users/evills/d...')
#74 {main}

[previous exception] [object] (Illuminate\\Database\\QueryException(code: 1049): SQLSTATE[HY000] [1049] Unknown database 'myposdb' (SQL: select `value`, `key` from `system` where `key` in (additional_js, additional_css)) at /Users/evills/developer/AudazPOS/vendor/laravel/framework/src/Illuminate/Database/Connection.php:760)
[stacktrace]
#0 /Users/evills/developer/AudazPOS/vendor/laravel/framework/src/Illuminate/Database/Connection.php(720): Illuminate\\Database\\Connection->runQueryCallback('select `value`,...', Array, Object(Closure))
#1 /Users/evills/developer/AudazPOS/vendor/laravel/framework/src/Illuminate/Database/Connection.php(405): Illuminate\\Database\\Connection->run('select `value`,...', Array, Object(Closure))
#2 /Users/evills/developer/AudazPOS/vendor/laravel/framework/src/Illuminate/Database/Query/Builder.php(2705): Illuminate\\Database\\Connection->select('select `value`,...', Array, true)
#3 /Users/evills/developer/AudazPOS/vendor/laravel/framework/src/Illuminate/Database/Query/Builder.php(2920): Illuminate\\Database\\Query\\Builder->runSelect()
#4 /Users/evills/developer/AudazPOS/vendor/laravel/framework/src/Illuminate/Database/Query/Builder.php(3230): Illuminate\\Database\\Query\\Builder->Illuminate\\Database\\Query\\{closure}()
#5 /Users/evills/developer/AudazPOS/vendor/laravel/framework/src/Illuminate/Database/Query/Builder.php(2916): Illuminate\\Database\\Query\\Builder->onceWithColumns(Array, Object(Closure))
#6 /Users/evills/developer/AudazPOS/vendor/laravel/framework/src/Illuminate/Database/Eloquent/Builder.php(860): Illuminate\\Database\\Query\\Builder->pluck('value', 'key')
#7 /Users/evills/developer/AudazPOS/app/System.php(58): Illuminate\\Database\\Eloquent\\Builder->pluck('value', 'key')
#8 /Users/evills/developer/AudazPOS/app/Providers/AppServiceProvider.php(99): App\\System::getProperties(Array, true)
#9 /Users/evills/developer/AudazPOS/vendor/laravel/framework/src/Illuminate/View/Concerns/ManagesEvents.php(162): App\\Providers\\AppServiceProvider->App\\Providers\\{closure}(Object(Illuminate\\View\\View))
#10 /Users/evills/developer/AudazPOS/vendor/laravel/framework/src/Illuminate/Events/Dispatcher.php(418): Illuminate\\View\\Factory->Illuminate\\View\\Concerns\\{closure}('composing: layo...', Array)
#11 /Users/evills/developer/AudazPOS/vendor/laravel/framework/src/Illuminate/Events/Dispatcher.php(249): Illuminate\\Events\\Dispatcher->Illuminate\\Events\\{closure}('composing: layo...', Array)
#12 /Users/evills/developer/AudazPOS/vendor/laravel/framework/src/Illuminate/View/Concerns/ManagesEvents.php(177): Illuminate\\Events\\Dispatcher->dispatch('composing: layo...', Array)
#13 /Users/evills/developer/AudazPOS/vendor/laravel/framework/src/Illuminate/View/View.php(176): Illuminate\\View\\Factory->callComposer(Object(Illuminate\\View\\View))
#14 /Users/evills/developer/AudazPOS/vendor/laravel/framework/src/Illuminate/View/View.php(147): Illuminate\\View\\View->renderContents()
#15 /Users/evills/developer/AudazPOS/storage/framework/views/1ccf6133b823725648c8fd2c3f82ead804f71f4a.php(18): Illuminate\\View\\View->render()
#16 /Users/evills/developer/AudazPOS/vendor/laravel/framework/src/Illuminate/Filesystem/Filesystem.php(109): require('/Users/evills/d...')
#17 /Users/evills/developer/AudazPOS/vendor/laravel/framework/src/Illuminate/Filesystem/Filesystem.php(110): Illuminate\\Filesystem\\Filesystem::Illuminate\\Filesystem\\{closure}()
#18 /Users/evills/developer/AudazPOS/vendor/laravel/framework/src/Illuminate/View/Engines/PhpEngine.php(58): Illuminate\\Filesystem\\Filesystem->getRequire('/Users/evills/d...', Array)
#19 /Users/evills/developer/AudazPOS/vendor/laravel/framework/src/Illuminate/View/Engines/CompilerEngine.php(70): Illuminate\\View\\Engines\\PhpEngine->evaluatePath('/Users/evills/d...', Array)
#20 /Users/evills/developer/AudazPOS/vendor/laravel/framework/src/Illuminate/View/View.php(195): Illuminate\\View\\Engines\\CompilerEngine->get('/Users/evills/d...', Array)
#21 /Users/evills/developer/AudazPOS/vendor/laravel/framework/src/Illuminate/View/View.php(178): Illuminate\\View\\View->getContents()
#22 /Users/evills/developer/AudazPOS/vendor/laravel/framework/src/Illuminate/View/View.php(147): Illuminate\\View\\View->renderContents()
#23 /Users/evills/developer/AudazPOS/vendor/laravel/framework/src/Illuminate/Http/Response.php(69): Illuminate\\View\\View->render()
#24 /Users/evills/developer/AudazPOS/vendor/laravel/framework/src/Illuminate/Http/Response.php(35): Illuminate\\Http\\Response->setContent(Object(Illuminate\\View\\View))
#25 /Users/evills/developer/AudazPOS/vendor/laravel/framework/src/Illuminate/Routing/Router.php(906): Illuminate\\Http\\Response->__construct(Object(Illuminate\\View\\View), 200, Array)
#26 /Users/evills/developer/AudazPOS/vendor/laravel/framework/src/Illuminate/Routing/Router.php(875): Illuminate\\Routing\\Router::toResponse(Object(Illuminate\\Http\\Request), Object(Illuminate\\View\\View))
#27 /Users/evills/developer/AudazPOS/vendor/laravel/framework/src/Illuminate/Routing/Router.php(797): Illuminate\\Routing\\Router->prepareResponse(Object(Illuminate\\Http\\Request), Object(Illuminate\\View\\View))
#28 /Users/evills/developer/AudazPOS/vendor/laravel/framework/src/Illuminate/Pipeline/Pipeline.php(141): Illuminate\\Routing\\Router->Illuminate\\Routing\\{closure}(Object(Illuminate\\Http\\Request))
#29 /Users/evills/developer/AudazPOS/app/Http/Middleware/IsInstalled.php(50): Illuminate\\Pipeline\\Pipeline->Illuminate\\Pipeline\\{closure}(Object(Illuminate\\Http\\Request))
#30 /Users/evills/developer/AudazPOS/vendor/laravel/framework/src/Illuminate/Pipeline/Pipeline.php(180): App\\Http\\Middleware\\IsInstalled->handle(Object(Illuminate\\Http\\Request), Object(Closure))
#31 /Users/evills/developer/AudazPOS/vendor/barryvdh/laravel-debugbar/src/Middleware/InjectDebugbar.php(59): Illuminate\\Pipeline\\Pipeline->Illuminate\\Pipeline\\{closure}(Object(Illuminate\\Http\\Request))
#32 /Users/evills/developer/AudazPOS/vendor/laravel/framework/src/Illuminate/Pipeline/Pipeline.php(180): Barryvdh\\Debugbar\\Middleware\\InjectDebugbar->handle(Object(Illuminate\\Http\\Request), Object(Closure))
#33 /Users/evills/developer/AudazPOS/vendor/laravel/framework/src/Illuminate/Routing/Middleware/SubstituteBindings.php(50): Illuminate\\Pipeline\\Pipeline->Illuminate\\Pipeline\\{closure}(Object(Illuminate\\Http\\Request))
#34 /Users/evills/developer/AudazPOS/vendor/laravel/framework/src/Illuminate/Pipeline/Pipeline.php(180): Illuminate\\Routing\\Middleware\\SubstituteBindings->handle(Object(Illuminate\\Http\\Request), Object(Closure))
#35 /Users/evills/developer/AudazPOS/vendor/laravel/framework/src/Illuminate/Foundation/Http/Middleware/VerifyCsrfToken.php(78): Illuminate\\Pipeline\\Pipeline->Illuminate\\Pipeline\\{closure}(Object(Illuminate\\Http\\Request))
#36 /Users/evills/developer/AudazPOS/vendor/laravel/framework/src/Illuminate/Pipeline/Pipeline.php(180): Illuminate\\Foundation\\Http\\Middleware\\VerifyCsrfToken->handle(Object(Illuminate\\Http\\Request), Object(Closure))
#37 /Users/evills/developer/AudazPOS/vendor/laravel/framework/src/Illuminate/View/Middleware/ShareErrorsFromSession.php(49): Illuminate\\Pipeline\\Pipeline->Illuminate\\Pipeline\\{closure}(Object(Illuminate\\Http\\Request))
#38 /Users/evills/developer/AudazPOS/vendor/laravel/framework/src/Illuminate/Pipeline/Pipeline.php(180): Illuminate\\View\\Middleware\\ShareErrorsFromSession->handle(Object(Illuminate\\Http\\Request), Object(Closure))
#39 /Users/evills/developer/AudazPOS/vendor/laravel/framework/src/Illuminate/Session/Middleware/StartSession.php(121): Illuminate\\Pipeline\\Pipeline->Illuminate\\Pipeline\\{closure}(Object(Illuminate\\Http\\Request))
#40 /Users/evills/developer/AudazPOS/vendor/laravel/framework/src/Illuminate/Session/Middleware/StartSession.php(64): Illuminate\\Session\\Middleware\\StartSession->handleStatefulRequest(Object(Illuminate\\Http\\Request), Object(Illuminate\\Session\\Store), Object(Closure))
#41 /Users/evills/developer/AudazPOS/vendor/laravel/framework/src/Illuminate/Pipeline/Pipeline.php(180): Illuminate\\Session\\Middleware\\StartSession->handle(Object(Illuminate\\Http\\Request), Object(Closure))
#42 /Users/evills/developer/AudazPOS/vendor/laravel/framework/src/Illuminate/Cookie/Middleware/AddQueuedCookiesToResponse.php(37): Illuminate\\Pipeline\\Pipeline->Illuminate\\Pipeline\\{closure}(Object(Illuminate\\Http\\Request))
#43 /Users/evills/developer/AudazPOS/vendor/laravel/framework/src/Illuminate/Pipeline/Pipeline.php(180): Illuminate\\Cookie\\Middleware\\AddQueuedCookiesToResponse->handle(Object(Illuminate\\Http\\Request), Object(Closure))
#44 /Users/evills/developer/AudazPOS/vendor/laravel/framework/src/Illuminate/Cookie/Middleware/EncryptCookies.php(67): Illuminate\\Pipeline\\Pipeline->Illuminate\\Pipeline\\{closure}(Object(Illuminate\\Http\\Request))
#45 /Users/evills/developer/AudazPOS/vendor/laravel/framework/src/Illuminate/Pipeline/Pipeline.php(180): Illuminate\\Cookie\\Middleware\\EncryptCookies->handle(Object(Illuminate\\Http\\Request), Object(Closure))
#46 /Users/evills/developer/AudazPOS/vendor/laravel/framework/src/Illuminate/Pipeline/Pipeline.php(116): Illuminate\\Pipeline\\Pipeline->Illuminate\\Pipeline\\{closure}(Object(Illuminate\\Http\\Request))
#47 /Users/evills/developer/AudazPOS/vendor/laravel/framework/src/Illuminate/Routing/Router.php(797): Illuminate\\Pipeline\\Pipeline->then(Object(Closure))
#48 /Users/evills/developer/AudazPOS/vendor/laravel/framework/src/Illuminate/Routing/Router.php(776): Illuminate\\Routing\\Router->runRouteWithinStack(Object(Illuminate\\Routing\\Route), Object(Illuminate\\Http\\Request))
#49 /Users/evills/developer/AudazPOS/vendor/laravel/framework/src/Illuminate/Routing/Router.php(740): Illuminate\\Routing\\Router->runRoute(Object(Illuminate\\Http\\Request), Object(Illuminate\\Routing\\Route))
#50 /Users/evills/developer/AudazPOS/vendor/laravel/framework/src/Illuminate/Routing/Router.php(729): Illuminate\\Routing\\Router->dispatchToRoute(Object(Illuminate\\Http\\Request))
#51 /Users/evills/developer/AudazPOS/vendor/laravel/framework/src/Illuminate/Foundation/Http/Kernel.php(190): Illuminate\\Routing\\Router->dispatch(Object(Illuminate\\Http\\Request))
#52 /Users/evills/developer/AudazPOS/vendor/laravel/framework/src/Illuminate/Pipeline/Pipeline.php(141): Illuminate\\Foundation\\Http\\Kernel->Illuminate\\Foundation\\Http\\{closure}(Object(Illuminate\\Http\\Request))
#53 /Users/evills/developer/AudazPOS/vendor/barryvdh/laravel-debugbar/src/Middleware/InjectDebugbar.php(59): Illuminate\\Pipeline\\Pipeline->Illuminate\\Pipeline\\{closure}(Object(Illuminate\\Http\\Request))
#54 /Users/evills/developer/AudazPOS/vendor/laravel/framework/src/Illuminate/Pipeline/Pipeline.php(180): Barryvdh\\Debugbar\\Middleware\\InjectDebugbar->handle(Object(Illuminate\\Http\\Request), Object(Closure))
#55 /Users/evills/developer/AudazPOS/vendor/laravel/framework/src/Illuminate/Foundation/Http/Middleware/TransformsRequest.php(21): Illuminate\\Pipeline\\Pipeline->Illuminate\\Pipeline\\{closure}(Object(Illuminate\\Http\\Request))
#56 /Users/evills/developer/AudazPOS/vendor/laravel/framework/src/Illuminate/Foundation/Http/Middleware/ConvertEmptyStringsToNull.php(31): Illuminate\\Foundation\\Http\\Middleware\\TransformsRequest->handle(Object(Illuminate\\Http\\Request), Object(Closure))
#57 /Users/evills/developer/AudazPOS/vendor/laravel/framework/src/Illuminate/Pipeline/Pipeline.php(180): Illuminate\\Foundation\\Http\\Middleware\\ConvertEmptyStringsToNull->handle(Object(Illuminate\\Http\\Request), Object(Closure))
#58 /Users/evills/developer/AudazPOS/vendor/laravel/framework/src/Illuminate/Foundation/Http/Middleware/TransformsRequest.php(21): Illuminate\\Pipeline\\Pipeline->Illuminate\\Pipeline\\{closure}(Object(Illuminate\\Http\\Request))
#59 /Users/evills/developer/AudazPOS/vendor/laravel/framework/src/Illuminate/Foundation/Http/Middleware/TrimStrings.php(40): Illuminate\\Foundation\\Http\\Middleware\\TransformsRequest->handle(Object(Illuminate\\Http\\Request), Object(Closure))
#60 /Users/evills/developer/AudazPOS/vendor/laravel/framework/src/Illuminate/Pipeline/Pipeline.php(180): Illuminate\\Foundation\\Http\\Middleware\\TrimStrings->handle(Object(Illuminate\\Http\\Request), Object(Closure))
#61 /Users/evills/developer/AudazPOS/vendor/laravel/framework/src/Illuminate/Foundation/Http/Middleware/ValidatePostSize.php(27): Illuminate\\Pipeline\\Pipeline->Illuminate\\Pipeline\\{closure}(Object(Illuminate\\Http\\Request))
#62 /Users/evills/developer/AudazPOS/vendor/laravel/framework/src/Illuminate/Pipeline/Pipeline.php(180): Illuminate\\Foundation\\Http\\Middleware\\ValidatePostSize->handle(Object(Illuminate\\Http\\Request), Object(Closure))
#63 /Users/evills/developer/AudazPOS/vendor/laravel/framework/src/Illuminate/Foundation/Http/Middleware/PreventRequestsDuringMaintenance.php(86): Illuminate\\Pipeline\\Pipeline->Illuminate\\Pipeline\\{closure}(Object(Illuminate\\Http\\Request))
#64 /Users/evills/developer/AudazPOS/vendor/laravel/framework/src/Illuminate/Pipeline/Pipeline.php(180): Illuminate\\Foundation\\Http\\Middleware\\PreventRequestsDuringMaintenance->handle(Object(Illuminate\\Http\\Request), Object(Closure))
#65 /Users/evills/developer/AudazPOS/vendor/laravel/framework/src/Illuminate/Http/Middleware/HandleCors.php(49): Illuminate\\Pipeline\\Pipeline->Illuminate\\Pipeline\\{closure}(Object(Illuminate\\Http\\Request))
#66 /Users/evills/developer/AudazPOS/vendor/laravel/framework/src/Illuminate/Pipeline/Pipeline.php(180): Illuminate\\Http\\Middleware\\HandleCors->handle(Object(Illuminate\\Http\\Request), Object(Closure))
#67 /Users/evills/developer/AudazPOS/vendor/laravel/framework/src/Illuminate/Http/Middleware/TrustProxies.php(39): Illuminate\\Pipeline\\Pipeline->Illuminate\\Pipeline\\{closure}(Object(Illuminate\\Http\\Request))
#68 /Users/evills/developer/AudazPOS/vendor/laravel/framework/src/Illuminate/Pipeline/Pipeline.php(180): Illuminate\\Http\\Middleware\\TrustProxies->handle(Object(Illuminate\\Http\\Request), Object(Closure))
#69 /Users/evills/developer/AudazPOS/vendor/laravel/framework/src/Illuminate/Pipeline/Pipeline.php(116): Illuminate\\Pipeline\\Pipeline->Illuminate\\Pipeline\\{closure}(Object(Illuminate\\Http\\Request))
#70 /Users/evills/developer/AudazPOS/vendor/laravel/framework/src/Illuminate/Foundation/Http/Kernel.php(165): Illuminate\\Pipeline\\Pipeline->then(Object(Closure))
#71 /Users/evills/developer/AudazPOS/vendor/laravel/framework/src/Illuminate/Foundation/Http/Kernel.php(134): Illuminate\\Foundation\\Http\\Kernel->sendRequestThroughRouter(Object(Illuminate\\Http\\Request))
#72 /Users/evills/developer/AudazPOS/public/index.php(51): Illuminate\\Foundation\\Http\\Kernel->handle(Object(Illuminate\\Http\\Request))
#73 /Applications/Herd.app/Contents/Resources/valet/server.php(167): require('/Users/evills/d...')
#74 {main}

[previous exception] [object] (PDOException(code: 1049): SQLSTATE[HY000] [1049] Unknown database 'myposdb' at /Users/evills/developer/AudazPOS/vendor/laravel/framework/src/Illuminate/Database/Connectors/Connector.php:70)
[stacktrace]
#0 /Users/evills/developer/AudazPOS/vendor/laravel/framework/src/Illuminate/Database/Connectors/Connector.php(70): PDO->__construct('mysql:host=127....', 'root', Object(SensitiveParameterValue), Array)
#1 /Users/evills/developer/AudazPOS/vendor/laravel/framework/src/Illuminate/Database/Connectors/Connector.php(45): Illuminate\\Database\\Connectors\\Connector->createPdoConnection('mysql:host=127....', 'root', '', Array)
#2 /Users/evills/developer/AudazPOS/vendor/laravel/framework/src/Illuminate/Database/Connectors/MySqlConnector.php(24): Illuminate\\Database\\Connectors\\Connector->createConnection('mysql:host=127....', Array, Array)
#3 /Users/evills/developer/AudazPOS/vendor/laravel/framework/src/Illuminate/Database/Connectors/ConnectionFactory.php(184): Illuminate\\Database\\Connectors\\MySqlConnector->connect(Array)
#4 [internal function]: Illuminate\\Database\\Connectors\\ConnectionFactory->Illuminate\\Database\\Connectors\\{closure}()
#5 /Users/evills/developer/AudazPOS/vendor/laravel/framework/src/Illuminate/Database/Connection.php(1181): call_user_func(Object(Closure))
#6 /Users/evills/developer/AudazPOS/vendor/laravel/framework/src/Illuminate/Database/Connection.php(1217): Illuminate\\Database\\Connection->getPdo()
#7 /Users/evills/developer/AudazPOS/vendor/laravel/framework/src/Illuminate/Database/Connection.php(486): Illuminate\\Database\\Connection->getReadPdo()
#8 /Users/evills/developer/AudazPOS/vendor/laravel/framework/src/Illuminate/Database/Connection.php(414): Illuminate\\Database\\Connection->getPdoForSelect(true)
#9 /Users/evills/developer/AudazPOS/vendor/laravel/framework/src/Illuminate/Database/Connection.php(753): Illuminate\\Database\\Connection->Illuminate\\Database\\{closure}('select `value`,...', Array)
#10 /Users/evills/developer/AudazPOS/vendor/laravel/framework/src/Illuminate/Database/Connection.php(720): Illuminate\\Database\\Connection->runQueryCallback('select `value`,...', Array, Object(Closure))
#11 /Users/evills/developer/AudazPOS/vendor/laravel/framework/src/Illuminate/Database/Connection.php(405): Illuminate\\Database\\Connection->run('select `value`,...', Array, Object(Closure))
#12 /Users/evills/developer/AudazPOS/vendor/laravel/framework/src/Illuminate/Database/Query/Builder.php(2705): Illuminate\\Database\\Connection->select('select `value`,...', Array, true)
#13 /Users/evills/developer/AudazPOS/vendor/laravel/framework/src/Illuminate/Database/Query/Builder.php(2920): Illuminate\\Database\\Query\\Builder->runSelect()
#14 /Users/evills/developer/AudazPOS/vendor/laravel/framework/src/Illuminate/Database/Query/Builder.php(3230): Illuminate\\Database\\Query\\Builder->Illuminate\\Database\\Query\\{closure}()
#15 /Users/evills/developer/AudazPOS/vendor/laravel/framework/src/Illuminate/Database/Query/Builder.php(2916): Illuminate\\Database\\Query\\Builder->onceWithColumns(Array, Object(Closure))
#16 /Users/evills/developer/AudazPOS/vendor/laravel/framework/src/Illuminate/Database/Eloquent/Builder.php(860): Illuminate\\Database\\Query\\Builder->pluck('value', 'key')
#17 /Users/evills/developer/AudazPOS/app/System.php(58): Illuminate\\Database\\Eloquent\\Builder->pluck('value', 'key')
#18 /Users/evills/developer/AudazPOS/app/Providers/AppServiceProvider.php(99): App\\System::getProperties(Array, true)
#19 /Users/evills/developer/AudazPOS/vendor/laravel/framework/src/Illuminate/View/Concerns/ManagesEvents.php(162): App\\Providers\\AppServiceProvider->App\\Providers\\{closure}(Object(Illuminate\\View\\View))
#20 /Users/evills/developer/AudazPOS/vendor/laravel/framework/src/Illuminate/Events/Dispatcher.php(418): Illuminate\\View\\Factory->Illuminate\\View\\Concerns\\{closure}('composing: layo...', Array)
#21 /Users/evills/developer/AudazPOS/vendor/laravel/framework/src/Illuminate/Events/Dispatcher.php(249): Illuminate\\Events\\Dispatcher->Illuminate\\Events\\{closure}('composing: layo...', Array)
#22 /Users/evills/developer/AudazPOS/vendor/laravel/framework/src/Illuminate/View/Concerns/ManagesEvents.php(177): Illuminate\\Events\\Dispatcher->dispatch('composing: layo...', Array)
#23 /Users/evills/developer/AudazPOS/vendor/laravel/framework/src/Illuminate/View/View.php(176): Illuminate\\View\\Factory->callComposer(Object(Illuminate\\View\\View))
#24 /Users/evills/developer/AudazPOS/vendor/laravel/framework/src/Illuminate/View/View.php(147): Illuminate\\View\\View->renderContents()
#25 /Users/evills/developer/AudazPOS/storage/framework/views/1ccf6133b823725648c8fd2c3f82ead804f71f4a.php(18): Illuminate\\View\\View->render()
#26 /Users/evills/developer/AudazPOS/vendor/laravel/framework/src/Illuminate/Filesystem/Filesystem.php(109): require('/Users/evills/d...')
#27 /Users/evills/developer/AudazPOS/vendor/laravel/framework/src/Illuminate/Filesystem/Filesystem.php(110): Illuminate\\Filesystem\\Filesystem::Illuminate\\Filesystem\\{closure}()
#28 /Users/evills/developer/AudazPOS/vendor/laravel/framework/src/Illuminate/View/Engines/PhpEngine.php(58): Illuminate\\Filesystem\\Filesystem->getRequire('/Users/evills/d...', Array)
#29 /Users/evills/developer/AudazPOS/vendor/laravel/framework/src/Illuminate/View/Engines/CompilerEngine.php(70): Illuminate\\View\\Engines\\PhpEngine->evaluatePath('/Users/evills/d...', Array)
#30 /Users/evills/developer/AudazPOS/vendor/laravel/framework/src/Illuminate/View/View.php(195): Illuminate\\View\\Engines\\CompilerEngine->get('/Users/evills/d...', Array)
#31 /Users/evills/developer/AudazPOS/vendor/laravel/framework/src/Illuminate/View/View.php(178): Illuminate\\View\\View->getContents()
#32 /Users/evills/developer/AudazPOS/vendor/laravel/framework/src/Illuminate/View/View.php(147): Illuminate\\View\\View->renderContents()
#33 /Users/evills/developer/AudazPOS/vendor/laravel/framework/src/Illuminate/Http/Response.php(69): Illuminate\\View\\View->render()
#34 /Users/evills/developer/AudazPOS/vendor/laravel/framework/src/Illuminate/Http/Response.php(35): Illuminate\\Http\\Response->setContent(Object(Illuminate\\View\\View))
#35 /Users/evills/developer/AudazPOS/vendor/laravel/framework/src/Illuminate/Routing/Router.php(906): Illuminate\\Http\\Response->__construct(Object(Illuminate\\View\\View), 200, Array)
#36 /Users/evills/developer/AudazPOS/vendor/laravel/framework/src/Illuminate/Routing/Router.php(875): Illuminate\\Routing\\Router::toResponse(Object(Illuminate\\Http\\Request), Object(Illuminate\\View\\View))
#37 /Users/evills/developer/AudazPOS/vendor/laravel/framework/src/Illuminate/Routing/Router.php(797): Illuminate\\Routing\\Router->prepareResponse(Object(Illuminate\\Http\\Request), Object(Illuminate\\View\\View))
#38 /Users/evills/developer/AudazPOS/vendor/laravel/framework/src/Illuminate/Pipeline/Pipeline.php(141): Illuminate\\Routing\\Router->Illuminate\\Routing\\{closure}(Object(Illuminate\\Http\\Request))
#39 /Users/evills/developer/AudazPOS/app/Http/Middleware/IsInstalled.php(50): Illuminate\\Pipeline\\Pipeline->Illuminate\\Pipeline\\{closure}(Object(Illuminate\\Http\\Request))
#40 /Users/evills/developer/AudazPOS/vendor/laravel/framework/src/Illuminate/Pipeline/Pipeline.php(180): App\\Http\\Middleware\\IsInstalled->handle(Object(Illuminate\\Http\\Request), Object(Closure))
#41 /Users/evills/developer/AudazPOS/vendor/barryvdh/laravel-debugbar/src/Middleware/InjectDebugbar.php(59): Illuminate\\Pipeline\\Pipeline->Illuminate\\Pipeline\\{closure}(Object(Illuminate\\Http\\Request))
#42 /Users/evills/developer/AudazPOS/vendor/laravel/framework/src/Illuminate/Pipeline/Pipeline.php(180): Barryvdh\\Debugbar\\Middleware\\InjectDebugbar->handle(Object(Illuminate\\Http\\Request), Object(Closure))
#43 /Users/evills/developer/AudazPOS/vendor/laravel/framework/src/Illuminate/Routing/Middleware/SubstituteBindings.php(50): Illuminate\\Pipeline\\Pipeline->Illuminate\\Pipeline\\{closure}(Object(Illuminate\\Http\\Request))
#44 /Users/evills/developer/AudazPOS/vendor/laravel/framework/src/Illuminate/Pipeline/Pipeline.php(180): Illuminate\\Routing\\Middleware\\SubstituteBindings->handle(Object(Illuminate\\Http\\Request), Object(Closure))
#45 /Users/evills/developer/AudazPOS/vendor/laravel/framework/src/Illuminate/Foundation/Http/Middleware/VerifyCsrfToken.php(78): Illuminate\\Pipeline\\Pipeline->Illuminate\\Pipeline\\{closure}(Object(Illuminate\\Http\\Request))
#46 /Users/evills/developer/AudazPOS/vendor/laravel/framework/src/Illuminate/Pipeline/Pipeline.php(180): Illuminate\\Foundation\\Http\\Middleware\\VerifyCsrfToken->handle(Object(Illuminate\\Http\\Request), Object(Closure))
#47 /Users/evills/developer/AudazPOS/vendor/laravel/framework/src/Illuminate/View/Middleware/ShareErrorsFromSession.php(49): Illuminate\\Pipeline\\Pipeline->Illuminate\\Pipeline\\{closure}(Object(Illuminate\\Http\\Request))
#48 /Users/evills/developer/AudazPOS/vendor/laravel/framework/src/Illuminate/Pipeline/Pipeline.php(180): Illuminate\\View\\Middleware\\ShareErrorsFromSession->handle(Object(Illuminate\\Http\\Request), Object(Closure))
#49 /Users/evills/developer/AudazPOS/vendor/laravel/framework/src/Illuminate/Session/Middleware/StartSession.php(121): Illuminate\\Pipeline\\Pipeline->Illuminate\\Pipeline\\{closure}(Object(Illuminate\\Http\\Request))
#50 /Users/evills/developer/AudazPOS/vendor/laravel/framework/src/Illuminate/Session/Middleware/StartSession.php(64): Illuminate\\Session\\Middleware\\StartSession->handleStatefulRequest(Object(Illuminate\\Http\\Request), Object(Illuminate\\Session\\Store), Object(Closure))
#51 /Users/evills/developer/AudazPOS/vendor/laravel/framework/src/Illuminate/Pipeline/Pipeline.php(180): Illuminate\\Session\\Middleware\\StartSession->handle(Object(Illuminate\\Http\\Request), Object(Closure))
#52 /Users/evills/developer/AudazPOS/vendor/laravel/framework/src/Illuminate/Cookie/Middleware/AddQueuedCookiesToResponse.php(37): Illuminate\\Pipeline\\Pipeline->Illuminate\\Pipeline\\{closure}(Object(Illuminate\\Http\\Request))
#53 /Users/evills/developer/AudazPOS/vendor/laravel/framework/src/Illuminate/Pipeline/Pipeline.php(180): Illuminate\\Cookie\\Middleware\\AddQueuedCookiesToResponse->handle(Object(Illuminate\\Http\\Request), Object(Closure))
#54 /Users/evills/developer/AudazPOS/vendor/laravel/framework/src/Illuminate/Cookie/Middleware/EncryptCookies.php(67): Illuminate\\Pipeline\\Pipeline->Illuminate\\Pipeline\\{closure}(Object(Illuminate\\Http\\Request))
#55 /Users/evills/developer/AudazPOS/vendor/laravel/framework/src/Illuminate/Pipeline/Pipeline.php(180): Illuminate\\Cookie\\Middleware\\EncryptCookies->handle(Object(Illuminate\\Http\\Request), Object(Closure))
#56 /Users/evills/developer/AudazPOS/vendor/laravel/framework/src/Illuminate/Pipeline/Pipeline.php(116): Illuminate\\Pipeline\\Pipeline->Illuminate\\Pipeline\\{closure}(Object(Illuminate\\Http\\Request))
#57 /Users/evills/developer/AudazPOS/vendor/laravel/framework/src/Illuminate/Routing/Router.php(797): Illuminate\\Pipeline\\Pipeline->then(Object(Closure))
#58 /Users/evills/developer/AudazPOS/vendor/laravel/framework/src/Illuminate/Routing/Router.php(776): Illuminate\\Routing\\Router->runRouteWithinStack(Object(Illuminate\\Routing\\Route), Object(Illuminate\\Http\\Request))
#59 /Users/evills/developer/AudazPOS/vendor/laravel/framework/src/Illuminate/Routing/Router.php(740): Illuminate\\Routing\\Router->runRoute(Object(Illuminate\\Http\\Request), Object(Illuminate\\Routing\\Route))
#60 /Users/evills/developer/AudazPOS/vendor/laravel/framework/src/Illuminate/Routing/Router.php(729): Illuminate\\Routing\\Router->dispatchToRoute(Object(Illuminate\\Http\\Request))
#61 /Users/evills/developer/AudazPOS/vendor/laravel/framework/src/Illuminate/Foundation/Http/Kernel.php(190): Illuminate\\Routing\\Router->dispatch(Object(Illuminate\\Http\\Request))
#62 /Users/evills/developer/AudazPOS/vendor/laravel/framework/src/Illuminate/Pipeline/Pipeline.php(141): Illuminate\\Foundation\\Http\\Kernel->Illuminate\\Foundation\\Http\\{closure}(Object(Illuminate\\Http\\Request))
#63 /Users/evills/developer/AudazPOS/vendor/barryvdh/laravel-debugbar/src/Middleware/InjectDebugbar.php(59): Illuminate\\Pipeline\\Pipeline->Illuminate\\Pipeline\\{closure}(Object(Illuminate\\Http\\Request))
#64 /Users/evills/developer/AudazPOS/vendor/laravel/framework/src/Illuminate/Pipeline/Pipeline.php(180): Barryvdh\\Debugbar\\Middleware\\InjectDebugbar->handle(Object(Illuminate\\Http\\Request), Object(Closure))
#65 /Users/evills/developer/AudazPOS/vendor/laravel/framework/src/Illuminate/Foundation/Http/Middleware/TransformsRequest.php(21): Illuminate\\Pipeline\\Pipeline->Illuminate\\Pipeline\\{closure}(Object(Illuminate\\Http\\Request))
#66 /Users/evills/developer/AudazPOS/vendor/laravel/framework/src/Illuminate/Foundation/Http/Middleware/ConvertEmptyStringsToNull.php(31): Illuminate\\Foundation\\Http\\Middleware\\TransformsRequest->handle(Object(Illuminate\\Http\\Request), Object(Closure))
#67 /Users/evills/developer/AudazPOS/vendor/laravel/framework/src/Illuminate/Pipeline/Pipeline.php(180): Illuminate\\Foundation\\Http\\Middleware\\ConvertEmptyStringsToNull->handle(Object(Illuminate\\Http\\Request), Object(Closure))
#68 /Users/evills/developer/AudazPOS/vendor/laravel/framework/src/Illuminate/Foundation/Http/Middleware/TransformsRequest.php(21): Illuminate\\Pipeline\\Pipeline->Illuminate\\Pipeline\\{closure}(Object(Illuminate\\Http\\Request))
#69 /Users/evills/developer/AudazPOS/vendor/laravel/framework/src/Illuminate/Foundation/Http/Middleware/TrimStrings.php(40): Illuminate\\Foundation\\Http\\Middleware\\TransformsRequest->handle(Object(Illuminate\\Http\\Request), Object(Closure))
#70 /Users/evills/developer/AudazPOS/vendor/laravel/framework/src/Illuminate/Pipeline/Pipeline.php(180): Illuminate\\Foundation\\Http\\Middleware\\TrimStrings->handle(Object(Illuminate\\Http\\Request), Object(Closure))
#71 /Users/evills/developer/AudazPOS/vendor/laravel/framework/src/Illuminate/Foundation/Http/Middleware/ValidatePostSize.php(27): Illuminate\\Pipeline\\Pipeline->Illuminate\\Pipeline\\{closure}(Object(Illuminate\\Http\\Request))
#72 /Users/evills/developer/AudazPOS/vendor/laravel/framework/src/Illuminate/Pipeline/Pipeline.php(180): Illuminate\\Foundation\\Http\\Middleware\\ValidatePostSize->handle(Object(Illuminate\\Http\\Request), Object(Closure))
#73 /Users/evills/developer/AudazPOS/vendor/laravel/framework/src/Illuminate/Foundation/Http/Middleware/PreventRequestsDuringMaintenance.php(86): Illuminate\\Pipeline\\Pipeline->Illuminate\\Pipeline\\{closure}(Object(Illuminate\\Http\\Request))
#74 /Users/evills/developer/AudazPOS/vendor/laravel/framework/src/Illuminate/Pipeline/Pipeline.php(180): Illuminate\\Foundation\\Http\\Middleware\\PreventRequestsDuringMaintenance->handle(Object(Illuminate\\Http\\Request), Object(Closure))
#75 /Users/evills/developer/AudazPOS/vendor/laravel/framework/src/Illuminate/Http/Middleware/HandleCors.php(49): Illuminate\\Pipeline\\Pipeline->Illuminate\\Pipeline\\{closure}(Object(Illuminate\\Http\\Request))
#76 /Users/evills/developer/AudazPOS/vendor/laravel/framework/src/Illuminate/Pipeline/Pipeline.php(180): Illuminate\\Http\\Middleware\\HandleCors->handle(Object(Illuminate\\Http\\Request), Object(Closure))
#77 /Users/evills/developer/AudazPOS/vendor/laravel/framework/src/Illuminate/Http/Middleware/TrustProxies.php(39): Illuminate\\Pipeline\\Pipeline->Illuminate\\Pipeline\\{closure}(Object(Illuminate\\Http\\Request))
#78 /Users/evills/developer/AudazPOS/vendor/laravel/framework/src/Illuminate/Pipeline/Pipeline.php(180): Illuminate\\Http\\Middleware\\TrustProxies->handle(Object(Illuminate\\Http\\Request), Object(Closure))
#79 /Users/evills/developer/AudazPOS/vendor/laravel/framework/src/Illuminate/Pipeline/Pipeline.php(116): Illuminate\\Pipeline\\Pipeline->Illuminate\\Pipeline\\{closure}(Object(Illuminate\\Http\\Request))
#80 /Users/evills/developer/AudazPOS/vendor/laravel/framework/src/Illuminate/Foundation/Http/Kernel.php(165): Illuminate\\Pipeline\\Pipeline->then(Object(Closure))
#81 /Users/evills/developer/AudazPOS/vendor/laravel/framework/src/Illuminate/Foundation/Http/Kernel.php(134): Illuminate\\Foundation\\Http\\Kernel->sendRequestThroughRouter(Object(Illuminate\\Http\\Request))
#82 /Users/evills/developer/AudazPOS/public/index.php(51): Illuminate\\Foundation\\Http\\Kernel->handle(Object(Illuminate\\Http\\Request))
#83 /Applications/Herd.app/Contents/Resources/valet/server.php(167): require('/Users/evills/d...')
#84 {main}
"} 
[2025-07-01 18:16:35] local.ERROR: SQLSTATE[HY000] [1049] Unknown database 'myposdb' (SQL: select `value`, `key` from `system` where `key` in (additional_js, additional_css)) {"view":{"view":"/Users/evills/developer/AudazPOS/resources/views/welcome.blade.php","data":{"asset_v":"<pre class=sf-dump id=sf-dump-827919226 data-indent-pad=\"  \"><span class=sf-dump-num>670</span>
</pre><script>Sfdump(\"sf-dump-827919226\", {\"maxDepth\":3,\"maxStringLength\":160})</script>
","errors":"<pre class=sf-dump id=sf-dump-1446740982 data-indent-pad=\"  \"><span class=sf-dump-note>Illuminate\\Support\\ViewErrorBag</span> {<a class=sf-dump-ref>#2261</a><samp data-depth=1 class=sf-dump-expanded>
  #<span class=sf-dump-protected title=\"Protected property\">bags</span>: []
</samp>}
</pre><script>Sfdump(\"sf-dump-1446740982\", {\"maxDepth\":3,\"maxStringLength\":160})</script>
","enabled_modules":"<pre class=sf-dump id=sf-dump-1785401694 data-indent-pad=\"  \">[]
</pre><script>Sfdump(\"sf-dump-1785401694\", {\"maxDepth\":3,\"maxStringLength\":160})</script>
","__is_pusher_enabled":"<pre class=sf-dump id=sf-dump-1907234982 data-indent-pad=\"  \"><span class=sf-dump-const>false</span>
</pre><script>Sfdump(\"sf-dump-1907234982\", {\"maxDepth\":3,\"maxStringLength\":160})</script>
"}},"exception":"[object] (Spatie\\LaravelIgnition\\Exceptions\\ViewException(code: 0): SQLSTATE[HY000] [1049] Unknown database 'myposdb' (SQL: select `value`, `key` from `system` where `key` in (additional_js, additional_css)) at /Users/evills/developer/AudazPOS/vendor/laravel/framework/src/Illuminate/Database/Connection.php:760)
[stacktrace]
#0 /Users/evills/developer/AudazPOS/vendor/laravel/framework/src/Illuminate/Database/Connection.php(720): Illuminate\\Database\\Connection->runQueryCallback('select `value`,...', Array, Object(Closure))
#1 /Users/evills/developer/AudazPOS/vendor/laravel/framework/src/Illuminate/Database/Connection.php(405): Illuminate\\Database\\Connection->run('select `value`,...', Array, Object(Closure))
#2 /Users/evills/developer/AudazPOS/vendor/laravel/framework/src/Illuminate/Database/Query/Builder.php(2705): Illuminate\\Database\\Connection->select('select `value`,...', Array, true)
#3 /Users/evills/developer/AudazPOS/vendor/laravel/framework/src/Illuminate/Database/Query/Builder.php(2920): Illuminate\\Database\\Query\\Builder->runSelect()
#4 /Users/evills/developer/AudazPOS/vendor/laravel/framework/src/Illuminate/Database/Query/Builder.php(3230): Illuminate\\Database\\Query\\Builder->Illuminate\\Database\\Query\\{closure}()
#5 /Users/evills/developer/AudazPOS/vendor/laravel/framework/src/Illuminate/Database/Query/Builder.php(2916): Illuminate\\Database\\Query\\Builder->onceWithColumns(Array, Object(Closure))
#6 /Users/evills/developer/AudazPOS/vendor/laravel/framework/src/Illuminate/Database/Eloquent/Builder.php(860): Illuminate\\Database\\Query\\Builder->pluck('value', 'key')
#7 /Users/evills/developer/AudazPOS/app/System.php(58): Illuminate\\Database\\Eloquent\\Builder->pluck('value', 'key')
#8 /Users/evills/developer/AudazPOS/app/Providers/AppServiceProvider.php(99): App\\System::getProperties(Array, true)
#9 /Users/evills/developer/AudazPOS/vendor/laravel/framework/src/Illuminate/View/Concerns/ManagesEvents.php(162): App\\Providers\\AppServiceProvider->App\\Providers\\{closure}(Object(Illuminate\\View\\View))
#10 /Users/evills/developer/AudazPOS/vendor/laravel/framework/src/Illuminate/Events/Dispatcher.php(418): Illuminate\\View\\Factory->Illuminate\\View\\Concerns\\{closure}('composing: layo...', Array)
#11 /Users/evills/developer/AudazPOS/vendor/laravel/framework/src/Illuminate/Events/Dispatcher.php(249): Illuminate\\Events\\Dispatcher->Illuminate\\Events\\{closure}('composing: layo...', Array)
#12 /Users/evills/developer/AudazPOS/vendor/laravel/framework/src/Illuminate/View/Concerns/ManagesEvents.php(177): Illuminate\\Events\\Dispatcher->dispatch('composing: layo...', Array)
#13 /Users/evills/developer/AudazPOS/vendor/laravel/framework/src/Illuminate/View/View.php(176): Illuminate\\View\\Factory->callComposer(Object(Illuminate\\View\\View))
#14 /Users/evills/developer/AudazPOS/vendor/laravel/framework/src/Illuminate/View/View.php(147): Illuminate\\View\\View->renderContents()
#15 /Users/evills/developer/AudazPOS/resources/views/welcome.blade.php(15): Illuminate\\View\\View->render()
#16 /Users/evills/developer/AudazPOS/vendor/laravel/framework/src/Illuminate/Filesystem/Filesystem.php(109): require('/Users/evills/d...')
#17 /Users/evills/developer/AudazPOS/vendor/laravel/framework/src/Illuminate/Filesystem/Filesystem.php(110): Illuminate\\Filesystem\\Filesystem::Illuminate\\Filesystem\\{closure}()
#18 /Users/evills/developer/AudazPOS/vendor/laravel/framework/src/Illuminate/View/Engines/PhpEngine.php(58): Illuminate\\Filesystem\\Filesystem->getRequire('/Users/evills/d...', Array)
#19 /Users/evills/developer/AudazPOS/vendor/laravel/framework/src/Illuminate/View/Engines/CompilerEngine.php(70): Illuminate\\View\\Engines\\PhpEngine->evaluatePath('/Users/evills/d...', Array)
#20 /Users/evills/developer/AudazPOS/vendor/laravel/framework/src/Illuminate/View/View.php(195): Illuminate\\View\\Engines\\CompilerEngine->get('/Users/evills/d...', Array)
#21 /Users/evills/developer/AudazPOS/vendor/laravel/framework/src/Illuminate/View/View.php(178): Illuminate\\View\\View->getContents()
#22 /Users/evills/developer/AudazPOS/vendor/laravel/framework/src/Illuminate/View/View.php(147): Illuminate\\View\\View->renderContents()
#23 /Users/evills/developer/AudazPOS/vendor/laravel/framework/src/Illuminate/Http/Response.php(69): Illuminate\\View\\View->render()
#24 /Users/evills/developer/AudazPOS/vendor/laravel/framework/src/Illuminate/Http/Response.php(35): Illuminate\\Http\\Response->setContent(Object(Illuminate\\View\\View))
#25 /Users/evills/developer/AudazPOS/vendor/laravel/framework/src/Illuminate/Routing/Router.php(906): Illuminate\\Http\\Response->__construct(Object(Illuminate\\View\\View), 200, Array)
#26 /Users/evills/developer/AudazPOS/vendor/laravel/framework/src/Illuminate/Routing/Router.php(875): Illuminate\\Routing\\Router::toResponse(Object(Illuminate\\Http\\Request), Object(Illuminate\\View\\View))
#27 /Users/evills/developer/AudazPOS/vendor/laravel/framework/src/Illuminate/Routing/Router.php(797): Illuminate\\Routing\\Router->prepareResponse(Object(Illuminate\\Http\\Request), Object(Illuminate\\View\\View))
#28 /Users/evills/developer/AudazPOS/vendor/laravel/framework/src/Illuminate/Pipeline/Pipeline.php(141): Illuminate\\Routing\\Router->Illuminate\\Routing\\{closure}(Object(Illuminate\\Http\\Request))
#29 /Users/evills/developer/AudazPOS/app/Http/Middleware/IsInstalled.php(50): Illuminate\\Pipeline\\Pipeline->Illuminate\\Pipeline\\{closure}(Object(Illuminate\\Http\\Request))
#30 /Users/evills/developer/AudazPOS/vendor/laravel/framework/src/Illuminate/Pipeline/Pipeline.php(180): App\\Http\\Middleware\\IsInstalled->handle(Object(Illuminate\\Http\\Request), Object(Closure))
#31 /Users/evills/developer/AudazPOS/vendor/barryvdh/laravel-debugbar/src/Middleware/InjectDebugbar.php(59): Illuminate\\Pipeline\\Pipeline->Illuminate\\Pipeline\\{closure}(Object(Illuminate\\Http\\Request))
#32 /Users/evills/developer/AudazPOS/vendor/laravel/framework/src/Illuminate/Pipeline/Pipeline.php(180): Barryvdh\\Debugbar\\Middleware\\InjectDebugbar->handle(Object(Illuminate\\Http\\Request), Object(Closure))
#33 /Users/evills/developer/AudazPOS/vendor/laravel/framework/src/Illuminate/Routing/Middleware/SubstituteBindings.php(50): Illuminate\\Pipeline\\Pipeline->Illuminate\\Pipeline\\{closure}(Object(Illuminate\\Http\\Request))
#34 /Users/evills/developer/AudazPOS/vendor/laravel/framework/src/Illuminate/Pipeline/Pipeline.php(180): Illuminate\\Routing\\Middleware\\SubstituteBindings->handle(Object(Illuminate\\Http\\Request), Object(Closure))
#35 /Users/evills/developer/AudazPOS/vendor/laravel/framework/src/Illuminate/Foundation/Http/Middleware/VerifyCsrfToken.php(78): Illuminate\\Pipeline\\Pipeline->Illuminate\\Pipeline\\{closure}(Object(Illuminate\\Http\\Request))
#36 /Users/evills/developer/AudazPOS/vendor/laravel/framework/src/Illuminate/Pipeline/Pipeline.php(180): Illuminate\\Foundation\\Http\\Middleware\\VerifyCsrfToken->handle(Object(Illuminate\\Http\\Request), Object(Closure))
#37 /Users/evills/developer/AudazPOS/vendor/laravel/framework/src/Illuminate/View/Middleware/ShareErrorsFromSession.php(49): Illuminate\\Pipeline\\Pipeline->Illuminate\\Pipeline\\{closure}(Object(Illuminate\\Http\\Request))
#38 /Users/evills/developer/AudazPOS/vendor/laravel/framework/src/Illuminate/Pipeline/Pipeline.php(180): Illuminate\\View\\Middleware\\ShareErrorsFromSession->handle(Object(Illuminate\\Http\\Request), Object(Closure))
#39 /Users/evills/developer/AudazPOS/vendor/laravel/framework/src/Illuminate/Session/Middleware/StartSession.php(121): Illuminate\\Pipeline\\Pipeline->Illuminate\\Pipeline\\{closure}(Object(Illuminate\\Http\\Request))
#40 /Users/evills/developer/AudazPOS/vendor/laravel/framework/src/Illuminate/Session/Middleware/StartSession.php(64): Illuminate\\Session\\Middleware\\StartSession->handleStatefulRequest(Object(Illuminate\\Http\\Request), Object(Illuminate\\Session\\Store), Object(Closure))
#41 /Users/evills/developer/AudazPOS/vendor/laravel/framework/src/Illuminate/Pipeline/Pipeline.php(180): Illuminate\\Session\\Middleware\\StartSession->handle(Object(Illuminate\\Http\\Request), Object(Closure))
#42 /Users/evills/developer/AudazPOS/vendor/laravel/framework/src/Illuminate/Cookie/Middleware/AddQueuedCookiesToResponse.php(37): Illuminate\\Pipeline\\Pipeline->Illuminate\\Pipeline\\{closure}(Object(Illuminate\\Http\\Request))
#43 /Users/evills/developer/AudazPOS/vendor/laravel/framework/src/Illuminate/Pipeline/Pipeline.php(180): Illuminate\\Cookie\\Middleware\\AddQueuedCookiesToResponse->handle(Object(Illuminate\\Http\\Request), Object(Closure))
#44 /Users/evills/developer/AudazPOS/vendor/laravel/framework/src/Illuminate/Cookie/Middleware/EncryptCookies.php(67): Illuminate\\Pipeline\\Pipeline->Illuminate\\Pipeline\\{closure}(Object(Illuminate\\Http\\Request))
#45 /Users/evills/developer/AudazPOS/vendor/laravel/framework/src/Illuminate/Pipeline/Pipeline.php(180): Illuminate\\Cookie\\Middleware\\EncryptCookies->handle(Object(Illuminate\\Http\\Request), Object(Closure))
#46 /Users/evills/developer/AudazPOS/vendor/laravel/framework/src/Illuminate/Pipeline/Pipeline.php(116): Illuminate\\Pipeline\\Pipeline->Illuminate\\Pipeline\\{closure}(Object(Illuminate\\Http\\Request))
#47 /Users/evills/developer/AudazPOS/vendor/laravel/framework/src/Illuminate/Routing/Router.php(797): Illuminate\\Pipeline\\Pipeline->then(Object(Closure))
#48 /Users/evills/developer/AudazPOS/vendor/laravel/framework/src/Illuminate/Routing/Router.php(776): Illuminate\\Routing\\Router->runRouteWithinStack(Object(Illuminate\\Routing\\Route), Object(Illuminate\\Http\\Request))
#49 /Users/evills/developer/AudazPOS/vendor/laravel/framework/src/Illuminate/Routing/Router.php(740): Illuminate\\Routing\\Router->runRoute(Object(Illuminate\\Http\\Request), Object(Illuminate\\Routing\\Route))
#50 /Users/evills/developer/AudazPOS/vendor/laravel/framework/src/Illuminate/Routing/Router.php(729): Illuminate\\Routing\\Router->dispatchToRoute(Object(Illuminate\\Http\\Request))
#51 /Users/evills/developer/AudazPOS/vendor/laravel/framework/src/Illuminate/Foundation/Http/Kernel.php(190): Illuminate\\Routing\\Router->dispatch(Object(Illuminate\\Http\\Request))
#52 /Users/evills/developer/AudazPOS/vendor/laravel/framework/src/Illuminate/Pipeline/Pipeline.php(141): Illuminate\\Foundation\\Http\\Kernel->Illuminate\\Foundation\\Http\\{closure}(Object(Illuminate\\Http\\Request))
#53 /Users/evills/developer/AudazPOS/vendor/barryvdh/laravel-debugbar/src/Middleware/InjectDebugbar.php(59): Illuminate\\Pipeline\\Pipeline->Illuminate\\Pipeline\\{closure}(Object(Illuminate\\Http\\Request))
#54 /Users/evills/developer/AudazPOS/vendor/laravel/framework/src/Illuminate/Pipeline/Pipeline.php(180): Barryvdh\\Debugbar\\Middleware\\InjectDebugbar->handle(Object(Illuminate\\Http\\Request), Object(Closure))
#55 /Users/evills/developer/AudazPOS/vendor/laravel/framework/src/Illuminate/Foundation/Http/Middleware/TransformsRequest.php(21): Illuminate\\Pipeline\\Pipeline->Illuminate\\Pipeline\\{closure}(Object(Illuminate\\Http\\Request))
#56 /Users/evills/developer/AudazPOS/vendor/laravel/framework/src/Illuminate/Foundation/Http/Middleware/ConvertEmptyStringsToNull.php(31): Illuminate\\Foundation\\Http\\Middleware\\TransformsRequest->handle(Object(Illuminate\\Http\\Request), Object(Closure))
#57 /Users/evills/developer/AudazPOS/vendor/laravel/framework/src/Illuminate/Pipeline/Pipeline.php(180): Illuminate\\Foundation\\Http\\Middleware\\ConvertEmptyStringsToNull->handle(Object(Illuminate\\Http\\Request), Object(Closure))
#58 /Users/evills/developer/AudazPOS/vendor/laravel/framework/src/Illuminate/Foundation/Http/Middleware/TransformsRequest.php(21): Illuminate\\Pipeline\\Pipeline->Illuminate\\Pipeline\\{closure}(Object(Illuminate\\Http\\Request))
#59 /Users/evills/developer/AudazPOS/vendor/laravel/framework/src/Illuminate/Foundation/Http/Middleware/TrimStrings.php(40): Illuminate\\Foundation\\Http\\Middleware\\TransformsRequest->handle(Object(Illuminate\\Http\\Request), Object(Closure))
#60 /Users/evills/developer/AudazPOS/vendor/laravel/framework/src/Illuminate/Pipeline/Pipeline.php(180): Illuminate\\Foundation\\Http\\Middleware\\TrimStrings->handle(Object(Illuminate\\Http\\Request), Object(Closure))
#61 /Users/evills/developer/AudazPOS/vendor/laravel/framework/src/Illuminate/Foundation/Http/Middleware/ValidatePostSize.php(27): Illuminate\\Pipeline\\Pipeline->Illuminate\\Pipeline\\{closure}(Object(Illuminate\\Http\\Request))
#62 /Users/evills/developer/AudazPOS/vendor/laravel/framework/src/Illuminate/Pipeline/Pipeline.php(180): Illuminate\\Foundation\\Http\\Middleware\\ValidatePostSize->handle(Object(Illuminate\\Http\\Request), Object(Closure))
#63 /Users/evills/developer/AudazPOS/vendor/laravel/framework/src/Illuminate/Foundation/Http/Middleware/PreventRequestsDuringMaintenance.php(86): Illuminate\\Pipeline\\Pipeline->Illuminate\\Pipeline\\{closure}(Object(Illuminate\\Http\\Request))
#64 /Users/evills/developer/AudazPOS/vendor/laravel/framework/src/Illuminate/Pipeline/Pipeline.php(180): Illuminate\\Foundation\\Http\\Middleware\\PreventRequestsDuringMaintenance->handle(Object(Illuminate\\Http\\Request), Object(Closure))
#65 /Users/evills/developer/AudazPOS/vendor/laravel/framework/src/Illuminate/Http/Middleware/HandleCors.php(49): Illuminate\\Pipeline\\Pipeline->Illuminate\\Pipeline\\{closure}(Object(Illuminate\\Http\\Request))
#66 /Users/evills/developer/AudazPOS/vendor/laravel/framework/src/Illuminate/Pipeline/Pipeline.php(180): Illuminate\\Http\\Middleware\\HandleCors->handle(Object(Illuminate\\Http\\Request), Object(Closure))
#67 /Users/evills/developer/AudazPOS/vendor/laravel/framework/src/Illuminate/Http/Middleware/TrustProxies.php(39): Illuminate\\Pipeline\\Pipeline->Illuminate\\Pipeline\\{closure}(Object(Illuminate\\Http\\Request))
#68 /Users/evills/developer/AudazPOS/vendor/laravel/framework/src/Illuminate/Pipeline/Pipeline.php(180): Illuminate\\Http\\Middleware\\TrustProxies->handle(Object(Illuminate\\Http\\Request), Object(Closure))
#69 /Users/evills/developer/AudazPOS/vendor/laravel/framework/src/Illuminate/Pipeline/Pipeline.php(116): Illuminate\\Pipeline\\Pipeline->Illuminate\\Pipeline\\{closure}(Object(Illuminate\\Http\\Request))
#70 /Users/evills/developer/AudazPOS/vendor/laravel/framework/src/Illuminate/Foundation/Http/Kernel.php(165): Illuminate\\Pipeline\\Pipeline->then(Object(Closure))
#71 /Users/evills/developer/AudazPOS/vendor/laravel/framework/src/Illuminate/Foundation/Http/Kernel.php(134): Illuminate\\Foundation\\Http\\Kernel->sendRequestThroughRouter(Object(Illuminate\\Http\\Request))
#72 /Users/evills/developer/AudazPOS/public/index.php(51): Illuminate\\Foundation\\Http\\Kernel->handle(Object(Illuminate\\Http\\Request))
#73 /Applications/Herd.app/Contents/Resources/valet/server.php(167): require('/Users/evills/d...')
#74 {main}

[previous exception] [object] (Illuminate\\Database\\QueryException(code: 1049): SQLSTATE[HY000] [1049] Unknown database 'myposdb' (SQL: select `value`, `key` from `system` where `key` in (additional_js, additional_css)) at /Users/evills/developer/AudazPOS/vendor/laravel/framework/src/Illuminate/Database/Connection.php:760)
[stacktrace]
#0 /Users/evills/developer/AudazPOS/vendor/laravel/framework/src/Illuminate/Database/Connection.php(720): Illuminate\\Database\\Connection->runQueryCallback('select `value`,...', Array, Object(Closure))
#1 /Users/evills/developer/AudazPOS/vendor/laravel/framework/src/Illuminate/Database/Connection.php(405): Illuminate\\Database\\Connection->run('select `value`,...', Array, Object(Closure))
#2 /Users/evills/developer/AudazPOS/vendor/laravel/framework/src/Illuminate/Database/Query/Builder.php(2705): Illuminate\\Database\\Connection->select('select `value`,...', Array, true)
#3 /Users/evills/developer/AudazPOS/vendor/laravel/framework/src/Illuminate/Database/Query/Builder.php(2920): Illuminate\\Database\\Query\\Builder->runSelect()
#4 /Users/evills/developer/AudazPOS/vendor/laravel/framework/src/Illuminate/Database/Query/Builder.php(3230): Illuminate\\Database\\Query\\Builder->Illuminate\\Database\\Query\\{closure}()
#5 /Users/evills/developer/AudazPOS/vendor/laravel/framework/src/Illuminate/Database/Query/Builder.php(2916): Illuminate\\Database\\Query\\Builder->onceWithColumns(Array, Object(Closure))
#6 /Users/evills/developer/AudazPOS/vendor/laravel/framework/src/Illuminate/Database/Eloquent/Builder.php(860): Illuminate\\Database\\Query\\Builder->pluck('value', 'key')
#7 /Users/evills/developer/AudazPOS/app/System.php(58): Illuminate\\Database\\Eloquent\\Builder->pluck('value', 'key')
#8 /Users/evills/developer/AudazPOS/app/Providers/AppServiceProvider.php(99): App\\System::getProperties(Array, true)
#9 /Users/evills/developer/AudazPOS/vendor/laravel/framework/src/Illuminate/View/Concerns/ManagesEvents.php(162): App\\Providers\\AppServiceProvider->App\\Providers\\{closure}(Object(Illuminate\\View\\View))
#10 /Users/evills/developer/AudazPOS/vendor/laravel/framework/src/Illuminate/Events/Dispatcher.php(418): Illuminate\\View\\Factory->Illuminate\\View\\Concerns\\{closure}('composing: layo...', Array)
#11 /Users/evills/developer/AudazPOS/vendor/laravel/framework/src/Illuminate/Events/Dispatcher.php(249): Illuminate\\Events\\Dispatcher->Illuminate\\Events\\{closure}('composing: layo...', Array)
#12 /Users/evills/developer/AudazPOS/vendor/laravel/framework/src/Illuminate/View/Concerns/ManagesEvents.php(177): Illuminate\\Events\\Dispatcher->dispatch('composing: layo...', Array)
#13 /Users/evills/developer/AudazPOS/vendor/laravel/framework/src/Illuminate/View/View.php(176): Illuminate\\View\\Factory->callComposer(Object(Illuminate\\View\\View))
#14 /Users/evills/developer/AudazPOS/vendor/laravel/framework/src/Illuminate/View/View.php(147): Illuminate\\View\\View->renderContents()
#15 /Users/evills/developer/AudazPOS/storage/framework/views/1ccf6133b823725648c8fd2c3f82ead804f71f4a.php(18): Illuminate\\View\\View->render()
#16 /Users/evills/developer/AudazPOS/vendor/laravel/framework/src/Illuminate/Filesystem/Filesystem.php(109): require('/Users/evills/d...')
#17 /Users/evills/developer/AudazPOS/vendor/laravel/framework/src/Illuminate/Filesystem/Filesystem.php(110): Illuminate\\Filesystem\\Filesystem::Illuminate\\Filesystem\\{closure}()
#18 /Users/evills/developer/AudazPOS/vendor/laravel/framework/src/Illuminate/View/Engines/PhpEngine.php(58): Illuminate\\Filesystem\\Filesystem->getRequire('/Users/evills/d...', Array)
#19 /Users/evills/developer/AudazPOS/vendor/laravel/framework/src/Illuminate/View/Engines/CompilerEngine.php(70): Illuminate\\View\\Engines\\PhpEngine->evaluatePath('/Users/evills/d...', Array)
#20 /Users/evills/developer/AudazPOS/vendor/laravel/framework/src/Illuminate/View/View.php(195): Illuminate\\View\\Engines\\CompilerEngine->get('/Users/evills/d...', Array)
#21 /Users/evills/developer/AudazPOS/vendor/laravel/framework/src/Illuminate/View/View.php(178): Illuminate\\View\\View->getContents()
#22 /Users/evills/developer/AudazPOS/vendor/laravel/framework/src/Illuminate/View/View.php(147): Illuminate\\View\\View->renderContents()
#23 /Users/evills/developer/AudazPOS/vendor/laravel/framework/src/Illuminate/Http/Response.php(69): Illuminate\\View\\View->render()
#24 /Users/evills/developer/AudazPOS/vendor/laravel/framework/src/Illuminate/Http/Response.php(35): Illuminate\\Http\\Response->setContent(Object(Illuminate\\View\\View))
#25 /Users/evills/developer/AudazPOS/vendor/laravel/framework/src/Illuminate/Routing/Router.php(906): Illuminate\\Http\\Response->__construct(Object(Illuminate\\View\\View), 200, Array)
#26 /Users/evills/developer/AudazPOS/vendor/laravel/framework/src/Illuminate/Routing/Router.php(875): Illuminate\\Routing\\Router::toResponse(Object(Illuminate\\Http\\Request), Object(Illuminate\\View\\View))
#27 /Users/evills/developer/AudazPOS/vendor/laravel/framework/src/Illuminate/Routing/Router.php(797): Illuminate\\Routing\\Router->prepareResponse(Object(Illuminate\\Http\\Request), Object(Illuminate\\View\\View))
#28 /Users/evills/developer/AudazPOS/vendor/laravel/framework/src/Illuminate/Pipeline/Pipeline.php(141): Illuminate\\Routing\\Router->Illuminate\\Routing\\{closure}(Object(Illuminate\\Http\\Request))
#29 /Users/evills/developer/AudazPOS/app/Http/Middleware/IsInstalled.php(50): Illuminate\\Pipeline\\Pipeline->Illuminate\\Pipeline\\{closure}(Object(Illuminate\\Http\\Request))
#30 /Users/evills/developer/AudazPOS/vendor/laravel/framework/src/Illuminate/Pipeline/Pipeline.php(180): App\\Http\\Middleware\\IsInstalled->handle(Object(Illuminate\\Http\\Request), Object(Closure))
#31 /Users/evills/developer/AudazPOS/vendor/barryvdh/laravel-debugbar/src/Middleware/InjectDebugbar.php(59): Illuminate\\Pipeline\\Pipeline->Illuminate\\Pipeline\\{closure}(Object(Illuminate\\Http\\Request))
#32 /Users/evills/developer/AudazPOS/vendor/laravel/framework/src/Illuminate/Pipeline/Pipeline.php(180): Barryvdh\\Debugbar\\Middleware\\InjectDebugbar->handle(Object(Illuminate\\Http\\Request), Object(Closure))
#33 /Users/evills/developer/AudazPOS/vendor/laravel/framework/src/Illuminate/Routing/Middleware/SubstituteBindings.php(50): Illuminate\\Pipeline\\Pipeline->Illuminate\\Pipeline\\{closure}(Object(Illuminate\\Http\\Request))
#34 /Users/evills/developer/AudazPOS/vendor/laravel/framework/src/Illuminate/Pipeline/Pipeline.php(180): Illuminate\\Routing\\Middleware\\SubstituteBindings->handle(Object(Illuminate\\Http\\Request), Object(Closure))
#35 /Users/evills/developer/AudazPOS/vendor/laravel/framework/src/Illuminate/Foundation/Http/Middleware/VerifyCsrfToken.php(78): Illuminate\\Pipeline\\Pipeline->Illuminate\\Pipeline\\{closure}(Object(Illuminate\\Http\\Request))
#36 /Users/evills/developer/AudazPOS/vendor/laravel/framework/src/Illuminate/Pipeline/Pipeline.php(180): Illuminate\\Foundation\\Http\\Middleware\\VerifyCsrfToken->handle(Object(Illuminate\\Http\\Request), Object(Closure))
#37 /Users/evills/developer/AudazPOS/vendor/laravel/framework/src/Illuminate/View/Middleware/ShareErrorsFromSession.php(49): Illuminate\\Pipeline\\Pipeline->Illuminate\\Pipeline\\{closure}(Object(Illuminate\\Http\\Request))
#38 /Users/evills/developer/AudazPOS/vendor/laravel/framework/src/Illuminate/Pipeline/Pipeline.php(180): Illuminate\\View\\Middleware\\ShareErrorsFromSession->handle(Object(Illuminate\\Http\\Request), Object(Closure))
#39 /Users/evills/developer/AudazPOS/vendor/laravel/framework/src/Illuminate/Session/Middleware/StartSession.php(121): Illuminate\\Pipeline\\Pipeline->Illuminate\\Pipeline\\{closure}(Object(Illuminate\\Http\\Request))
#40 /Users/evills/developer/AudazPOS/vendor/laravel/framework/src/Illuminate/Session/Middleware/StartSession.php(64): Illuminate\\Session\\Middleware\\StartSession->handleStatefulRequest(Object(Illuminate\\Http\\Request), Object(Illuminate\\Session\\Store), Object(Closure))
#41 /Users/evills/developer/AudazPOS/vendor/laravel/framework/src/Illuminate/Pipeline/Pipeline.php(180): Illuminate\\Session\\Middleware\\StartSession->handle(Object(Illuminate\\Http\\Request), Object(Closure))
#42 /Users/evills/developer/AudazPOS/vendor/laravel/framework/src/Illuminate/Cookie/Middleware/AddQueuedCookiesToResponse.php(37): Illuminate\\Pipeline\\Pipeline->Illuminate\\Pipeline\\{closure}(Object(Illuminate\\Http\\Request))
#43 /Users/evills/developer/AudazPOS/vendor/laravel/framework/src/Illuminate/Pipeline/Pipeline.php(180): Illuminate\\Cookie\\Middleware\\AddQueuedCookiesToResponse->handle(Object(Illuminate\\Http\\Request), Object(Closure))
#44 /Users/evills/developer/AudazPOS/vendor/laravel/framework/src/Illuminate/Cookie/Middleware/EncryptCookies.php(67): Illuminate\\Pipeline\\Pipeline->Illuminate\\Pipeline\\{closure}(Object(Illuminate\\Http\\Request))
#45 /Users/evills/developer/AudazPOS/vendor/laravel/framework/src/Illuminate/Pipeline/Pipeline.php(180): Illuminate\\Cookie\\Middleware\\EncryptCookies->handle(Object(Illuminate\\Http\\Request), Object(Closure))
#46 /Users/evills/developer/AudazPOS/vendor/laravel/framework/src/Illuminate/Pipeline/Pipeline.php(116): Illuminate\\Pipeline\\Pipeline->Illuminate\\Pipeline\\{closure}(Object(Illuminate\\Http\\Request))
#47 /Users/evills/developer/AudazPOS/vendor/laravel/framework/src/Illuminate/Routing/Router.php(797): Illuminate\\Pipeline\\Pipeline->then(Object(Closure))
#48 /Users/evills/developer/AudazPOS/vendor/laravel/framework/src/Illuminate/Routing/Router.php(776): Illuminate\\Routing\\Router->runRouteWithinStack(Object(Illuminate\\Routing\\Route), Object(Illuminate\\Http\\Request))
#49 /Users/evills/developer/AudazPOS/vendor/laravel/framework/src/Illuminate/Routing/Router.php(740): Illuminate\\Routing\\Router->runRoute(Object(Illuminate\\Http\\Request), Object(Illuminate\\Routing\\Route))
#50 /Users/evills/developer/AudazPOS/vendor/laravel/framework/src/Illuminate/Routing/Router.php(729): Illuminate\\Routing\\Router->dispatchToRoute(Object(Illuminate\\Http\\Request))
#51 /Users/evills/developer/AudazPOS/vendor/laravel/framework/src/Illuminate/Foundation/Http/Kernel.php(190): Illuminate\\Routing\\Router->dispatch(Object(Illuminate\\Http\\Request))
#52 /Users/evills/developer/AudazPOS/vendor/laravel/framework/src/Illuminate/Pipeline/Pipeline.php(141): Illuminate\\Foundation\\Http\\Kernel->Illuminate\\Foundation\\Http\\{closure}(Object(Illuminate\\Http\\Request))
#53 /Users/evills/developer/AudazPOS/vendor/barryvdh/laravel-debugbar/src/Middleware/InjectDebugbar.php(59): Illuminate\\Pipeline\\Pipeline->Illuminate\\Pipeline\\{closure}(Object(Illuminate\\Http\\Request))
#54 /Users/evills/developer/AudazPOS/vendor/laravel/framework/src/Illuminate/Pipeline/Pipeline.php(180): Barryvdh\\Debugbar\\Middleware\\InjectDebugbar->handle(Object(Illuminate\\Http\\Request), Object(Closure))
#55 /Users/evills/developer/AudazPOS/vendor/laravel/framework/src/Illuminate/Foundation/Http/Middleware/TransformsRequest.php(21): Illuminate\\Pipeline\\Pipeline->Illuminate\\Pipeline\\{closure}(Object(Illuminate\\Http\\Request))
#56 /Users/evills/developer/AudazPOS/vendor/laravel/framework/src/Illuminate/Foundation/Http/Middleware/ConvertEmptyStringsToNull.php(31): Illuminate\\Foundation\\Http\\Middleware\\TransformsRequest->handle(Object(Illuminate\\Http\\Request), Object(Closure))
#57 /Users/evills/developer/AudazPOS/vendor/laravel/framework/src/Illuminate/Pipeline/Pipeline.php(180): Illuminate\\Foundation\\Http\\Middleware\\ConvertEmptyStringsToNull->handle(Object(Illuminate\\Http\\Request), Object(Closure))
#58 /Users/evills/developer/AudazPOS/vendor/laravel/framework/src/Illuminate/Foundation/Http/Middleware/TransformsRequest.php(21): Illuminate\\Pipeline\\Pipeline->Illuminate\\Pipeline\\{closure}(Object(Illuminate\\Http\\Request))
#59 /Users/evills/developer/AudazPOS/vendor/laravel/framework/src/Illuminate/Foundation/Http/Middleware/TrimStrings.php(40): Illuminate\\Foundation\\Http\\Middleware\\TransformsRequest->handle(Object(Illuminate\\Http\\Request), Object(Closure))
#60 /Users/evills/developer/AudazPOS/vendor/laravel/framework/src/Illuminate/Pipeline/Pipeline.php(180): Illuminate\\Foundation\\Http\\Middleware\\TrimStrings->handle(Object(Illuminate\\Http\\Request), Object(Closure))
#61 /Users/evills/developer/AudazPOS/vendor/laravel/framework/src/Illuminate/Foundation/Http/Middleware/ValidatePostSize.php(27): Illuminate\\Pipeline\\Pipeline->Illuminate\\Pipeline\\{closure}(Object(Illuminate\\Http\\Request))
#62 /Users/evills/developer/AudazPOS/vendor/laravel/framework/src/Illuminate/Pipeline/Pipeline.php(180): Illuminate\\Foundation\\Http\\Middleware\\ValidatePostSize->handle(Object(Illuminate\\Http\\Request), Object(Closure))
#63 /Users/evills/developer/AudazPOS/vendor/laravel/framework/src/Illuminate/Foundation/Http/Middleware/PreventRequestsDuringMaintenance.php(86): Illuminate\\Pipeline\\Pipeline->Illuminate\\Pipeline\\{closure}(Object(Illuminate\\Http\\Request))
#64 /Users/evills/developer/AudazPOS/vendor/laravel/framework/src/Illuminate/Pipeline/Pipeline.php(180): Illuminate\\Foundation\\Http\\Middleware\\PreventRequestsDuringMaintenance->handle(Object(Illuminate\\Http\\Request), Object(Closure))
#65 /Users/evills/developer/AudazPOS/vendor/laravel/framework/src/Illuminate/Http/Middleware/HandleCors.php(49): Illuminate\\Pipeline\\Pipeline->Illuminate\\Pipeline\\{closure}(Object(Illuminate\\Http\\Request))
#66 /Users/evills/developer/AudazPOS/vendor/laravel/framework/src/Illuminate/Pipeline/Pipeline.php(180): Illuminate\\Http\\Middleware\\HandleCors->handle(Object(Illuminate\\Http\\Request), Object(Closure))
#67 /Users/evills/developer/AudazPOS/vendor/laravel/framework/src/Illuminate/Http/Middleware/TrustProxies.php(39): Illuminate\\Pipeline\\Pipeline->Illuminate\\Pipeline\\{closure}(Object(Illuminate\\Http\\Request))
#68 /Users/evills/developer/AudazPOS/vendor/laravel/framework/src/Illuminate/Pipeline/Pipeline.php(180): Illuminate\\Http\\Middleware\\TrustProxies->handle(Object(Illuminate\\Http\\Request), Object(Closure))
#69 /Users/evills/developer/AudazPOS/vendor/laravel/framework/src/Illuminate/Pipeline/Pipeline.php(116): Illuminate\\Pipeline\\Pipeline->Illuminate\\Pipeline\\{closure}(Object(Illuminate\\Http\\Request))
#70 /Users/evills/developer/AudazPOS/vendor/laravel/framework/src/Illuminate/Foundation/Http/Kernel.php(165): Illuminate\\Pipeline\\Pipeline->then(Object(Closure))
#71 /Users/evills/developer/AudazPOS/vendor/laravel/framework/src/Illuminate/Foundation/Http/Kernel.php(134): Illuminate\\Foundation\\Http\\Kernel->sendRequestThroughRouter(Object(Illuminate\\Http\\Request))
#72 /Users/evills/developer/AudazPOS/public/index.php(51): Illuminate\\Foundation\\Http\\Kernel->handle(Object(Illuminate\\Http\\Request))
#73 /Applications/Herd.app/Contents/Resources/valet/server.php(167): require('/Users/evills/d...')
#74 {main}

[previous exception] [object] (PDOException(code: 1049): SQLSTATE[HY000] [1049] Unknown database 'myposdb' at /Users/evills/developer/AudazPOS/vendor/laravel/framework/src/Illuminate/Database/Connectors/Connector.php:70)
[stacktrace]
#0 /Users/evills/developer/AudazPOS/vendor/laravel/framework/src/Illuminate/Database/Connectors/Connector.php(70): PDO->__construct('mysql:host=127....', 'root', Object(SensitiveParameterValue), Array)
#1 /Users/evills/developer/AudazPOS/vendor/laravel/framework/src/Illuminate/Database/Connectors/Connector.php(45): Illuminate\\Database\\Connectors\\Connector->createPdoConnection('mysql:host=127....', 'root', '', Array)
#2 /Users/evills/developer/AudazPOS/vendor/laravel/framework/src/Illuminate/Database/Connectors/MySqlConnector.php(24): Illuminate\\Database\\Connectors\\Connector->createConnection('mysql:host=127....', Array, Array)
#3 /Users/evills/developer/AudazPOS/vendor/laravel/framework/src/Illuminate/Database/Connectors/ConnectionFactory.php(184): Illuminate\\Database\\Connectors\\MySqlConnector->connect(Array)
#4 [internal function]: Illuminate\\Database\\Connectors\\ConnectionFactory->Illuminate\\Database\\Connectors\\{closure}()
#5 /Users/evills/developer/AudazPOS/vendor/laravel/framework/src/Illuminate/Database/Connection.php(1181): call_user_func(Object(Closure))
#6 /Users/evills/developer/AudazPOS/vendor/laravel/framework/src/Illuminate/Database/Connection.php(1217): Illuminate\\Database\\Connection->getPdo()
#7 /Users/evills/developer/AudazPOS/vendor/laravel/framework/src/Illuminate/Database/Connection.php(486): Illuminate\\Database\\Connection->getReadPdo()
#8 /Users/evills/developer/AudazPOS/vendor/laravel/framework/src/Illuminate/Database/Connection.php(414): Illuminate\\Database\\Connection->getPdoForSelect(true)
#9 /Users/evills/developer/AudazPOS/vendor/laravel/framework/src/Illuminate/Database/Connection.php(753): Illuminate\\Database\\Connection->Illuminate\\Database\\{closure}('select `value`,...', Array)
#10 /Users/evills/developer/AudazPOS/vendor/laravel/framework/src/Illuminate/Database/Connection.php(720): Illuminate\\Database\\Connection->runQueryCallback('select `value`,...', Array, Object(Closure))
#11 /Users/evills/developer/AudazPOS/vendor/laravel/framework/src/Illuminate/Database/Connection.php(405): Illuminate\\Database\\Connection->run('select `value`,...', Array, Object(Closure))
#12 /Users/evills/developer/AudazPOS/vendor/laravel/framework/src/Illuminate/Database/Query/Builder.php(2705): Illuminate\\Database\\Connection->select('select `value`,...', Array, true)
#13 /Users/evills/developer/AudazPOS/vendor/laravel/framework/src/Illuminate/Database/Query/Builder.php(2920): Illuminate\\Database\\Query\\Builder->runSelect()
#14 /Users/evills/developer/AudazPOS/vendor/laravel/framework/src/Illuminate/Database/Query/Builder.php(3230): Illuminate\\Database\\Query\\Builder->Illuminate\\Database\\Query\\{closure}()
#15 /Users/evills/developer/AudazPOS/vendor/laravel/framework/src/Illuminate/Database/Query/Builder.php(2916): Illuminate\\Database\\Query\\Builder->onceWithColumns(Array, Object(Closure))
#16 /Users/evills/developer/AudazPOS/vendor/laravel/framework/src/Illuminate/Database/Eloquent/Builder.php(860): Illuminate\\Database\\Query\\Builder->pluck('value', 'key')
#17 /Users/evills/developer/AudazPOS/app/System.php(58): Illuminate\\Database\\Eloquent\\Builder->pluck('value', 'key')
#18 /Users/evills/developer/AudazPOS/app/Providers/AppServiceProvider.php(99): App\\System::getProperties(Array, true)
#19 /Users/evills/developer/AudazPOS/vendor/laravel/framework/src/Illuminate/View/Concerns/ManagesEvents.php(162): App\\Providers\\AppServiceProvider->App\\Providers\\{closure}(Object(Illuminate\\View\\View))
#20 /Users/evills/developer/AudazPOS/vendor/laravel/framework/src/Illuminate/Events/Dispatcher.php(418): Illuminate\\View\\Factory->Illuminate\\View\\Concerns\\{closure}('composing: layo...', Array)
#21 /Users/evills/developer/AudazPOS/vendor/laravel/framework/src/Illuminate/Events/Dispatcher.php(249): Illuminate\\Events\\Dispatcher->Illuminate\\Events\\{closure}('composing: layo...', Array)
#22 /Users/evills/developer/AudazPOS/vendor/laravel/framework/src/Illuminate/View/Concerns/ManagesEvents.php(177): Illuminate\\Events\\Dispatcher->dispatch('composing: layo...', Array)
#23 /Users/evills/developer/AudazPOS/vendor/laravel/framework/src/Illuminate/View/View.php(176): Illuminate\\View\\Factory->callComposer(Object(Illuminate\\View\\View))
#24 /Users/evills/developer/AudazPOS/vendor/laravel/framework/src/Illuminate/View/View.php(147): Illuminate\\View\\View->renderContents()
#25 /Users/evills/developer/AudazPOS/storage/framework/views/1ccf6133b823725648c8fd2c3f82ead804f71f4a.php(18): Illuminate\\View\\View->render()
#26 /Users/evills/developer/AudazPOS/vendor/laravel/framework/src/Illuminate/Filesystem/Filesystem.php(109): require('/Users/evills/d...')
#27 /Users/evills/developer/AudazPOS/vendor/laravel/framework/src/Illuminate/Filesystem/Filesystem.php(110): Illuminate\\Filesystem\\Filesystem::Illuminate\\Filesystem\\{closure}()
#28 /Users/evills/developer/AudazPOS/vendor/laravel/framework/src/Illuminate/View/Engines/PhpEngine.php(58): Illuminate\\Filesystem\\Filesystem->getRequire('/Users/evills/d...', Array)
#29 /Users/evills/developer/AudazPOS/vendor/laravel/framework/src/Illuminate/View/Engines/CompilerEngine.php(70): Illuminate\\View\\Engines\\PhpEngine->evaluatePath('/Users/evills/d...', Array)
#30 /Users/evills/developer/AudazPOS/vendor/laravel/framework/src/Illuminate/View/View.php(195): Illuminate\\View\\Engines\\CompilerEngine->get('/Users/evills/d...', Array)
#31 /Users/evills/developer/AudazPOS/vendor/laravel/framework/src/Illuminate/View/View.php(178): Illuminate\\View\\View->getContents()
#32 /Users/evills/developer/AudazPOS/vendor/laravel/framework/src/Illuminate/View/View.php(147): Illuminate\\View\\View->renderContents()
#33 /Users/evills/developer/AudazPOS/vendor/laravel/framework/src/Illuminate/Http/Response.php(69): Illuminate\\View\\View->render()
#34 /Users/evills/developer/AudazPOS/vendor/laravel/framework/src/Illuminate/Http/Response.php(35): Illuminate\\Http\\Response->setContent(Object(Illuminate\\View\\View))
#35 /Users/evills/developer/AudazPOS/vendor/laravel/framework/src/Illuminate/Routing/Router.php(906): Illuminate\\Http\\Response->__construct(Object(Illuminate\\View\\View), 200, Array)
#36 /Users/evills/developer/AudazPOS/vendor/laravel/framework/src/Illuminate/Routing/Router.php(875): Illuminate\\Routing\\Router::toResponse(Object(Illuminate\\Http\\Request), Object(Illuminate\\View\\View))
#37 /Users/evills/developer/AudazPOS/vendor/laravel/framework/src/Illuminate/Routing/Router.php(797): Illuminate\\Routing\\Router->prepareResponse(Object(Illuminate\\Http\\Request), Object(Illuminate\\View\\View))
#38 /Users/evills/developer/AudazPOS/vendor/laravel/framework/src/Illuminate/Pipeline/Pipeline.php(141): Illuminate\\Routing\\Router->Illuminate\\Routing\\{closure}(Object(Illuminate\\Http\\Request))
#39 /Users/evills/developer/AudazPOS/app/Http/Middleware/IsInstalled.php(50): Illuminate\\Pipeline\\Pipeline->Illuminate\\Pipeline\\{closure}(Object(Illuminate\\Http\\Request))
#40 /Users/evills/developer/AudazPOS/vendor/laravel/framework/src/Illuminate/Pipeline/Pipeline.php(180): App\\Http\\Middleware\\IsInstalled->handle(Object(Illuminate\\Http\\Request), Object(Closure))
#41 /Users/evills/developer/AudazPOS/vendor/barryvdh/laravel-debugbar/src/Middleware/InjectDebugbar.php(59): Illuminate\\Pipeline\\Pipeline->Illuminate\\Pipeline\\{closure}(Object(Illuminate\\Http\\Request))
#42 /Users/evills/developer/AudazPOS/vendor/laravel/framework/src/Illuminate/Pipeline/Pipeline.php(180): Barryvdh\\Debugbar\\Middleware\\InjectDebugbar->handle(Object(Illuminate\\Http\\Request), Object(Closure))
#43 /Users/evills/developer/AudazPOS/vendor/laravel/framework/src/Illuminate/Routing/Middleware/SubstituteBindings.php(50): Illuminate\\Pipeline\\Pipeline->Illuminate\\Pipeline\\{closure}(Object(Illuminate\\Http\\Request))
#44 /Users/evills/developer/AudazPOS/vendor/laravel/framework/src/Illuminate/Pipeline/Pipeline.php(180): Illuminate\\Routing\\Middleware\\SubstituteBindings->handle(Object(Illuminate\\Http\\Request), Object(Closure))
#45 /Users/evills/developer/AudazPOS/vendor/laravel/framework/src/Illuminate/Foundation/Http/Middleware/VerifyCsrfToken.php(78): Illuminate\\Pipeline\\Pipeline->Illuminate\\Pipeline\\{closure}(Object(Illuminate\\Http\\Request))
#46 /Users/evills/developer/AudazPOS/vendor/laravel/framework/src/Illuminate/Pipeline/Pipeline.php(180): Illuminate\\Foundation\\Http\\Middleware\\VerifyCsrfToken->handle(Object(Illuminate\\Http\\Request), Object(Closure))
#47 /Users/evills/developer/AudazPOS/vendor/laravel/framework/src/Illuminate/View/Middleware/ShareErrorsFromSession.php(49): Illuminate\\Pipeline\\Pipeline->Illuminate\\Pipeline\\{closure}(Object(Illuminate\\Http\\Request))
#48 /Users/evills/developer/AudazPOS/vendor/laravel/framework/src/Illuminate/Pipeline/Pipeline.php(180): Illuminate\\View\\Middleware\\ShareErrorsFromSession->handle(Object(Illuminate\\Http\\Request), Object(Closure))
#49 /Users/evills/developer/AudazPOS/vendor/laravel/framework/src/Illuminate/Session/Middleware/StartSession.php(121): Illuminate\\Pipeline\\Pipeline->Illuminate\\Pipeline\\{closure}(Object(Illuminate\\Http\\Request))
#50 /Users/evills/developer/AudazPOS/vendor/laravel/framework/src/Illuminate/Session/Middleware/StartSession.php(64): Illuminate\\Session\\Middleware\\StartSession->handleStatefulRequest(Object(Illuminate\\Http\\Request), Object(Illuminate\\Session\\Store), Object(Closure))
#51 /Users/evills/developer/AudazPOS/vendor/laravel/framework/src/Illuminate/Pipeline/Pipeline.php(180): Illuminate\\Session\\Middleware\\StartSession->handle(Object(Illuminate\\Http\\Request), Object(Closure))
#52 /Users/evills/developer/AudazPOS/vendor/laravel/framework/src/Illuminate/Cookie/Middleware/AddQueuedCookiesToResponse.php(37): Illuminate\\Pipeline\\Pipeline->Illuminate\\Pipeline\\{closure}(Object(Illuminate\\Http\\Request))
#53 /Users/evills/developer/AudazPOS/vendor/laravel/framework/src/Illuminate/Pipeline/Pipeline.php(180): Illuminate\\Cookie\\Middleware\\AddQueuedCookiesToResponse->handle(Object(Illuminate\\Http\\Request), Object(Closure))
#54 /Users/evills/developer/AudazPOS/vendor/laravel/framework/src/Illuminate/Cookie/Middleware/EncryptCookies.php(67): Illuminate\\Pipeline\\Pipeline->Illuminate\\Pipeline\\{closure}(Object(Illuminate\\Http\\Request))
#55 /Users/evills/developer/AudazPOS/vendor/laravel/framework/src/Illuminate/Pipeline/Pipeline.php(180): Illuminate\\Cookie\\Middleware\\EncryptCookies->handle(Object(Illuminate\\Http\\Request), Object(Closure))
#56 /Users/evills/developer/AudazPOS/vendor/laravel/framework/src/Illuminate/Pipeline/Pipeline.php(116): Illuminate\\Pipeline\\Pipeline->Illuminate\\Pipeline\\{closure}(Object(Illuminate\\Http\\Request))
#57 /Users/evills/developer/AudazPOS/vendor/laravel/framework/src/Illuminate/Routing/Router.php(797): Illuminate\\Pipeline\\Pipeline->then(Object(Closure))
#58 /Users/evills/developer/AudazPOS/vendor/laravel/framework/src/Illuminate/Routing/Router.php(776): Illuminate\\Routing\\Router->runRouteWithinStack(Object(Illuminate\\Routing\\Route), Object(Illuminate\\Http\\Request))
#59 /Users/evills/developer/AudazPOS/vendor/laravel/framework/src/Illuminate/Routing/Router.php(740): Illuminate\\Routing\\Router->runRoute(Object(Illuminate\\Http\\Request), Object(Illuminate\\Routing\\Route))
#60 /Users/evills/developer/AudazPOS/vendor/laravel/framework/src/Illuminate/Routing/Router.php(729): Illuminate\\Routing\\Router->dispatchToRoute(Object(Illuminate\\Http\\Request))
#61 /Users/evills/developer/AudazPOS/vendor/laravel/framework/src/Illuminate/Foundation/Http/Kernel.php(190): Illuminate\\Routing\\Router->dispatch(Object(Illuminate\\Http\\Request))
#62 /Users/evills/developer/AudazPOS/vendor/laravel/framework/src/Illuminate/Pipeline/Pipeline.php(141): Illuminate\\Foundation\\Http\\Kernel->Illuminate\\Foundation\\Http\\{closure}(Object(Illuminate\\Http\\Request))
#63 /Users/evills/developer/AudazPOS/vendor/barryvdh/laravel-debugbar/src/Middleware/InjectDebugbar.php(59): Illuminate\\Pipeline\\Pipeline->Illuminate\\Pipeline\\{closure}(Object(Illuminate\\Http\\Request))
#64 /Users/evills/developer/AudazPOS/vendor/laravel/framework/src/Illuminate/Pipeline/Pipeline.php(180): Barryvdh\\Debugbar\\Middleware\\InjectDebugbar->handle(Object(Illuminate\\Http\\Request), Object(Closure))
#65 /Users/evills/developer/AudazPOS/vendor/laravel/framework/src/Illuminate/Foundation/Http/Middleware/TransformsRequest.php(21): Illuminate\\Pipeline\\Pipeline->Illuminate\\Pipeline\\{closure}(Object(Illuminate\\Http\\Request))
#66 /Users/evills/developer/AudazPOS/vendor/laravel/framework/src/Illuminate/Foundation/Http/Middleware/ConvertEmptyStringsToNull.php(31): Illuminate\\Foundation\\Http\\Middleware\\TransformsRequest->handle(Object(Illuminate\\Http\\Request), Object(Closure))
#67 /Users/evills/developer/AudazPOS/vendor/laravel/framework/src/Illuminate/Pipeline/Pipeline.php(180): Illuminate\\Foundation\\Http\\Middleware\\ConvertEmptyStringsToNull->handle(Object(Illuminate\\Http\\Request), Object(Closure))
#68 /Users/evills/developer/AudazPOS/vendor/laravel/framework/src/Illuminate/Foundation/Http/Middleware/TransformsRequest.php(21): Illuminate\\Pipeline\\Pipeline->Illuminate\\Pipeline\\{closure}(Object(Illuminate\\Http\\Request))
#69 /Users/evills/developer/AudazPOS/vendor/laravel/framework/src/Illuminate/Foundation/Http/Middleware/TrimStrings.php(40): Illuminate\\Foundation\\Http\\Middleware\\TransformsRequest->handle(Object(Illuminate\\Http\\Request), Object(Closure))
#70 /Users/evills/developer/AudazPOS/vendor/laravel/framework/src/Illuminate/Pipeline/Pipeline.php(180): Illuminate\\Foundation\\Http\\Middleware\\TrimStrings->handle(Object(Illuminate\\Http\\Request), Object(Closure))
#71 /Users/evills/developer/AudazPOS/vendor/laravel/framework/src/Illuminate/Foundation/Http/Middleware/ValidatePostSize.php(27): Illuminate\\Pipeline\\Pipeline->Illuminate\\Pipeline\\{closure}(Object(Illuminate\\Http\\Request))
#72 /Users/evills/developer/AudazPOS/vendor/laravel/framework/src/Illuminate/Pipeline/Pipeline.php(180): Illuminate\\Foundation\\Http\\Middleware\\ValidatePostSize->handle(Object(Illuminate\\Http\\Request), Object(Closure))
#73 /Users/evills/developer/AudazPOS/vendor/laravel/framework/src/Illuminate/Foundation/Http/Middleware/PreventRequestsDuringMaintenance.php(86): Illuminate\\Pipeline\\Pipeline->Illuminate\\Pipeline\\{closure}(Object(Illuminate\\Http\\Request))
#74 /Users/evills/developer/AudazPOS/vendor/laravel/framework/src/Illuminate/Pipeline/Pipeline.php(180): Illuminate\\Foundation\\Http\\Middleware\\PreventRequestsDuringMaintenance->handle(Object(Illuminate\\Http\\Request), Object(Closure))
#75 /Users/evills/developer/AudazPOS/vendor/laravel/framework/src/Illuminate/Http/Middleware/HandleCors.php(49): Illuminate\\Pipeline\\Pipeline->Illuminate\\Pipeline\\{closure}(Object(Illuminate\\Http\\Request))
#76 /Users/evills/developer/AudazPOS/vendor/laravel/framework/src/Illuminate/Pipeline/Pipeline.php(180): Illuminate\\Http\\Middleware\\HandleCors->handle(Object(Illuminate\\Http\\Request), Object(Closure))
#77 /Users/evills/developer/AudazPOS/vendor/laravel/framework/src/Illuminate/Http/Middleware/TrustProxies.php(39): Illuminate\\Pipeline\\Pipeline->Illuminate\\Pipeline\\{closure}(Object(Illuminate\\Http\\Request))
#78 /Users/evills/developer/AudazPOS/vendor/laravel/framework/src/Illuminate/Pipeline/Pipeline.php(180): Illuminate\\Http\\Middleware\\TrustProxies->handle(Object(Illuminate\\Http\\Request), Object(Closure))
#79 /Users/evills/developer/AudazPOS/vendor/laravel/framework/src/Illuminate/Pipeline/Pipeline.php(116): Illuminate\\Pipeline\\Pipeline->Illuminate\\Pipeline\\{closure}(Object(Illuminate\\Http\\Request))
#80 /Users/evills/developer/AudazPOS/vendor/laravel/framework/src/Illuminate/Foundation/Http/Kernel.php(165): Illuminate\\Pipeline\\Pipeline->then(Object(Closure))
#81 /Users/evills/developer/AudazPOS/vendor/laravel/framework/src/Illuminate/Foundation/Http/Kernel.php(134): Illuminate\\Foundation\\Http\\Kernel->sendRequestThroughRouter(Object(Illuminate\\Http\\Request))
#82 /Users/evills/developer/AudazPOS/public/index.php(51): Illuminate\\Foundation\\Http\\Kernel->handle(Object(Illuminate\\Http\\Request))
#83 /Applications/Herd.app/Contents/Resources/valet/server.php(167): require('/Users/evills/d...')
#84 {main}
"} 
[2025-07-01 18:17:11] local.ERROR: SQLSTATE[HY000] [1049] Unknown database 'myposdb' (SQL: select `value`, `key` from `system` where `key` in (additional_js, additional_css)) {"view":{"view":"/Users/evills/developer/AudazPOS/resources/views/welcome.blade.php","data":{"asset_v":"<pre class=sf-dump id=sf-dump-2044361889 data-indent-pad=\"  \"><span class=sf-dump-num>670</span>
</pre><script>Sfdump(\"sf-dump-2044361889\", {\"maxDepth\":3,\"maxStringLength\":160})</script>
","errors":"<pre class=sf-dump id=sf-dump-948318945 data-indent-pad=\"  \"><span class=sf-dump-note>Illuminate\\Support\\ViewErrorBag</span> {<a class=sf-dump-ref>#2261</a><samp data-depth=1 class=sf-dump-expanded>
  #<span class=sf-dump-protected title=\"Protected property\">bags</span>: []
</samp>}
</pre><script>Sfdump(\"sf-dump-948318945\", {\"maxDepth\":3,\"maxStringLength\":160})</script>
","enabled_modules":"<pre class=sf-dump id=sf-dump-2047422120 data-indent-pad=\"  \">[]
</pre><script>Sfdump(\"sf-dump-2047422120\", {\"maxDepth\":3,\"maxStringLength\":160})</script>
","__is_pusher_enabled":"<pre class=sf-dump id=sf-dump-906388898 data-indent-pad=\"  \"><span class=sf-dump-const>false</span>
</pre><script>Sfdump(\"sf-dump-906388898\", {\"maxDepth\":3,\"maxStringLength\":160})</script>
"}},"exception":"[object] (Spatie\\LaravelIgnition\\Exceptions\\ViewException(code: 0): SQLSTATE[HY000] [1049] Unknown database 'myposdb' (SQL: select `value`, `key` from `system` where `key` in (additional_js, additional_css)) at /Users/evills/developer/AudazPOS/vendor/laravel/framework/src/Illuminate/Database/Connection.php:760)
[stacktrace]
#0 /Users/evills/developer/AudazPOS/vendor/laravel/framework/src/Illuminate/Database/Connection.php(720): Illuminate\\Database\\Connection->runQueryCallback('select `value`,...', Array, Object(Closure))
#1 /Users/evills/developer/AudazPOS/vendor/laravel/framework/src/Illuminate/Database/Connection.php(405): Illuminate\\Database\\Connection->run('select `value`,...', Array, Object(Closure))
#2 /Users/evills/developer/AudazPOS/vendor/laravel/framework/src/Illuminate/Database/Query/Builder.php(2705): Illuminate\\Database\\Connection->select('select `value`,...', Array, true)
#3 /Users/evills/developer/AudazPOS/vendor/laravel/framework/src/Illuminate/Database/Query/Builder.php(2920): Illuminate\\Database\\Query\\Builder->runSelect()
#4 /Users/evills/developer/AudazPOS/vendor/laravel/framework/src/Illuminate/Database/Query/Builder.php(3230): Illuminate\\Database\\Query\\Builder->Illuminate\\Database\\Query\\{closure}()
#5 /Users/evills/developer/AudazPOS/vendor/laravel/framework/src/Illuminate/Database/Query/Builder.php(2916): Illuminate\\Database\\Query\\Builder->onceWithColumns(Array, Object(Closure))
#6 /Users/evills/developer/AudazPOS/vendor/laravel/framework/src/Illuminate/Database/Eloquent/Builder.php(860): Illuminate\\Database\\Query\\Builder->pluck('value', 'key')
#7 /Users/evills/developer/AudazPOS/app/System.php(58): Illuminate\\Database\\Eloquent\\Builder->pluck('value', 'key')
#8 /Users/evills/developer/AudazPOS/app/Providers/AppServiceProvider.php(99): App\\System::getProperties(Array, true)
#9 /Users/evills/developer/AudazPOS/vendor/laravel/framework/src/Illuminate/View/Concerns/ManagesEvents.php(162): App\\Providers\\AppServiceProvider->App\\Providers\\{closure}(Object(Illuminate\\View\\View))
#10 /Users/evills/developer/AudazPOS/vendor/laravel/framework/src/Illuminate/Events/Dispatcher.php(418): Illuminate\\View\\Factory->Illuminate\\View\\Concerns\\{closure}('composing: layo...', Array)
#11 /Users/evills/developer/AudazPOS/vendor/laravel/framework/src/Illuminate/Events/Dispatcher.php(249): Illuminate\\Events\\Dispatcher->Illuminate\\Events\\{closure}('composing: layo...', Array)
#12 /Users/evills/developer/AudazPOS/vendor/laravel/framework/src/Illuminate/View/Concerns/ManagesEvents.php(177): Illuminate\\Events\\Dispatcher->dispatch('composing: layo...', Array)
#13 /Users/evills/developer/AudazPOS/vendor/laravel/framework/src/Illuminate/View/View.php(176): Illuminate\\View\\Factory->callComposer(Object(Illuminate\\View\\View))
#14 /Users/evills/developer/AudazPOS/vendor/laravel/framework/src/Illuminate/View/View.php(147): Illuminate\\View\\View->renderContents()
#15 /Users/evills/developer/AudazPOS/resources/views/welcome.blade.php(15): Illuminate\\View\\View->render()
#16 /Users/evills/developer/AudazPOS/vendor/laravel/framework/src/Illuminate/Filesystem/Filesystem.php(109): require('/Users/evills/d...')
#17 /Users/evills/developer/AudazPOS/vendor/laravel/framework/src/Illuminate/Filesystem/Filesystem.php(110): Illuminate\\Filesystem\\Filesystem::Illuminate\\Filesystem\\{closure}()
#18 /Users/evills/developer/AudazPOS/vendor/laravel/framework/src/Illuminate/View/Engines/PhpEngine.php(58): Illuminate\\Filesystem\\Filesystem->getRequire('/Users/evills/d...', Array)
#19 /Users/evills/developer/AudazPOS/vendor/laravel/framework/src/Illuminate/View/Engines/CompilerEngine.php(70): Illuminate\\View\\Engines\\PhpEngine->evaluatePath('/Users/evills/d...', Array)
#20 /Users/evills/developer/AudazPOS/vendor/laravel/framework/src/Illuminate/View/View.php(195): Illuminate\\View\\Engines\\CompilerEngine->get('/Users/evills/d...', Array)
#21 /Users/evills/developer/AudazPOS/vendor/laravel/framework/src/Illuminate/View/View.php(178): Illuminate\\View\\View->getContents()
#22 /Users/evills/developer/AudazPOS/vendor/laravel/framework/src/Illuminate/View/View.php(147): Illuminate\\View\\View->renderContents()
#23 /Users/evills/developer/AudazPOS/vendor/laravel/framework/src/Illuminate/Http/Response.php(69): Illuminate\\View\\View->render()
#24 /Users/evills/developer/AudazPOS/vendor/laravel/framework/src/Illuminate/Http/Response.php(35): Illuminate\\Http\\Response->setContent(Object(Illuminate\\View\\View))
#25 /Users/evills/developer/AudazPOS/vendor/laravel/framework/src/Illuminate/Routing/Router.php(906): Illuminate\\Http\\Response->__construct(Object(Illuminate\\View\\View), 200, Array)
#26 /Users/evills/developer/AudazPOS/vendor/laravel/framework/src/Illuminate/Routing/Router.php(875): Illuminate\\Routing\\Router::toResponse(Object(Illuminate\\Http\\Request), Object(Illuminate\\View\\View))
#27 /Users/evills/developer/AudazPOS/vendor/laravel/framework/src/Illuminate/Routing/Router.php(797): Illuminate\\Routing\\Router->prepareResponse(Object(Illuminate\\Http\\Request), Object(Illuminate\\View\\View))
#28 /Users/evills/developer/AudazPOS/vendor/laravel/framework/src/Illuminate/Pipeline/Pipeline.php(141): Illuminate\\Routing\\Router->Illuminate\\Routing\\{closure}(Object(Illuminate\\Http\\Request))
#29 /Users/evills/developer/AudazPOS/app/Http/Middleware/IsInstalled.php(50): Illuminate\\Pipeline\\Pipeline->Illuminate\\Pipeline\\{closure}(Object(Illuminate\\Http\\Request))
#30 /Users/evills/developer/AudazPOS/vendor/laravel/framework/src/Illuminate/Pipeline/Pipeline.php(180): App\\Http\\Middleware\\IsInstalled->handle(Object(Illuminate\\Http\\Request), Object(Closure))
#31 /Users/evills/developer/AudazPOS/vendor/barryvdh/laravel-debugbar/src/Middleware/InjectDebugbar.php(59): Illuminate\\Pipeline\\Pipeline->Illuminate\\Pipeline\\{closure}(Object(Illuminate\\Http\\Request))
#32 /Users/evills/developer/AudazPOS/vendor/laravel/framework/src/Illuminate/Pipeline/Pipeline.php(180): Barryvdh\\Debugbar\\Middleware\\InjectDebugbar->handle(Object(Illuminate\\Http\\Request), Object(Closure))
#33 /Users/evills/developer/AudazPOS/vendor/laravel/framework/src/Illuminate/Routing/Middleware/SubstituteBindings.php(50): Illuminate\\Pipeline\\Pipeline->Illuminate\\Pipeline\\{closure}(Object(Illuminate\\Http\\Request))
#34 /Users/evills/developer/AudazPOS/vendor/laravel/framework/src/Illuminate/Pipeline/Pipeline.php(180): Illuminate\\Routing\\Middleware\\SubstituteBindings->handle(Object(Illuminate\\Http\\Request), Object(Closure))
#35 /Users/evills/developer/AudazPOS/vendor/laravel/framework/src/Illuminate/Foundation/Http/Middleware/VerifyCsrfToken.php(78): Illuminate\\Pipeline\\Pipeline->Illuminate\\Pipeline\\{closure}(Object(Illuminate\\Http\\Request))
#36 /Users/evills/developer/AudazPOS/vendor/laravel/framework/src/Illuminate/Pipeline/Pipeline.php(180): Illuminate\\Foundation\\Http\\Middleware\\VerifyCsrfToken->handle(Object(Illuminate\\Http\\Request), Object(Closure))
#37 /Users/evills/developer/AudazPOS/vendor/laravel/framework/src/Illuminate/View/Middleware/ShareErrorsFromSession.php(49): Illuminate\\Pipeline\\Pipeline->Illuminate\\Pipeline\\{closure}(Object(Illuminate\\Http\\Request))
#38 /Users/evills/developer/AudazPOS/vendor/laravel/framework/src/Illuminate/Pipeline/Pipeline.php(180): Illuminate\\View\\Middleware\\ShareErrorsFromSession->handle(Object(Illuminate\\Http\\Request), Object(Closure))
#39 /Users/evills/developer/AudazPOS/vendor/laravel/framework/src/Illuminate/Session/Middleware/StartSession.php(121): Illuminate\\Pipeline\\Pipeline->Illuminate\\Pipeline\\{closure}(Object(Illuminate\\Http\\Request))
#40 /Users/evills/developer/AudazPOS/vendor/laravel/framework/src/Illuminate/Session/Middleware/StartSession.php(64): Illuminate\\Session\\Middleware\\StartSession->handleStatefulRequest(Object(Illuminate\\Http\\Request), Object(Illuminate\\Session\\Store), Object(Closure))
#41 /Users/evills/developer/AudazPOS/vendor/laravel/framework/src/Illuminate/Pipeline/Pipeline.php(180): Illuminate\\Session\\Middleware\\StartSession->handle(Object(Illuminate\\Http\\Request), Object(Closure))
#42 /Users/evills/developer/AudazPOS/vendor/laravel/framework/src/Illuminate/Cookie/Middleware/AddQueuedCookiesToResponse.php(37): Illuminate\\Pipeline\\Pipeline->Illuminate\\Pipeline\\{closure}(Object(Illuminate\\Http\\Request))
#43 /Users/evills/developer/AudazPOS/vendor/laravel/framework/src/Illuminate/Pipeline/Pipeline.php(180): Illuminate\\Cookie\\Middleware\\AddQueuedCookiesToResponse->handle(Object(Illuminate\\Http\\Request), Object(Closure))
#44 /Users/evills/developer/AudazPOS/vendor/laravel/framework/src/Illuminate/Cookie/Middleware/EncryptCookies.php(67): Illuminate\\Pipeline\\Pipeline->Illuminate\\Pipeline\\{closure}(Object(Illuminate\\Http\\Request))
#45 /Users/evills/developer/AudazPOS/vendor/laravel/framework/src/Illuminate/Pipeline/Pipeline.php(180): Illuminate\\Cookie\\Middleware\\EncryptCookies->handle(Object(Illuminate\\Http\\Request), Object(Closure))
#46 /Users/evills/developer/AudazPOS/vendor/laravel/framework/src/Illuminate/Pipeline/Pipeline.php(116): Illuminate\\Pipeline\\Pipeline->Illuminate\\Pipeline\\{closure}(Object(Illuminate\\Http\\Request))
#47 /Users/evills/developer/AudazPOS/vendor/laravel/framework/src/Illuminate/Routing/Router.php(797): Illuminate\\Pipeline\\Pipeline->then(Object(Closure))
#48 /Users/evills/developer/AudazPOS/vendor/laravel/framework/src/Illuminate/Routing/Router.php(776): Illuminate\\Routing\\Router->runRouteWithinStack(Object(Illuminate\\Routing\\Route), Object(Illuminate\\Http\\Request))
#49 /Users/evills/developer/AudazPOS/vendor/laravel/framework/src/Illuminate/Routing/Router.php(740): Illuminate\\Routing\\Router->runRoute(Object(Illuminate\\Http\\Request), Object(Illuminate\\Routing\\Route))
#50 /Users/evills/developer/AudazPOS/vendor/laravel/framework/src/Illuminate/Routing/Router.php(729): Illuminate\\Routing\\Router->dispatchToRoute(Object(Illuminate\\Http\\Request))
#51 /Users/evills/developer/AudazPOS/vendor/laravel/framework/src/Illuminate/Foundation/Http/Kernel.php(190): Illuminate\\Routing\\Router->dispatch(Object(Illuminate\\Http\\Request))
#52 /Users/evills/developer/AudazPOS/vendor/laravel/framework/src/Illuminate/Pipeline/Pipeline.php(141): Illuminate\\Foundation\\Http\\Kernel->Illuminate\\Foundation\\Http\\{closure}(Object(Illuminate\\Http\\Request))
#53 /Users/evills/developer/AudazPOS/vendor/barryvdh/laravel-debugbar/src/Middleware/InjectDebugbar.php(59): Illuminate\\Pipeline\\Pipeline->Illuminate\\Pipeline\\{closure}(Object(Illuminate\\Http\\Request))
#54 /Users/evills/developer/AudazPOS/vendor/laravel/framework/src/Illuminate/Pipeline/Pipeline.php(180): Barryvdh\\Debugbar\\Middleware\\InjectDebugbar->handle(Object(Illuminate\\Http\\Request), Object(Closure))
#55 /Users/evills/developer/AudazPOS/vendor/laravel/framework/src/Illuminate/Foundation/Http/Middleware/TransformsRequest.php(21): Illuminate\\Pipeline\\Pipeline->Illuminate\\Pipeline\\{closure}(Object(Illuminate\\Http\\Request))
#56 /Users/evills/developer/AudazPOS/vendor/laravel/framework/src/Illuminate/Foundation/Http/Middleware/ConvertEmptyStringsToNull.php(31): Illuminate\\Foundation\\Http\\Middleware\\TransformsRequest->handle(Object(Illuminate\\Http\\Request), Object(Closure))
#57 /Users/evills/developer/AudazPOS/vendor/laravel/framework/src/Illuminate/Pipeline/Pipeline.php(180): Illuminate\\Foundation\\Http\\Middleware\\ConvertEmptyStringsToNull->handle(Object(Illuminate\\Http\\Request), Object(Closure))
#58 /Users/evills/developer/AudazPOS/vendor/laravel/framework/src/Illuminate/Foundation/Http/Middleware/TransformsRequest.php(21): Illuminate\\Pipeline\\Pipeline->Illuminate\\Pipeline\\{closure}(Object(Illuminate\\Http\\Request))
#59 /Users/evills/developer/AudazPOS/vendor/laravel/framework/src/Illuminate/Foundation/Http/Middleware/TrimStrings.php(40): Illuminate\\Foundation\\Http\\Middleware\\TransformsRequest->handle(Object(Illuminate\\Http\\Request), Object(Closure))
#60 /Users/evills/developer/AudazPOS/vendor/laravel/framework/src/Illuminate/Pipeline/Pipeline.php(180): Illuminate\\Foundation\\Http\\Middleware\\TrimStrings->handle(Object(Illuminate\\Http\\Request), Object(Closure))
#61 /Users/evills/developer/AudazPOS/vendor/laravel/framework/src/Illuminate/Foundation/Http/Middleware/ValidatePostSize.php(27): Illuminate\\Pipeline\\Pipeline->Illuminate\\Pipeline\\{closure}(Object(Illuminate\\Http\\Request))
#62 /Users/evills/developer/AudazPOS/vendor/laravel/framework/src/Illuminate/Pipeline/Pipeline.php(180): Illuminate\\Foundation\\Http\\Middleware\\ValidatePostSize->handle(Object(Illuminate\\Http\\Request), Object(Closure))
#63 /Users/evills/developer/AudazPOS/vendor/laravel/framework/src/Illuminate/Foundation/Http/Middleware/PreventRequestsDuringMaintenance.php(86): Illuminate\\Pipeline\\Pipeline->Illuminate\\Pipeline\\{closure}(Object(Illuminate\\Http\\Request))
#64 /Users/evills/developer/AudazPOS/vendor/laravel/framework/src/Illuminate/Pipeline/Pipeline.php(180): Illuminate\\Foundation\\Http\\Middleware\\PreventRequestsDuringMaintenance->handle(Object(Illuminate\\Http\\Request), Object(Closure))
#65 /Users/evills/developer/AudazPOS/vendor/laravel/framework/src/Illuminate/Http/Middleware/HandleCors.php(49): Illuminate\\Pipeline\\Pipeline->Illuminate\\Pipeline\\{closure}(Object(Illuminate\\Http\\Request))
#66 /Users/evills/developer/AudazPOS/vendor/laravel/framework/src/Illuminate/Pipeline/Pipeline.php(180): Illuminate\\Http\\Middleware\\HandleCors->handle(Object(Illuminate\\Http\\Request), Object(Closure))
#67 /Users/evills/developer/AudazPOS/vendor/laravel/framework/src/Illuminate/Http/Middleware/TrustProxies.php(39): Illuminate\\Pipeline\\Pipeline->Illuminate\\Pipeline\\{closure}(Object(Illuminate\\Http\\Request))
#68 /Users/evills/developer/AudazPOS/vendor/laravel/framework/src/Illuminate/Pipeline/Pipeline.php(180): Illuminate\\Http\\Middleware\\TrustProxies->handle(Object(Illuminate\\Http\\Request), Object(Closure))
#69 /Users/evills/developer/AudazPOS/vendor/laravel/framework/src/Illuminate/Pipeline/Pipeline.php(116): Illuminate\\Pipeline\\Pipeline->Illuminate\\Pipeline\\{closure}(Object(Illuminate\\Http\\Request))
#70 /Users/evills/developer/AudazPOS/vendor/laravel/framework/src/Illuminate/Foundation/Http/Kernel.php(165): Illuminate\\Pipeline\\Pipeline->then(Object(Closure))
#71 /Users/evills/developer/AudazPOS/vendor/laravel/framework/src/Illuminate/Foundation/Http/Kernel.php(134): Illuminate\\Foundation\\Http\\Kernel->sendRequestThroughRouter(Object(Illuminate\\Http\\Request))
#72 /Users/evills/developer/AudazPOS/public/index.php(51): Illuminate\\Foundation\\Http\\Kernel->handle(Object(Illuminate\\Http\\Request))
#73 /Applications/Herd.app/Contents/Resources/valet/server.php(167): require('/Users/evills/d...')
#74 {main}

[previous exception] [object] (Illuminate\\Database\\QueryException(code: 1049): SQLSTATE[HY000] [1049] Unknown database 'myposdb' (SQL: select `value`, `key` from `system` where `key` in (additional_js, additional_css)) at /Users/evills/developer/AudazPOS/vendor/laravel/framework/src/Illuminate/Database/Connection.php:760)
[stacktrace]
#0 /Users/evills/developer/AudazPOS/vendor/laravel/framework/src/Illuminate/Database/Connection.php(720): Illuminate\\Database\\Connection->runQueryCallback('select `value`,...', Array, Object(Closure))
#1 /Users/evills/developer/AudazPOS/vendor/laravel/framework/src/Illuminate/Database/Connection.php(405): Illuminate\\Database\\Connection->run('select `value`,...', Array, Object(Closure))
#2 /Users/evills/developer/AudazPOS/vendor/laravel/framework/src/Illuminate/Database/Query/Builder.php(2705): Illuminate\\Database\\Connection->select('select `value`,...', Array, true)
#3 /Users/evills/developer/AudazPOS/vendor/laravel/framework/src/Illuminate/Database/Query/Builder.php(2920): Illuminate\\Database\\Query\\Builder->runSelect()
#4 /Users/evills/developer/AudazPOS/vendor/laravel/framework/src/Illuminate/Database/Query/Builder.php(3230): Illuminate\\Database\\Query\\Builder->Illuminate\\Database\\Query\\{closure}()
#5 /Users/evills/developer/AudazPOS/vendor/laravel/framework/src/Illuminate/Database/Query/Builder.php(2916): Illuminate\\Database\\Query\\Builder->onceWithColumns(Array, Object(Closure))
#6 /Users/evills/developer/AudazPOS/vendor/laravel/framework/src/Illuminate/Database/Eloquent/Builder.php(860): Illuminate\\Database\\Query\\Builder->pluck('value', 'key')
#7 /Users/evills/developer/AudazPOS/app/System.php(58): Illuminate\\Database\\Eloquent\\Builder->pluck('value', 'key')
#8 /Users/evills/developer/AudazPOS/app/Providers/AppServiceProvider.php(99): App\\System::getProperties(Array, true)
#9 /Users/evills/developer/AudazPOS/vendor/laravel/framework/src/Illuminate/View/Concerns/ManagesEvents.php(162): App\\Providers\\AppServiceProvider->App\\Providers\\{closure}(Object(Illuminate\\View\\View))
#10 /Users/evills/developer/AudazPOS/vendor/laravel/framework/src/Illuminate/Events/Dispatcher.php(418): Illuminate\\View\\Factory->Illuminate\\View\\Concerns\\{closure}('composing: layo...', Array)
#11 /Users/evills/developer/AudazPOS/vendor/laravel/framework/src/Illuminate/Events/Dispatcher.php(249): Illuminate\\Events\\Dispatcher->Illuminate\\Events\\{closure}('composing: layo...', Array)
#12 /Users/evills/developer/AudazPOS/vendor/laravel/framework/src/Illuminate/View/Concerns/ManagesEvents.php(177): Illuminate\\Events\\Dispatcher->dispatch('composing: layo...', Array)
#13 /Users/evills/developer/AudazPOS/vendor/laravel/framework/src/Illuminate/View/View.php(176): Illuminate\\View\\Factory->callComposer(Object(Illuminate\\View\\View))
#14 /Users/evills/developer/AudazPOS/vendor/laravel/framework/src/Illuminate/View/View.php(147): Illuminate\\View\\View->renderContents()
#15 /Users/evills/developer/AudazPOS/storage/framework/views/1ccf6133b823725648c8fd2c3f82ead804f71f4a.php(18): Illuminate\\View\\View->render()
#16 /Users/evills/developer/AudazPOS/vendor/laravel/framework/src/Illuminate/Filesystem/Filesystem.php(109): require('/Users/evills/d...')
#17 /Users/evills/developer/AudazPOS/vendor/laravel/framework/src/Illuminate/Filesystem/Filesystem.php(110): Illuminate\\Filesystem\\Filesystem::Illuminate\\Filesystem\\{closure}()
#18 /Users/evills/developer/AudazPOS/vendor/laravel/framework/src/Illuminate/View/Engines/PhpEngine.php(58): Illuminate\\Filesystem\\Filesystem->getRequire('/Users/evills/d...', Array)
#19 /Users/evills/developer/AudazPOS/vendor/laravel/framework/src/Illuminate/View/Engines/CompilerEngine.php(70): Illuminate\\View\\Engines\\PhpEngine->evaluatePath('/Users/evills/d...', Array)
#20 /Users/evills/developer/AudazPOS/vendor/laravel/framework/src/Illuminate/View/View.php(195): Illuminate\\View\\Engines\\CompilerEngine->get('/Users/evills/d...', Array)
#21 /Users/evills/developer/AudazPOS/vendor/laravel/framework/src/Illuminate/View/View.php(178): Illuminate\\View\\View->getContents()
#22 /Users/evills/developer/AudazPOS/vendor/laravel/framework/src/Illuminate/View/View.php(147): Illuminate\\View\\View->renderContents()
#23 /Users/evills/developer/AudazPOS/vendor/laravel/framework/src/Illuminate/Http/Response.php(69): Illuminate\\View\\View->render()
#24 /Users/evills/developer/AudazPOS/vendor/laravel/framework/src/Illuminate/Http/Response.php(35): Illuminate\\Http\\Response->setContent(Object(Illuminate\\View\\View))
#25 /Users/evills/developer/AudazPOS/vendor/laravel/framework/src/Illuminate/Routing/Router.php(906): Illuminate\\Http\\Response->__construct(Object(Illuminate\\View\\View), 200, Array)
#26 /Users/evills/developer/AudazPOS/vendor/laravel/framework/src/Illuminate/Routing/Router.php(875): Illuminate\\Routing\\Router::toResponse(Object(Illuminate\\Http\\Request), Object(Illuminate\\View\\View))
#27 /Users/evills/developer/AudazPOS/vendor/laravel/framework/src/Illuminate/Routing/Router.php(797): Illuminate\\Routing\\Router->prepareResponse(Object(Illuminate\\Http\\Request), Object(Illuminate\\View\\View))
#28 /Users/evills/developer/AudazPOS/vendor/laravel/framework/src/Illuminate/Pipeline/Pipeline.php(141): Illuminate\\Routing\\Router->Illuminate\\Routing\\{closure}(Object(Illuminate\\Http\\Request))
#29 /Users/evills/developer/AudazPOS/app/Http/Middleware/IsInstalled.php(50): Illuminate\\Pipeline\\Pipeline->Illuminate\\Pipeline\\{closure}(Object(Illuminate\\Http\\Request))
#30 /Users/evills/developer/AudazPOS/vendor/laravel/framework/src/Illuminate/Pipeline/Pipeline.php(180): App\\Http\\Middleware\\IsInstalled->handle(Object(Illuminate\\Http\\Request), Object(Closure))
#31 /Users/evills/developer/AudazPOS/vendor/barryvdh/laravel-debugbar/src/Middleware/InjectDebugbar.php(59): Illuminate\\Pipeline\\Pipeline->Illuminate\\Pipeline\\{closure}(Object(Illuminate\\Http\\Request))
#32 /Users/evills/developer/AudazPOS/vendor/laravel/framework/src/Illuminate/Pipeline/Pipeline.php(180): Barryvdh\\Debugbar\\Middleware\\InjectDebugbar->handle(Object(Illuminate\\Http\\Request), Object(Closure))
#33 /Users/evills/developer/AudazPOS/vendor/laravel/framework/src/Illuminate/Routing/Middleware/SubstituteBindings.php(50): Illuminate\\Pipeline\\Pipeline->Illuminate\\Pipeline\\{closure}(Object(Illuminate\\Http\\Request))
#34 /Users/evills/developer/AudazPOS/vendor/laravel/framework/src/Illuminate/Pipeline/Pipeline.php(180): Illuminate\\Routing\\Middleware\\SubstituteBindings->handle(Object(Illuminate\\Http\\Request), Object(Closure))
#35 /Users/evills/developer/AudazPOS/vendor/laravel/framework/src/Illuminate/Foundation/Http/Middleware/VerifyCsrfToken.php(78): Illuminate\\Pipeline\\Pipeline->Illuminate\\Pipeline\\{closure}(Object(Illuminate\\Http\\Request))
#36 /Users/evills/developer/AudazPOS/vendor/laravel/framework/src/Illuminate/Pipeline/Pipeline.php(180): Illuminate\\Foundation\\Http\\Middleware\\VerifyCsrfToken->handle(Object(Illuminate\\Http\\Request), Object(Closure))
#37 /Users/evills/developer/AudazPOS/vendor/laravel/framework/src/Illuminate/View/Middleware/ShareErrorsFromSession.php(49): Illuminate\\Pipeline\\Pipeline->Illuminate\\Pipeline\\{closure}(Object(Illuminate\\Http\\Request))
#38 /Users/evills/developer/AudazPOS/vendor/laravel/framework/src/Illuminate/Pipeline/Pipeline.php(180): Illuminate\\View\\Middleware\\ShareErrorsFromSession->handle(Object(Illuminate\\Http\\Request), Object(Closure))
#39 /Users/evills/developer/AudazPOS/vendor/laravel/framework/src/Illuminate/Session/Middleware/StartSession.php(121): Illuminate\\Pipeline\\Pipeline->Illuminate\\Pipeline\\{closure}(Object(Illuminate\\Http\\Request))
#40 /Users/evills/developer/AudazPOS/vendor/laravel/framework/src/Illuminate/Session/Middleware/StartSession.php(64): Illuminate\\Session\\Middleware\\StartSession->handleStatefulRequest(Object(Illuminate\\Http\\Request), Object(Illuminate\\Session\\Store), Object(Closure))
#41 /Users/evills/developer/AudazPOS/vendor/laravel/framework/src/Illuminate/Pipeline/Pipeline.php(180): Illuminate\\Session\\Middleware\\StartSession->handle(Object(Illuminate\\Http\\Request), Object(Closure))
#42 /Users/evills/developer/AudazPOS/vendor/laravel/framework/src/Illuminate/Cookie/Middleware/AddQueuedCookiesToResponse.php(37): Illuminate\\Pipeline\\Pipeline->Illuminate\\Pipeline\\{closure}(Object(Illuminate\\Http\\Request))
#43 /Users/evills/developer/AudazPOS/vendor/laravel/framework/src/Illuminate/Pipeline/Pipeline.php(180): Illuminate\\Cookie\\Middleware\\AddQueuedCookiesToResponse->handle(Object(Illuminate\\Http\\Request), Object(Closure))
#44 /Users/evills/developer/AudazPOS/vendor/laravel/framework/src/Illuminate/Cookie/Middleware/EncryptCookies.php(67): Illuminate\\Pipeline\\Pipeline->Illuminate\\Pipeline\\{closure}(Object(Illuminate\\Http\\Request))
#45 /Users/evills/developer/AudazPOS/vendor/laravel/framework/src/Illuminate/Pipeline/Pipeline.php(180): Illuminate\\Cookie\\Middleware\\EncryptCookies->handle(Object(Illuminate\\Http\\Request), Object(Closure))
#46 /Users/evills/developer/AudazPOS/vendor/laravel/framework/src/Illuminate/Pipeline/Pipeline.php(116): Illuminate\\Pipeline\\Pipeline->Illuminate\\Pipeline\\{closure}(Object(Illuminate\\Http\\Request))
#47 /Users/evills/developer/AudazPOS/vendor/laravel/framework/src/Illuminate/Routing/Router.php(797): Illuminate\\Pipeline\\Pipeline->then(Object(Closure))
#48 /Users/evills/developer/AudazPOS/vendor/laravel/framework/src/Illuminate/Routing/Router.php(776): Illuminate\\Routing\\Router->runRouteWithinStack(Object(Illuminate\\Routing\\Route), Object(Illuminate\\Http\\Request))
#49 /Users/evills/developer/AudazPOS/vendor/laravel/framework/src/Illuminate/Routing/Router.php(740): Illuminate\\Routing\\Router->runRoute(Object(Illuminate\\Http\\Request), Object(Illuminate\\Routing\\Route))
#50 /Users/evills/developer/AudazPOS/vendor/laravel/framework/src/Illuminate/Routing/Router.php(729): Illuminate\\Routing\\Router->dispatchToRoute(Object(Illuminate\\Http\\Request))
#51 /Users/evills/developer/AudazPOS/vendor/laravel/framework/src/Illuminate/Foundation/Http/Kernel.php(190): Illuminate\\Routing\\Router->dispatch(Object(Illuminate\\Http\\Request))
#52 /Users/evills/developer/AudazPOS/vendor/laravel/framework/src/Illuminate/Pipeline/Pipeline.php(141): Illuminate\\Foundation\\Http\\Kernel->Illuminate\\Foundation\\Http\\{closure}(Object(Illuminate\\Http\\Request))
#53 /Users/evills/developer/AudazPOS/vendor/barryvdh/laravel-debugbar/src/Middleware/InjectDebugbar.php(59): Illuminate\\Pipeline\\Pipeline->Illuminate\\Pipeline\\{closure}(Object(Illuminate\\Http\\Request))
#54 /Users/evills/developer/AudazPOS/vendor/laravel/framework/src/Illuminate/Pipeline/Pipeline.php(180): Barryvdh\\Debugbar\\Middleware\\InjectDebugbar->handle(Object(Illuminate\\Http\\Request), Object(Closure))
#55 /Users/evills/developer/AudazPOS/vendor/laravel/framework/src/Illuminate/Foundation/Http/Middleware/TransformsRequest.php(21): Illuminate\\Pipeline\\Pipeline->Illuminate\\Pipeline\\{closure}(Object(Illuminate\\Http\\Request))
#56 /Users/evills/developer/AudazPOS/vendor/laravel/framework/src/Illuminate/Foundation/Http/Middleware/ConvertEmptyStringsToNull.php(31): Illuminate\\Foundation\\Http\\Middleware\\TransformsRequest->handle(Object(Illuminate\\Http\\Request), Object(Closure))
#57 /Users/evills/developer/AudazPOS/vendor/laravel/framework/src/Illuminate/Pipeline/Pipeline.php(180): Illuminate\\Foundation\\Http\\Middleware\\ConvertEmptyStringsToNull->handle(Object(Illuminate\\Http\\Request), Object(Closure))
#58 /Users/evills/developer/AudazPOS/vendor/laravel/framework/src/Illuminate/Foundation/Http/Middleware/TransformsRequest.php(21): Illuminate\\Pipeline\\Pipeline->Illuminate\\Pipeline\\{closure}(Object(Illuminate\\Http\\Request))
#59 /Users/evills/developer/AudazPOS/vendor/laravel/framework/src/Illuminate/Foundation/Http/Middleware/TrimStrings.php(40): Illuminate\\Foundation\\Http\\Middleware\\TransformsRequest->handle(Object(Illuminate\\Http\\Request), Object(Closure))
#60 /Users/evills/developer/AudazPOS/vendor/laravel/framework/src/Illuminate/Pipeline/Pipeline.php(180): Illuminate\\Foundation\\Http\\Middleware\\TrimStrings->handle(Object(Illuminate\\Http\\Request), Object(Closure))
#61 /Users/evills/developer/AudazPOS/vendor/laravel/framework/src/Illuminate/Foundation/Http/Middleware/ValidatePostSize.php(27): Illuminate\\Pipeline\\Pipeline->Illuminate\\Pipeline\\{closure}(Object(Illuminate\\Http\\Request))
#62 /Users/evills/developer/AudazPOS/vendor/laravel/framework/src/Illuminate/Pipeline/Pipeline.php(180): Illuminate\\Foundation\\Http\\Middleware\\ValidatePostSize->handle(Object(Illuminate\\Http\\Request), Object(Closure))
#63 /Users/evills/developer/AudazPOS/vendor/laravel/framework/src/Illuminate/Foundation/Http/Middleware/PreventRequestsDuringMaintenance.php(86): Illuminate\\Pipeline\\Pipeline->Illuminate\\Pipeline\\{closure}(Object(Illuminate\\Http\\Request))
#64 /Users/evills/developer/AudazPOS/vendor/laravel/framework/src/Illuminate/Pipeline/Pipeline.php(180): Illuminate\\Foundation\\Http\\Middleware\\PreventRequestsDuringMaintenance->handle(Object(Illuminate\\Http\\Request), Object(Closure))
#65 /Users/evills/developer/AudazPOS/vendor/laravel/framework/src/Illuminate/Http/Middleware/HandleCors.php(49): Illuminate\\Pipeline\\Pipeline->Illuminate\\Pipeline\\{closure}(Object(Illuminate\\Http\\Request))
#66 /Users/evills/developer/AudazPOS/vendor/laravel/framework/src/Illuminate/Pipeline/Pipeline.php(180): Illuminate\\Http\\Middleware\\HandleCors->handle(Object(Illuminate\\Http\\Request), Object(Closure))
#67 /Users/evills/developer/AudazPOS/vendor/laravel/framework/src/Illuminate/Http/Middleware/TrustProxies.php(39): Illuminate\\Pipeline\\Pipeline->Illuminate\\Pipeline\\{closure}(Object(Illuminate\\Http\\Request))
#68 /Users/evills/developer/AudazPOS/vendor/laravel/framework/src/Illuminate/Pipeline/Pipeline.php(180): Illuminate\\Http\\Middleware\\TrustProxies->handle(Object(Illuminate\\Http\\Request), Object(Closure))
#69 /Users/evills/developer/AudazPOS/vendor/laravel/framework/src/Illuminate/Pipeline/Pipeline.php(116): Illuminate\\Pipeline\\Pipeline->Illuminate\\Pipeline\\{closure}(Object(Illuminate\\Http\\Request))
#70 /Users/evills/developer/AudazPOS/vendor/laravel/framework/src/Illuminate/Foundation/Http/Kernel.php(165): Illuminate\\Pipeline\\Pipeline->then(Object(Closure))
#71 /Users/evills/developer/AudazPOS/vendor/laravel/framework/src/Illuminate/Foundation/Http/Kernel.php(134): Illuminate\\Foundation\\Http\\Kernel->sendRequestThroughRouter(Object(Illuminate\\Http\\Request))
#72 /Users/evills/developer/AudazPOS/public/index.php(51): Illuminate\\Foundation\\Http\\Kernel->handle(Object(Illuminate\\Http\\Request))
#73 /Applications/Herd.app/Contents/Resources/valet/server.php(167): require('/Users/evills/d...')
#74 {main}

[previous exception] [object] (PDOException(code: 1049): SQLSTATE[HY000] [1049] Unknown database 'myposdb' at /Users/evills/developer/AudazPOS/vendor/laravel/framework/src/Illuminate/Database/Connectors/Connector.php:70)
[stacktrace]
#0 /Users/evills/developer/AudazPOS/vendor/laravel/framework/src/Illuminate/Database/Connectors/Connector.php(70): PDO->__construct('mysql:host=127....', 'root', Object(SensitiveParameterValue), Array)
#1 /Users/evills/developer/AudazPOS/vendor/laravel/framework/src/Illuminate/Database/Connectors/Connector.php(45): Illuminate\\Database\\Connectors\\Connector->createPdoConnection('mysql:host=127....', 'root', '', Array)
#2 /Users/evills/developer/AudazPOS/vendor/laravel/framework/src/Illuminate/Database/Connectors/MySqlConnector.php(24): Illuminate\\Database\\Connectors\\Connector->createConnection('mysql:host=127....', Array, Array)
#3 /Users/evills/developer/AudazPOS/vendor/laravel/framework/src/Illuminate/Database/Connectors/ConnectionFactory.php(184): Illuminate\\Database\\Connectors\\MySqlConnector->connect(Array)
#4 [internal function]: Illuminate\\Database\\Connectors\\ConnectionFactory->Illuminate\\Database\\Connectors\\{closure}()
#5 /Users/evills/developer/AudazPOS/vendor/laravel/framework/src/Illuminate/Database/Connection.php(1181): call_user_func(Object(Closure))
#6 /Users/evills/developer/AudazPOS/vendor/laravel/framework/src/Illuminate/Database/Connection.php(1217): Illuminate\\Database\\Connection->getPdo()
#7 /Users/evills/developer/AudazPOS/vendor/laravel/framework/src/Illuminate/Database/Connection.php(486): Illuminate\\Database\\Connection->getReadPdo()
#8 /Users/evills/developer/AudazPOS/vendor/laravel/framework/src/Illuminate/Database/Connection.php(414): Illuminate\\Database\\Connection->getPdoForSelect(true)
#9 /Users/evills/developer/AudazPOS/vendor/laravel/framework/src/Illuminate/Database/Connection.php(753): Illuminate\\Database\\Connection->Illuminate\\Database\\{closure}('select `value`,...', Array)
#10 /Users/evills/developer/AudazPOS/vendor/laravel/framework/src/Illuminate/Database/Connection.php(720): Illuminate\\Database\\Connection->runQueryCallback('select `value`,...', Array, Object(Closure))
#11 /Users/evills/developer/AudazPOS/vendor/laravel/framework/src/Illuminate/Database/Connection.php(405): Illuminate\\Database\\Connection->run('select `value`,...', Array, Object(Closure))
#12 /Users/evills/developer/AudazPOS/vendor/laravel/framework/src/Illuminate/Database/Query/Builder.php(2705): Illuminate\\Database\\Connection->select('select `value`,...', Array, true)
#13 /Users/evills/developer/AudazPOS/vendor/laravel/framework/src/Illuminate/Database/Query/Builder.php(2920): Illuminate\\Database\\Query\\Builder->runSelect()
#14 /Users/evills/developer/AudazPOS/vendor/laravel/framework/src/Illuminate/Database/Query/Builder.php(3230): Illuminate\\Database\\Query\\Builder->Illuminate\\Database\\Query\\{closure}()
#15 /Users/evills/developer/AudazPOS/vendor/laravel/framework/src/Illuminate/Database/Query/Builder.php(2916): Illuminate\\Database\\Query\\Builder->onceWithColumns(Array, Object(Closure))
#16 /Users/evills/developer/AudazPOS/vendor/laravel/framework/src/Illuminate/Database/Eloquent/Builder.php(860): Illuminate\\Database\\Query\\Builder->pluck('value', 'key')
#17 /Users/evills/developer/AudazPOS/app/System.php(58): Illuminate\\Database\\Eloquent\\Builder->pluck('value', 'key')
#18 /Users/evills/developer/AudazPOS/app/Providers/AppServiceProvider.php(99): App\\System::getProperties(Array, true)
#19 /Users/evills/developer/AudazPOS/vendor/laravel/framework/src/Illuminate/View/Concerns/ManagesEvents.php(162): App\\Providers\\AppServiceProvider->App\\Providers\\{closure}(Object(Illuminate\\View\\View))
#20 /Users/evills/developer/AudazPOS/vendor/laravel/framework/src/Illuminate/Events/Dispatcher.php(418): Illuminate\\View\\Factory->Illuminate\\View\\Concerns\\{closure}('composing: layo...', Array)
#21 /Users/evills/developer/AudazPOS/vendor/laravel/framework/src/Illuminate/Events/Dispatcher.php(249): Illuminate\\Events\\Dispatcher->Illuminate\\Events\\{closure}('composing: layo...', Array)
#22 /Users/evills/developer/AudazPOS/vendor/laravel/framework/src/Illuminate/View/Concerns/ManagesEvents.php(177): Illuminate\\Events\\Dispatcher->dispatch('composing: layo...', Array)
#23 /Users/evills/developer/AudazPOS/vendor/laravel/framework/src/Illuminate/View/View.php(176): Illuminate\\View\\Factory->callComposer(Object(Illuminate\\View\\View))
#24 /Users/evills/developer/AudazPOS/vendor/laravel/framework/src/Illuminate/View/View.php(147): Illuminate\\View\\View->renderContents()
#25 /Users/evills/developer/AudazPOS/storage/framework/views/1ccf6133b823725648c8fd2c3f82ead804f71f4a.php(18): Illuminate\\View\\View->render()
#26 /Users/evills/developer/AudazPOS/vendor/laravel/framework/src/Illuminate/Filesystem/Filesystem.php(109): require('/Users/evills/d...')
#27 /Users/evills/developer/AudazPOS/vendor/laravel/framework/src/Illuminate/Filesystem/Filesystem.php(110): Illuminate\\Filesystem\\Filesystem::Illuminate\\Filesystem\\{closure}()
#28 /Users/evills/developer/AudazPOS/vendor/laravel/framework/src/Illuminate/View/Engines/PhpEngine.php(58): Illuminate\\Filesystem\\Filesystem->getRequire('/Users/evills/d...', Array)
#29 /Users/evills/developer/AudazPOS/vendor/laravel/framework/src/Illuminate/View/Engines/CompilerEngine.php(70): Illuminate\\View\\Engines\\PhpEngine->evaluatePath('/Users/evills/d...', Array)
#30 /Users/evills/developer/AudazPOS/vendor/laravel/framework/src/Illuminate/View/View.php(195): Illuminate\\View\\Engines\\CompilerEngine->get('/Users/evills/d...', Array)
#31 /Users/evills/developer/AudazPOS/vendor/laravel/framework/src/Illuminate/View/View.php(178): Illuminate\\View\\View->getContents()
#32 /Users/evills/developer/AudazPOS/vendor/laravel/framework/src/Illuminate/View/View.php(147): Illuminate\\View\\View->renderContents()
#33 /Users/evills/developer/AudazPOS/vendor/laravel/framework/src/Illuminate/Http/Response.php(69): Illuminate\\View\\View->render()
#34 /Users/evills/developer/AudazPOS/vendor/laravel/framework/src/Illuminate/Http/Response.php(35): Illuminate\\Http\\Response->setContent(Object(Illuminate\\View\\View))
#35 /Users/evills/developer/AudazPOS/vendor/laravel/framework/src/Illuminate/Routing/Router.php(906): Illuminate\\Http\\Response->__construct(Object(Illuminate\\View\\View), 200, Array)
#36 /Users/evills/developer/AudazPOS/vendor/laravel/framework/src/Illuminate/Routing/Router.php(875): Illuminate\\Routing\\Router::toResponse(Object(Illuminate\\Http\\Request), Object(Illuminate\\View\\View))
#37 /Users/evills/developer/AudazPOS/vendor/laravel/framework/src/Illuminate/Routing/Router.php(797): Illuminate\\Routing\\Router->prepareResponse(Object(Illuminate\\Http\\Request), Object(Illuminate\\View\\View))
#38 /Users/evills/developer/AudazPOS/vendor/laravel/framework/src/Illuminate/Pipeline/Pipeline.php(141): Illuminate\\Routing\\Router->Illuminate\\Routing\\{closure}(Object(Illuminate\\Http\\Request))
#39 /Users/evills/developer/AudazPOS/app/Http/Middleware/IsInstalled.php(50): Illuminate\\Pipeline\\Pipeline->Illuminate\\Pipeline\\{closure}(Object(Illuminate\\Http\\Request))
#40 /Users/evills/developer/AudazPOS/vendor/laravel/framework/src/Illuminate/Pipeline/Pipeline.php(180): App\\Http\\Middleware\\IsInstalled->handle(Object(Illuminate\\Http\\Request), Object(Closure))
#41 /Users/evills/developer/AudazPOS/vendor/barryvdh/laravel-debugbar/src/Middleware/InjectDebugbar.php(59): Illuminate\\Pipeline\\Pipeline->Illuminate\\Pipeline\\{closure}(Object(Illuminate\\Http\\Request))
#42 /Users/evills/developer/AudazPOS/vendor/laravel/framework/src/Illuminate/Pipeline/Pipeline.php(180): Barryvdh\\Debugbar\\Middleware\\InjectDebugbar->handle(Object(Illuminate\\Http\\Request), Object(Closure))
#43 /Users/evills/developer/AudazPOS/vendor/laravel/framework/src/Illuminate/Routing/Middleware/SubstituteBindings.php(50): Illuminate\\Pipeline\\Pipeline->Illuminate\\Pipeline\\{closure}(Object(Illuminate\\Http\\Request))
#44 /Users/evills/developer/AudazPOS/vendor/laravel/framework/src/Illuminate/Pipeline/Pipeline.php(180): Illuminate\\Routing\\Middleware\\SubstituteBindings->handle(Object(Illuminate\\Http\\Request), Object(Closure))
#45 /Users/evills/developer/AudazPOS/vendor/laravel/framework/src/Illuminate/Foundation/Http/Middleware/VerifyCsrfToken.php(78): Illuminate\\Pipeline\\Pipeline->Illuminate\\Pipeline\\{closure}(Object(Illuminate\\Http\\Request))
#46 /Users/evills/developer/AudazPOS/vendor/laravel/framework/src/Illuminate/Pipeline/Pipeline.php(180): Illuminate\\Foundation\\Http\\Middleware\\VerifyCsrfToken->handle(Object(Illuminate\\Http\\Request), Object(Closure))
#47 /Users/evills/developer/AudazPOS/vendor/laravel/framework/src/Illuminate/View/Middleware/ShareErrorsFromSession.php(49): Illuminate\\Pipeline\\Pipeline->Illuminate\\Pipeline\\{closure}(Object(Illuminate\\Http\\Request))
#48 /Users/evills/developer/AudazPOS/vendor/laravel/framework/src/Illuminate/Pipeline/Pipeline.php(180): Illuminate\\View\\Middleware\\ShareErrorsFromSession->handle(Object(Illuminate\\Http\\Request), Object(Closure))
#49 /Users/evills/developer/AudazPOS/vendor/laravel/framework/src/Illuminate/Session/Middleware/StartSession.php(121): Illuminate\\Pipeline\\Pipeline->Illuminate\\Pipeline\\{closure}(Object(Illuminate\\Http\\Request))
#50 /Users/evills/developer/AudazPOS/vendor/laravel/framework/src/Illuminate/Session/Middleware/StartSession.php(64): Illuminate\\Session\\Middleware\\StartSession->handleStatefulRequest(Object(Illuminate\\Http\\Request), Object(Illuminate\\Session\\Store), Object(Closure))
#51 /Users/evills/developer/AudazPOS/vendor/laravel/framework/src/Illuminate/Pipeline/Pipeline.php(180): Illuminate\\Session\\Middleware\\StartSession->handle(Object(Illuminate\\Http\\Request), Object(Closure))
#52 /Users/evills/developer/AudazPOS/vendor/laravel/framework/src/Illuminate/Cookie/Middleware/AddQueuedCookiesToResponse.php(37): Illuminate\\Pipeline\\Pipeline->Illuminate\\Pipeline\\{closure}(Object(Illuminate\\Http\\Request))
#53 /Users/evills/developer/AudazPOS/vendor/laravel/framework/src/Illuminate/Pipeline/Pipeline.php(180): Illuminate\\Cookie\\Middleware\\AddQueuedCookiesToResponse->handle(Object(Illuminate\\Http\\Request), Object(Closure))
#54 /Users/evills/developer/AudazPOS/vendor/laravel/framework/src/Illuminate/Cookie/Middleware/EncryptCookies.php(67): Illuminate\\Pipeline\\Pipeline->Illuminate\\Pipeline\\{closure}(Object(Illuminate\\Http\\Request))
#55 /Users/evills/developer/AudazPOS/vendor/laravel/framework/src/Illuminate/Pipeline/Pipeline.php(180): Illuminate\\Cookie\\Middleware\\EncryptCookies->handle(Object(Illuminate\\Http\\Request), Object(Closure))
#56 /Users/evills/developer/AudazPOS/vendor/laravel/framework/src/Illuminate/Pipeline/Pipeline.php(116): Illuminate\\Pipeline\\Pipeline->Illuminate\\Pipeline\\{closure}(Object(Illuminate\\Http\\Request))
#57 /Users/evills/developer/AudazPOS/vendor/laravel/framework/src/Illuminate/Routing/Router.php(797): Illuminate\\Pipeline\\Pipeline->then(Object(Closure))
#58 /Users/evills/developer/AudazPOS/vendor/laravel/framework/src/Illuminate/Routing/Router.php(776): Illuminate\\Routing\\Router->runRouteWithinStack(Object(Illuminate\\Routing\\Route), Object(Illuminate\\Http\\Request))
#59 /Users/evills/developer/AudazPOS/vendor/laravel/framework/src/Illuminate/Routing/Router.php(740): Illuminate\\Routing\\Router->runRoute(Object(Illuminate\\Http\\Request), Object(Illuminate\\Routing\\Route))
#60 /Users/evills/developer/AudazPOS/vendor/laravel/framework/src/Illuminate/Routing/Router.php(729): Illuminate\\Routing\\Router->dispatchToRoute(Object(Illuminate\\Http\\Request))
#61 /Users/evills/developer/AudazPOS/vendor/laravel/framework/src/Illuminate/Foundation/Http/Kernel.php(190): Illuminate\\Routing\\Router->dispatch(Object(Illuminate\\Http\\Request))
#62 /Users/evills/developer/AudazPOS/vendor/laravel/framework/src/Illuminate/Pipeline/Pipeline.php(141): Illuminate\\Foundation\\Http\\Kernel->Illuminate\\Foundation\\Http\\{closure}(Object(Illuminate\\Http\\Request))
#63 /Users/evills/developer/AudazPOS/vendor/barryvdh/laravel-debugbar/src/Middleware/InjectDebugbar.php(59): Illuminate\\Pipeline\\Pipeline->Illuminate\\Pipeline\\{closure}(Object(Illuminate\\Http\\Request))
#64 /Users/evills/developer/AudazPOS/vendor/laravel/framework/src/Illuminate/Pipeline/Pipeline.php(180): Barryvdh\\Debugbar\\Middleware\\InjectDebugbar->handle(Object(Illuminate\\Http\\Request), Object(Closure))
#65 /Users/evills/developer/AudazPOS/vendor/laravel/framework/src/Illuminate/Foundation/Http/Middleware/TransformsRequest.php(21): Illuminate\\Pipeline\\Pipeline->Illuminate\\Pipeline\\{closure}(Object(Illuminate\\Http\\Request))
#66 /Users/evills/developer/AudazPOS/vendor/laravel/framework/src/Illuminate/Foundation/Http/Middleware/ConvertEmptyStringsToNull.php(31): Illuminate\\Foundation\\Http\\Middleware\\TransformsRequest->handle(Object(Illuminate\\Http\\Request), Object(Closure))
#67 /Users/evills/developer/AudazPOS/vendor/laravel/framework/src/Illuminate/Pipeline/Pipeline.php(180): Illuminate\\Foundation\\Http\\Middleware\\ConvertEmptyStringsToNull->handle(Object(Illuminate\\Http\\Request), Object(Closure))
#68 /Users/evills/developer/AudazPOS/vendor/laravel/framework/src/Illuminate/Foundation/Http/Middleware/TransformsRequest.php(21): Illuminate\\Pipeline\\Pipeline->Illuminate\\Pipeline\\{closure}(Object(Illuminate\\Http\\Request))
#69 /Users/evills/developer/AudazPOS/vendor/laravel/framework/src/Illuminate/Foundation/Http/Middleware/TrimStrings.php(40): Illuminate\\Foundation\\Http\\Middleware\\TransformsRequest->handle(Object(Illuminate\\Http\\Request), Object(Closure))
#70 /Users/evills/developer/AudazPOS/vendor/laravel/framework/src/Illuminate/Pipeline/Pipeline.php(180): Illuminate\\Foundation\\Http\\Middleware\\TrimStrings->handle(Object(Illuminate\\Http\\Request), Object(Closure))
#71 /Users/evills/developer/AudazPOS/vendor/laravel/framework/src/Illuminate/Foundation/Http/Middleware/ValidatePostSize.php(27): Illuminate\\Pipeline\\Pipeline->Illuminate\\Pipeline\\{closure}(Object(Illuminate\\Http\\Request))
#72 /Users/evills/developer/AudazPOS/vendor/laravel/framework/src/Illuminate/Pipeline/Pipeline.php(180): Illuminate\\Foundation\\Http\\Middleware\\ValidatePostSize->handle(Object(Illuminate\\Http\\Request), Object(Closure))
#73 /Users/evills/developer/AudazPOS/vendor/laravel/framework/src/Illuminate/Foundation/Http/Middleware/PreventRequestsDuringMaintenance.php(86): Illuminate\\Pipeline\\Pipeline->Illuminate\\Pipeline\\{closure}(Object(Illuminate\\Http\\Request))
#74 /Users/evills/developer/AudazPOS/vendor/laravel/framework/src/Illuminate/Pipeline/Pipeline.php(180): Illuminate\\Foundation\\Http\\Middleware\\PreventRequestsDuringMaintenance->handle(Object(Illuminate\\Http\\Request), Object(Closure))
#75 /Users/evills/developer/AudazPOS/vendor/laravel/framework/src/Illuminate/Http/Middleware/HandleCors.php(49): Illuminate\\Pipeline\\Pipeline->Illuminate\\Pipeline\\{closure}(Object(Illuminate\\Http\\Request))
#76 /Users/evills/developer/AudazPOS/vendor/laravel/framework/src/Illuminate/Pipeline/Pipeline.php(180): Illuminate\\Http\\Middleware\\HandleCors->handle(Object(Illuminate\\Http\\Request), Object(Closure))
#77 /Users/evills/developer/AudazPOS/vendor/laravel/framework/src/Illuminate/Http/Middleware/TrustProxies.php(39): Illuminate\\Pipeline\\Pipeline->Illuminate\\Pipeline\\{closure}(Object(Illuminate\\Http\\Request))
#78 /Users/evills/developer/AudazPOS/vendor/laravel/framework/src/Illuminate/Pipeline/Pipeline.php(180): Illuminate\\Http\\Middleware\\TrustProxies->handle(Object(Illuminate\\Http\\Request), Object(Closure))
#79 /Users/evills/developer/AudazPOS/vendor/laravel/framework/src/Illuminate/Pipeline/Pipeline.php(116): Illuminate\\Pipeline\\Pipeline->Illuminate\\Pipeline\\{closure}(Object(Illuminate\\Http\\Request))
#80 /Users/evills/developer/AudazPOS/vendor/laravel/framework/src/Illuminate/Foundation/Http/Kernel.php(165): Illuminate\\Pipeline\\Pipeline->then(Object(Closure))
#81 /Users/evills/developer/AudazPOS/vendor/laravel/framework/src/Illuminate/Foundation/Http/Kernel.php(134): Illuminate\\Foundation\\Http\\Kernel->sendRequestThroughRouter(Object(Illuminate\\Http\\Request))
#82 /Users/evills/developer/AudazPOS/public/index.php(51): Illuminate\\Foundation\\Http\\Kernel->handle(Object(Illuminate\\Http\\Request))
#83 /Applications/Herd.app/Contents/Resources/valet/server.php(167): require('/Users/evills/d...')
#84 {main}
"} 
[2025-07-01 18:17:13] local.ERROR: SQLSTATE[HY000] [1049] Unknown database 'myposdb' (SQL: select `value`, `key` from `system` where `key` in (additional_js, additional_css)) {"view":{"view":"/Users/evills/developer/AudazPOS/resources/views/welcome.blade.php","data":{"asset_v":"<pre class=sf-dump id=sf-dump-370661795 data-indent-pad=\"  \"><span class=sf-dump-num>670</span>
</pre><script>Sfdump(\"sf-dump-370661795\", {\"maxDepth\":3,\"maxStringLength\":160})</script>
","errors":"<pre class=sf-dump id=sf-dump-2031774447 data-indent-pad=\"  \"><span class=sf-dump-note>Illuminate\\Support\\ViewErrorBag</span> {<a class=sf-dump-ref>#2261</a><samp data-depth=1 class=sf-dump-expanded>
  #<span class=sf-dump-protected title=\"Protected property\">bags</span>: []
</samp>}
</pre><script>Sfdump(\"sf-dump-2031774447\", {\"maxDepth\":3,\"maxStringLength\":160})</script>
","enabled_modules":"<pre class=sf-dump id=sf-dump-588138216 data-indent-pad=\"  \">[]
</pre><script>Sfdump(\"sf-dump-588138216\", {\"maxDepth\":3,\"maxStringLength\":160})</script>
","__is_pusher_enabled":"<pre class=sf-dump id=sf-dump-1415260526 data-indent-pad=\"  \"><span class=sf-dump-const>false</span>
</pre><script>Sfdump(\"sf-dump-1415260526\", {\"maxDepth\":3,\"maxStringLength\":160})</script>
"}},"exception":"[object] (Spatie\\LaravelIgnition\\Exceptions\\ViewException(code: 0): SQLSTATE[HY000] [1049] Unknown database 'myposdb' (SQL: select `value`, `key` from `system` where `key` in (additional_js, additional_css)) at /Users/evills/developer/AudazPOS/vendor/laravel/framework/src/Illuminate/Database/Connection.php:760)
[stacktrace]
#0 /Users/evills/developer/AudazPOS/vendor/laravel/framework/src/Illuminate/Database/Connection.php(720): Illuminate\\Database\\Connection->runQueryCallback('select `value`,...', Array, Object(Closure))
#1 /Users/evills/developer/AudazPOS/vendor/laravel/framework/src/Illuminate/Database/Connection.php(405): Illuminate\\Database\\Connection->run('select `value`,...', Array, Object(Closure))
#2 /Users/evills/developer/AudazPOS/vendor/laravel/framework/src/Illuminate/Database/Query/Builder.php(2705): Illuminate\\Database\\Connection->select('select `value`,...', Array, true)
#3 /Users/evills/developer/AudazPOS/vendor/laravel/framework/src/Illuminate/Database/Query/Builder.php(2920): Illuminate\\Database\\Query\\Builder->runSelect()
#4 /Users/evills/developer/AudazPOS/vendor/laravel/framework/src/Illuminate/Database/Query/Builder.php(3230): Illuminate\\Database\\Query\\Builder->Illuminate\\Database\\Query\\{closure}()
#5 /Users/evills/developer/AudazPOS/vendor/laravel/framework/src/Illuminate/Database/Query/Builder.php(2916): Illuminate\\Database\\Query\\Builder->onceWithColumns(Array, Object(Closure))
#6 /Users/evills/developer/AudazPOS/vendor/laravel/framework/src/Illuminate/Database/Eloquent/Builder.php(860): Illuminate\\Database\\Query\\Builder->pluck('value', 'key')
#7 /Users/evills/developer/AudazPOS/app/System.php(58): Illuminate\\Database\\Eloquent\\Builder->pluck('value', 'key')
#8 /Users/evills/developer/AudazPOS/app/Providers/AppServiceProvider.php(99): App\\System::getProperties(Array, true)
#9 /Users/evills/developer/AudazPOS/vendor/laravel/framework/src/Illuminate/View/Concerns/ManagesEvents.php(162): App\\Providers\\AppServiceProvider->App\\Providers\\{closure}(Object(Illuminate\\View\\View))
#10 /Users/evills/developer/AudazPOS/vendor/laravel/framework/src/Illuminate/Events/Dispatcher.php(418): Illuminate\\View\\Factory->Illuminate\\View\\Concerns\\{closure}('composing: layo...', Array)
#11 /Users/evills/developer/AudazPOS/vendor/laravel/framework/src/Illuminate/Events/Dispatcher.php(249): Illuminate\\Events\\Dispatcher->Illuminate\\Events\\{closure}('composing: layo...', Array)
#12 /Users/evills/developer/AudazPOS/vendor/laravel/framework/src/Illuminate/View/Concerns/ManagesEvents.php(177): Illuminate\\Events\\Dispatcher->dispatch('composing: layo...', Array)
#13 /Users/evills/developer/AudazPOS/vendor/laravel/framework/src/Illuminate/View/View.php(176): Illuminate\\View\\Factory->callComposer(Object(Illuminate\\View\\View))
#14 /Users/evills/developer/AudazPOS/vendor/laravel/framework/src/Illuminate/View/View.php(147): Illuminate\\View\\View->renderContents()
#15 /Users/evills/developer/AudazPOS/resources/views/welcome.blade.php(15): Illuminate\\View\\View->render()
#16 /Users/evills/developer/AudazPOS/vendor/laravel/framework/src/Illuminate/Filesystem/Filesystem.php(109): require('/Users/evills/d...')
#17 /Users/evills/developer/AudazPOS/vendor/laravel/framework/src/Illuminate/Filesystem/Filesystem.php(110): Illuminate\\Filesystem\\Filesystem::Illuminate\\Filesystem\\{closure}()
#18 /Users/evills/developer/AudazPOS/vendor/laravel/framework/src/Illuminate/View/Engines/PhpEngine.php(58): Illuminate\\Filesystem\\Filesystem->getRequire('/Users/evills/d...', Array)
#19 /Users/evills/developer/AudazPOS/vendor/laravel/framework/src/Illuminate/View/Engines/CompilerEngine.php(70): Illuminate\\View\\Engines\\PhpEngine->evaluatePath('/Users/evills/d...', Array)
#20 /Users/evills/developer/AudazPOS/vendor/laravel/framework/src/Illuminate/View/View.php(195): Illuminate\\View\\Engines\\CompilerEngine->get('/Users/evills/d...', Array)
#21 /Users/evills/developer/AudazPOS/vendor/laravel/framework/src/Illuminate/View/View.php(178): Illuminate\\View\\View->getContents()
#22 /Users/evills/developer/AudazPOS/vendor/laravel/framework/src/Illuminate/View/View.php(147): Illuminate\\View\\View->renderContents()
#23 /Users/evills/developer/AudazPOS/vendor/laravel/framework/src/Illuminate/Http/Response.php(69): Illuminate\\View\\View->render()
#24 /Users/evills/developer/AudazPOS/vendor/laravel/framework/src/Illuminate/Http/Response.php(35): Illuminate\\Http\\Response->setContent(Object(Illuminate\\View\\View))
#25 /Users/evills/developer/AudazPOS/vendor/laravel/framework/src/Illuminate/Routing/Router.php(906): Illuminate\\Http\\Response->__construct(Object(Illuminate\\View\\View), 200, Array)
#26 /Users/evills/developer/AudazPOS/vendor/laravel/framework/src/Illuminate/Routing/Router.php(875): Illuminate\\Routing\\Router::toResponse(Object(Illuminate\\Http\\Request), Object(Illuminate\\View\\View))
#27 /Users/evills/developer/AudazPOS/vendor/laravel/framework/src/Illuminate/Routing/Router.php(797): Illuminate\\Routing\\Router->prepareResponse(Object(Illuminate\\Http\\Request), Object(Illuminate\\View\\View))
#28 /Users/evills/developer/AudazPOS/vendor/laravel/framework/src/Illuminate/Pipeline/Pipeline.php(141): Illuminate\\Routing\\Router->Illuminate\\Routing\\{closure}(Object(Illuminate\\Http\\Request))
#29 /Users/evills/developer/AudazPOS/app/Http/Middleware/IsInstalled.php(50): Illuminate\\Pipeline\\Pipeline->Illuminate\\Pipeline\\{closure}(Object(Illuminate\\Http\\Request))
#30 /Users/evills/developer/AudazPOS/vendor/laravel/framework/src/Illuminate/Pipeline/Pipeline.php(180): App\\Http\\Middleware\\IsInstalled->handle(Object(Illuminate\\Http\\Request), Object(Closure))
#31 /Users/evills/developer/AudazPOS/vendor/barryvdh/laravel-debugbar/src/Middleware/InjectDebugbar.php(59): Illuminate\\Pipeline\\Pipeline->Illuminate\\Pipeline\\{closure}(Object(Illuminate\\Http\\Request))
#32 /Users/evills/developer/AudazPOS/vendor/laravel/framework/src/Illuminate/Pipeline/Pipeline.php(180): Barryvdh\\Debugbar\\Middleware\\InjectDebugbar->handle(Object(Illuminate\\Http\\Request), Object(Closure))
#33 /Users/evills/developer/AudazPOS/vendor/laravel/framework/src/Illuminate/Routing/Middleware/SubstituteBindings.php(50): Illuminate\\Pipeline\\Pipeline->Illuminate\\Pipeline\\{closure}(Object(Illuminate\\Http\\Request))
#34 /Users/evills/developer/AudazPOS/vendor/laravel/framework/src/Illuminate/Pipeline/Pipeline.php(180): Illuminate\\Routing\\Middleware\\SubstituteBindings->handle(Object(Illuminate\\Http\\Request), Object(Closure))
#35 /Users/evills/developer/AudazPOS/vendor/laravel/framework/src/Illuminate/Foundation/Http/Middleware/VerifyCsrfToken.php(78): Illuminate\\Pipeline\\Pipeline->Illuminate\\Pipeline\\{closure}(Object(Illuminate\\Http\\Request))
#36 /Users/evills/developer/AudazPOS/vendor/laravel/framework/src/Illuminate/Pipeline/Pipeline.php(180): Illuminate\\Foundation\\Http\\Middleware\\VerifyCsrfToken->handle(Object(Illuminate\\Http\\Request), Object(Closure))
#37 /Users/evills/developer/AudazPOS/vendor/laravel/framework/src/Illuminate/View/Middleware/ShareErrorsFromSession.php(49): Illuminate\\Pipeline\\Pipeline->Illuminate\\Pipeline\\{closure}(Object(Illuminate\\Http\\Request))
#38 /Users/evills/developer/AudazPOS/vendor/laravel/framework/src/Illuminate/Pipeline/Pipeline.php(180): Illuminate\\View\\Middleware\\ShareErrorsFromSession->handle(Object(Illuminate\\Http\\Request), Object(Closure))
#39 /Users/evills/developer/AudazPOS/vendor/laravel/framework/src/Illuminate/Session/Middleware/StartSession.php(121): Illuminate\\Pipeline\\Pipeline->Illuminate\\Pipeline\\{closure}(Object(Illuminate\\Http\\Request))
#40 /Users/evills/developer/AudazPOS/vendor/laravel/framework/src/Illuminate/Session/Middleware/StartSession.php(64): Illuminate\\Session\\Middleware\\StartSession->handleStatefulRequest(Object(Illuminate\\Http\\Request), Object(Illuminate\\Session\\Store), Object(Closure))
#41 /Users/evills/developer/AudazPOS/vendor/laravel/framework/src/Illuminate/Pipeline/Pipeline.php(180): Illuminate\\Session\\Middleware\\StartSession->handle(Object(Illuminate\\Http\\Request), Object(Closure))
#42 /Users/evills/developer/AudazPOS/vendor/laravel/framework/src/Illuminate/Cookie/Middleware/AddQueuedCookiesToResponse.php(37): Illuminate\\Pipeline\\Pipeline->Illuminate\\Pipeline\\{closure}(Object(Illuminate\\Http\\Request))
#43 /Users/evills/developer/AudazPOS/vendor/laravel/framework/src/Illuminate/Pipeline/Pipeline.php(180): Illuminate\\Cookie\\Middleware\\AddQueuedCookiesToResponse->handle(Object(Illuminate\\Http\\Request), Object(Closure))
#44 /Users/evills/developer/AudazPOS/vendor/laravel/framework/src/Illuminate/Cookie/Middleware/EncryptCookies.php(67): Illuminate\\Pipeline\\Pipeline->Illuminate\\Pipeline\\{closure}(Object(Illuminate\\Http\\Request))
#45 /Users/evills/developer/AudazPOS/vendor/laravel/framework/src/Illuminate/Pipeline/Pipeline.php(180): Illuminate\\Cookie\\Middleware\\EncryptCookies->handle(Object(Illuminate\\Http\\Request), Object(Closure))
#46 /Users/evills/developer/AudazPOS/vendor/laravel/framework/src/Illuminate/Pipeline/Pipeline.php(116): Illuminate\\Pipeline\\Pipeline->Illuminate\\Pipeline\\{closure}(Object(Illuminate\\Http\\Request))
#47 /Users/evills/developer/AudazPOS/vendor/laravel/framework/src/Illuminate/Routing/Router.php(797): Illuminate\\Pipeline\\Pipeline->then(Object(Closure))
#48 /Users/evills/developer/AudazPOS/vendor/laravel/framework/src/Illuminate/Routing/Router.php(776): Illuminate\\Routing\\Router->runRouteWithinStack(Object(Illuminate\\Routing\\Route), Object(Illuminate\\Http\\Request))
#49 /Users/evills/developer/AudazPOS/vendor/laravel/framework/src/Illuminate/Routing/Router.php(740): Illuminate\\Routing\\Router->runRoute(Object(Illuminate\\Http\\Request), Object(Illuminate\\Routing\\Route))
#50 /Users/evills/developer/AudazPOS/vendor/laravel/framework/src/Illuminate/Routing/Router.php(729): Illuminate\\Routing\\Router->dispatchToRoute(Object(Illuminate\\Http\\Request))
#51 /Users/evills/developer/AudazPOS/vendor/laravel/framework/src/Illuminate/Foundation/Http/Kernel.php(190): Illuminate\\Routing\\Router->dispatch(Object(Illuminate\\Http\\Request))
#52 /Users/evills/developer/AudazPOS/vendor/laravel/framework/src/Illuminate/Pipeline/Pipeline.php(141): Illuminate\\Foundation\\Http\\Kernel->Illuminate\\Foundation\\Http\\{closure}(Object(Illuminate\\Http\\Request))
#53 /Users/evills/developer/AudazPOS/vendor/barryvdh/laravel-debugbar/src/Middleware/InjectDebugbar.php(59): Illuminate\\Pipeline\\Pipeline->Illuminate\\Pipeline\\{closure}(Object(Illuminate\\Http\\Request))
#54 /Users/evills/developer/AudazPOS/vendor/laravel/framework/src/Illuminate/Pipeline/Pipeline.php(180): Barryvdh\\Debugbar\\Middleware\\InjectDebugbar->handle(Object(Illuminate\\Http\\Request), Object(Closure))
#55 /Users/evills/developer/AudazPOS/vendor/laravel/framework/src/Illuminate/Foundation/Http/Middleware/TransformsRequest.php(21): Illuminate\\Pipeline\\Pipeline->Illuminate\\Pipeline\\{closure}(Object(Illuminate\\Http\\Request))
#56 /Users/evills/developer/AudazPOS/vendor/laravel/framework/src/Illuminate/Foundation/Http/Middleware/ConvertEmptyStringsToNull.php(31): Illuminate\\Foundation\\Http\\Middleware\\TransformsRequest->handle(Object(Illuminate\\Http\\Request), Object(Closure))
#57 /Users/evills/developer/AudazPOS/vendor/laravel/framework/src/Illuminate/Pipeline/Pipeline.php(180): Illuminate\\Foundation\\Http\\Middleware\\ConvertEmptyStringsToNull->handle(Object(Illuminate\\Http\\Request), Object(Closure))
#58 /Users/evills/developer/AudazPOS/vendor/laravel/framework/src/Illuminate/Foundation/Http/Middleware/TransformsRequest.php(21): Illuminate\\Pipeline\\Pipeline->Illuminate\\Pipeline\\{closure}(Object(Illuminate\\Http\\Request))
#59 /Users/evills/developer/AudazPOS/vendor/laravel/framework/src/Illuminate/Foundation/Http/Middleware/TrimStrings.php(40): Illuminate\\Foundation\\Http\\Middleware\\TransformsRequest->handle(Object(Illuminate\\Http\\Request), Object(Closure))
#60 /Users/evills/developer/AudazPOS/vendor/laravel/framework/src/Illuminate/Pipeline/Pipeline.php(180): Illuminate\\Foundation\\Http\\Middleware\\TrimStrings->handle(Object(Illuminate\\Http\\Request), Object(Closure))
#61 /Users/evills/developer/AudazPOS/vendor/laravel/framework/src/Illuminate/Foundation/Http/Middleware/ValidatePostSize.php(27): Illuminate\\Pipeline\\Pipeline->Illuminate\\Pipeline\\{closure}(Object(Illuminate\\Http\\Request))
#62 /Users/evills/developer/AudazPOS/vendor/laravel/framework/src/Illuminate/Pipeline/Pipeline.php(180): Illuminate\\Foundation\\Http\\Middleware\\ValidatePostSize->handle(Object(Illuminate\\Http\\Request), Object(Closure))
#63 /Users/evills/developer/AudazPOS/vendor/laravel/framework/src/Illuminate/Foundation/Http/Middleware/PreventRequestsDuringMaintenance.php(86): Illuminate\\Pipeline\\Pipeline->Illuminate\\Pipeline\\{closure}(Object(Illuminate\\Http\\Request))
#64 /Users/evills/developer/AudazPOS/vendor/laravel/framework/src/Illuminate/Pipeline/Pipeline.php(180): Illuminate\\Foundation\\Http\\Middleware\\PreventRequestsDuringMaintenance->handle(Object(Illuminate\\Http\\Request), Object(Closure))
#65 /Users/evills/developer/AudazPOS/vendor/laravel/framework/src/Illuminate/Http/Middleware/HandleCors.php(49): Illuminate\\Pipeline\\Pipeline->Illuminate\\Pipeline\\{closure}(Object(Illuminate\\Http\\Request))
#66 /Users/evills/developer/AudazPOS/vendor/laravel/framework/src/Illuminate/Pipeline/Pipeline.php(180): Illuminate\\Http\\Middleware\\HandleCors->handle(Object(Illuminate\\Http\\Request), Object(Closure))
#67 /Users/evills/developer/AudazPOS/vendor/laravel/framework/src/Illuminate/Http/Middleware/TrustProxies.php(39): Illuminate\\Pipeline\\Pipeline->Illuminate\\Pipeline\\{closure}(Object(Illuminate\\Http\\Request))
#68 /Users/evills/developer/AudazPOS/vendor/laravel/framework/src/Illuminate/Pipeline/Pipeline.php(180): Illuminate\\Http\\Middleware\\TrustProxies->handle(Object(Illuminate\\Http\\Request), Object(Closure))
#69 /Users/evills/developer/AudazPOS/vendor/laravel/framework/src/Illuminate/Pipeline/Pipeline.php(116): Illuminate\\Pipeline\\Pipeline->Illuminate\\Pipeline\\{closure}(Object(Illuminate\\Http\\Request))
#70 /Users/evills/developer/AudazPOS/vendor/laravel/framework/src/Illuminate/Foundation/Http/Kernel.php(165): Illuminate\\Pipeline\\Pipeline->then(Object(Closure))
#71 /Users/evills/developer/AudazPOS/vendor/laravel/framework/src/Illuminate/Foundation/Http/Kernel.php(134): Illuminate\\Foundation\\Http\\Kernel->sendRequestThroughRouter(Object(Illuminate\\Http\\Request))
#72 /Users/evills/developer/AudazPOS/public/index.php(51): Illuminate\\Foundation\\Http\\Kernel->handle(Object(Illuminate\\Http\\Request))
#73 /Applications/Herd.app/Contents/Resources/valet/server.php(167): require('/Users/evills/d...')
#74 {main}

[previous exception] [object] (Illuminate\\Database\\QueryException(code: 1049): SQLSTATE[HY000] [1049] Unknown database 'myposdb' (SQL: select `value`, `key` from `system` where `key` in (additional_js, additional_css)) at /Users/evills/developer/AudazPOS/vendor/laravel/framework/src/Illuminate/Database/Connection.php:760)
[stacktrace]
#0 /Users/evills/developer/AudazPOS/vendor/laravel/framework/src/Illuminate/Database/Connection.php(720): Illuminate\\Database\\Connection->runQueryCallback('select `value`,...', Array, Object(Closure))
#1 /Users/evills/developer/AudazPOS/vendor/laravel/framework/src/Illuminate/Database/Connection.php(405): Illuminate\\Database\\Connection->run('select `value`,...', Array, Object(Closure))
#2 /Users/evills/developer/AudazPOS/vendor/laravel/framework/src/Illuminate/Database/Query/Builder.php(2705): Illuminate\\Database\\Connection->select('select `value`,...', Array, true)
#3 /Users/evills/developer/AudazPOS/vendor/laravel/framework/src/Illuminate/Database/Query/Builder.php(2920): Illuminate\\Database\\Query\\Builder->runSelect()
#4 /Users/evills/developer/AudazPOS/vendor/laravel/framework/src/Illuminate/Database/Query/Builder.php(3230): Illuminate\\Database\\Query\\Builder->Illuminate\\Database\\Query\\{closure}()
#5 /Users/evills/developer/AudazPOS/vendor/laravel/framework/src/Illuminate/Database/Query/Builder.php(2916): Illuminate\\Database\\Query\\Builder->onceWithColumns(Array, Object(Closure))
#6 /Users/evills/developer/AudazPOS/vendor/laravel/framework/src/Illuminate/Database/Eloquent/Builder.php(860): Illuminate\\Database\\Query\\Builder->pluck('value', 'key')
#7 /Users/evills/developer/AudazPOS/app/System.php(58): Illuminate\\Database\\Eloquent\\Builder->pluck('value', 'key')
#8 /Users/evills/developer/AudazPOS/app/Providers/AppServiceProvider.php(99): App\\System::getProperties(Array, true)
#9 /Users/evills/developer/AudazPOS/vendor/laravel/framework/src/Illuminate/View/Concerns/ManagesEvents.php(162): App\\Providers\\AppServiceProvider->App\\Providers\\{closure}(Object(Illuminate\\View\\View))
#10 /Users/evills/developer/AudazPOS/vendor/laravel/framework/src/Illuminate/Events/Dispatcher.php(418): Illuminate\\View\\Factory->Illuminate\\View\\Concerns\\{closure}('composing: layo...', Array)
#11 /Users/evills/developer/AudazPOS/vendor/laravel/framework/src/Illuminate/Events/Dispatcher.php(249): Illuminate\\Events\\Dispatcher->Illuminate\\Events\\{closure}('composing: layo...', Array)
#12 /Users/evills/developer/AudazPOS/vendor/laravel/framework/src/Illuminate/View/Concerns/ManagesEvents.php(177): Illuminate\\Events\\Dispatcher->dispatch('composing: layo...', Array)
#13 /Users/evills/developer/AudazPOS/vendor/laravel/framework/src/Illuminate/View/View.php(176): Illuminate\\View\\Factory->callComposer(Object(Illuminate\\View\\View))
#14 /Users/evills/developer/AudazPOS/vendor/laravel/framework/src/Illuminate/View/View.php(147): Illuminate\\View\\View->renderContents()
#15 /Users/evills/developer/AudazPOS/storage/framework/views/1ccf6133b823725648c8fd2c3f82ead804f71f4a.php(18): Illuminate\\View\\View->render()
#16 /Users/evills/developer/AudazPOS/vendor/laravel/framework/src/Illuminate/Filesystem/Filesystem.php(109): require('/Users/evills/d...')
#17 /Users/evills/developer/AudazPOS/vendor/laravel/framework/src/Illuminate/Filesystem/Filesystem.php(110): Illuminate\\Filesystem\\Filesystem::Illuminate\\Filesystem\\{closure}()
#18 /Users/evills/developer/AudazPOS/vendor/laravel/framework/src/Illuminate/View/Engines/PhpEngine.php(58): Illuminate\\Filesystem\\Filesystem->getRequire('/Users/evills/d...', Array)
#19 /Users/evills/developer/AudazPOS/vendor/laravel/framework/src/Illuminate/View/Engines/CompilerEngine.php(70): Illuminate\\View\\Engines\\PhpEngine->evaluatePath('/Users/evills/d...', Array)
#20 /Users/evills/developer/AudazPOS/vendor/laravel/framework/src/Illuminate/View/View.php(195): Illuminate\\View\\Engines\\CompilerEngine->get('/Users/evills/d...', Array)
#21 /Users/evills/developer/AudazPOS/vendor/laravel/framework/src/Illuminate/View/View.php(178): Illuminate\\View\\View->getContents()
#22 /Users/evills/developer/AudazPOS/vendor/laravel/framework/src/Illuminate/View/View.php(147): Illuminate\\View\\View->renderContents()
#23 /Users/evills/developer/AudazPOS/vendor/laravel/framework/src/Illuminate/Http/Response.php(69): Illuminate\\View\\View->render()
#24 /Users/evills/developer/AudazPOS/vendor/laravel/framework/src/Illuminate/Http/Response.php(35): Illuminate\\Http\\Response->setContent(Object(Illuminate\\View\\View))
#25 /Users/evills/developer/AudazPOS/vendor/laravel/framework/src/Illuminate/Routing/Router.php(906): Illuminate\\Http\\Response->__construct(Object(Illuminate\\View\\View), 200, Array)
#26 /Users/evills/developer/AudazPOS/vendor/laravel/framework/src/Illuminate/Routing/Router.php(875): Illuminate\\Routing\\Router::toResponse(Object(Illuminate\\Http\\Request), Object(Illuminate\\View\\View))
#27 /Users/evills/developer/AudazPOS/vendor/laravel/framework/src/Illuminate/Routing/Router.php(797): Illuminate\\Routing\\Router->prepareResponse(Object(Illuminate\\Http\\Request), Object(Illuminate\\View\\View))
#28 /Users/evills/developer/AudazPOS/vendor/laravel/framework/src/Illuminate/Pipeline/Pipeline.php(141): Illuminate\\Routing\\Router->Illuminate\\Routing\\{closure}(Object(Illuminate\\Http\\Request))
#29 /Users/evills/developer/AudazPOS/app/Http/Middleware/IsInstalled.php(50): Illuminate\\Pipeline\\Pipeline->Illuminate\\Pipeline\\{closure}(Object(Illuminate\\Http\\Request))
#30 /Users/evills/developer/AudazPOS/vendor/laravel/framework/src/Illuminate/Pipeline/Pipeline.php(180): App\\Http\\Middleware\\IsInstalled->handle(Object(Illuminate\\Http\\Request), Object(Closure))
#31 /Users/evills/developer/AudazPOS/vendor/barryvdh/laravel-debugbar/src/Middleware/InjectDebugbar.php(59): Illuminate\\Pipeline\\Pipeline->Illuminate\\Pipeline\\{closure}(Object(Illuminate\\Http\\Request))
#32 /Users/evills/developer/AudazPOS/vendor/laravel/framework/src/Illuminate/Pipeline/Pipeline.php(180): Barryvdh\\Debugbar\\Middleware\\InjectDebugbar->handle(Object(Illuminate\\Http\\Request), Object(Closure))
#33 /Users/evills/developer/AudazPOS/vendor/laravel/framework/src/Illuminate/Routing/Middleware/SubstituteBindings.php(50): Illuminate\\Pipeline\\Pipeline->Illuminate\\Pipeline\\{closure}(Object(Illuminate\\Http\\Request))
#34 /Users/evills/developer/AudazPOS/vendor/laravel/framework/src/Illuminate/Pipeline/Pipeline.php(180): Illuminate\\Routing\\Middleware\\SubstituteBindings->handle(Object(Illuminate\\Http\\Request), Object(Closure))
#35 /Users/evills/developer/AudazPOS/vendor/laravel/framework/src/Illuminate/Foundation/Http/Middleware/VerifyCsrfToken.php(78): Illuminate\\Pipeline\\Pipeline->Illuminate\\Pipeline\\{closure}(Object(Illuminate\\Http\\Request))
#36 /Users/evills/developer/AudazPOS/vendor/laravel/framework/src/Illuminate/Pipeline/Pipeline.php(180): Illuminate\\Foundation\\Http\\Middleware\\VerifyCsrfToken->handle(Object(Illuminate\\Http\\Request), Object(Closure))
#37 /Users/evills/developer/AudazPOS/vendor/laravel/framework/src/Illuminate/View/Middleware/ShareErrorsFromSession.php(49): Illuminate\\Pipeline\\Pipeline->Illuminate\\Pipeline\\{closure}(Object(Illuminate\\Http\\Request))
#38 /Users/evills/developer/AudazPOS/vendor/laravel/framework/src/Illuminate/Pipeline/Pipeline.php(180): Illuminate\\View\\Middleware\\ShareErrorsFromSession->handle(Object(Illuminate\\Http\\Request), Object(Closure))
#39 /Users/evills/developer/AudazPOS/vendor/laravel/framework/src/Illuminate/Session/Middleware/StartSession.php(121): Illuminate\\Pipeline\\Pipeline->Illuminate\\Pipeline\\{closure}(Object(Illuminate\\Http\\Request))
#40 /Users/evills/developer/AudazPOS/vendor/laravel/framework/src/Illuminate/Session/Middleware/StartSession.php(64): Illuminate\\Session\\Middleware\\StartSession->handleStatefulRequest(Object(Illuminate\\Http\\Request), Object(Illuminate\\Session\\Store), Object(Closure))
#41 /Users/evills/developer/AudazPOS/vendor/laravel/framework/src/Illuminate/Pipeline/Pipeline.php(180): Illuminate\\Session\\Middleware\\StartSession->handle(Object(Illuminate\\Http\\Request), Object(Closure))
#42 /Users/evills/developer/AudazPOS/vendor/laravel/framework/src/Illuminate/Cookie/Middleware/AddQueuedCookiesToResponse.php(37): Illuminate\\Pipeline\\Pipeline->Illuminate\\Pipeline\\{closure}(Object(Illuminate\\Http\\Request))
#43 /Users/evills/developer/AudazPOS/vendor/laravel/framework/src/Illuminate/Pipeline/Pipeline.php(180): Illuminate\\Cookie\\Middleware\\AddQueuedCookiesToResponse->handle(Object(Illuminate\\Http\\Request), Object(Closure))
#44 /Users/evills/developer/AudazPOS/vendor/laravel/framework/src/Illuminate/Cookie/Middleware/EncryptCookies.php(67): Illuminate\\Pipeline\\Pipeline->Illuminate\\Pipeline\\{closure}(Object(Illuminate\\Http\\Request))
#45 /Users/evills/developer/AudazPOS/vendor/laravel/framework/src/Illuminate/Pipeline/Pipeline.php(180): Illuminate\\Cookie\\Middleware\\EncryptCookies->handle(Object(Illuminate\\Http\\Request), Object(Closure))
#46 /Users/evills/developer/AudazPOS/vendor/laravel/framework/src/Illuminate/Pipeline/Pipeline.php(116): Illuminate\\Pipeline\\Pipeline->Illuminate\\Pipeline\\{closure}(Object(Illuminate\\Http\\Request))
#47 /Users/evills/developer/AudazPOS/vendor/laravel/framework/src/Illuminate/Routing/Router.php(797): Illuminate\\Pipeline\\Pipeline->then(Object(Closure))
#48 /Users/evills/developer/AudazPOS/vendor/laravel/framework/src/Illuminate/Routing/Router.php(776): Illuminate\\Routing\\Router->runRouteWithinStack(Object(Illuminate\\Routing\\Route), Object(Illuminate\\Http\\Request))
#49 /Users/evills/developer/AudazPOS/vendor/laravel/framework/src/Illuminate/Routing/Router.php(740): Illuminate\\Routing\\Router->runRoute(Object(Illuminate\\Http\\Request), Object(Illuminate\\Routing\\Route))
#50 /Users/evills/developer/AudazPOS/vendor/laravel/framework/src/Illuminate/Routing/Router.php(729): Illuminate\\Routing\\Router->dispatchToRoute(Object(Illuminate\\Http\\Request))
#51 /Users/evills/developer/AudazPOS/vendor/laravel/framework/src/Illuminate/Foundation/Http/Kernel.php(190): Illuminate\\Routing\\Router->dispatch(Object(Illuminate\\Http\\Request))
#52 /Users/evills/developer/AudazPOS/vendor/laravel/framework/src/Illuminate/Pipeline/Pipeline.php(141): Illuminate\\Foundation\\Http\\Kernel->Illuminate\\Foundation\\Http\\{closure}(Object(Illuminate\\Http\\Request))
#53 /Users/evills/developer/AudazPOS/vendor/barryvdh/laravel-debugbar/src/Middleware/InjectDebugbar.php(59): Illuminate\\Pipeline\\Pipeline->Illuminate\\Pipeline\\{closure}(Object(Illuminate\\Http\\Request))
#54 /Users/evills/developer/AudazPOS/vendor/laravel/framework/src/Illuminate/Pipeline/Pipeline.php(180): Barryvdh\\Debugbar\\Middleware\\InjectDebugbar->handle(Object(Illuminate\\Http\\Request), Object(Closure))
#55 /Users/evills/developer/AudazPOS/vendor/laravel/framework/src/Illuminate/Foundation/Http/Middleware/TransformsRequest.php(21): Illuminate\\Pipeline\\Pipeline->Illuminate\\Pipeline\\{closure}(Object(Illuminate\\Http\\Request))
#56 /Users/evills/developer/AudazPOS/vendor/laravel/framework/src/Illuminate/Foundation/Http/Middleware/ConvertEmptyStringsToNull.php(31): Illuminate\\Foundation\\Http\\Middleware\\TransformsRequest->handle(Object(Illuminate\\Http\\Request), Object(Closure))
#57 /Users/evills/developer/AudazPOS/vendor/laravel/framework/src/Illuminate/Pipeline/Pipeline.php(180): Illuminate\\Foundation\\Http\\Middleware\\ConvertEmptyStringsToNull->handle(Object(Illuminate\\Http\\Request), Object(Closure))
#58 /Users/evills/developer/AudazPOS/vendor/laravel/framework/src/Illuminate/Foundation/Http/Middleware/TransformsRequest.php(21): Illuminate\\Pipeline\\Pipeline->Illuminate\\Pipeline\\{closure}(Object(Illuminate\\Http\\Request))
#59 /Users/evills/developer/AudazPOS/vendor/laravel/framework/src/Illuminate/Foundation/Http/Middleware/TrimStrings.php(40): Illuminate\\Foundation\\Http\\Middleware\\TransformsRequest->handle(Object(Illuminate\\Http\\Request), Object(Closure))
#60 /Users/evills/developer/AudazPOS/vendor/laravel/framework/src/Illuminate/Pipeline/Pipeline.php(180): Illuminate\\Foundation\\Http\\Middleware\\TrimStrings->handle(Object(Illuminate\\Http\\Request), Object(Closure))
#61 /Users/evills/developer/AudazPOS/vendor/laravel/framework/src/Illuminate/Foundation/Http/Middleware/ValidatePostSize.php(27): Illuminate\\Pipeline\\Pipeline->Illuminate\\Pipeline\\{closure}(Object(Illuminate\\Http\\Request))
#62 /Users/evills/developer/AudazPOS/vendor/laravel/framework/src/Illuminate/Pipeline/Pipeline.php(180): Illuminate\\Foundation\\Http\\Middleware\\ValidatePostSize->handle(Object(Illuminate\\Http\\Request), Object(Closure))
#63 /Users/evills/developer/AudazPOS/vendor/laravel/framework/src/Illuminate/Foundation/Http/Middleware/PreventRequestsDuringMaintenance.php(86): Illuminate\\Pipeline\\Pipeline->Illuminate\\Pipeline\\{closure}(Object(Illuminate\\Http\\Request))
#64 /Users/evills/developer/AudazPOS/vendor/laravel/framework/src/Illuminate/Pipeline/Pipeline.php(180): Illuminate\\Foundation\\Http\\Middleware\\PreventRequestsDuringMaintenance->handle(Object(Illuminate\\Http\\Request), Object(Closure))
#65 /Users/evills/developer/AudazPOS/vendor/laravel/framework/src/Illuminate/Http/Middleware/HandleCors.php(49): Illuminate\\Pipeline\\Pipeline->Illuminate\\Pipeline\\{closure}(Object(Illuminate\\Http\\Request))
#66 /Users/evills/developer/AudazPOS/vendor/laravel/framework/src/Illuminate/Pipeline/Pipeline.php(180): Illuminate\\Http\\Middleware\\HandleCors->handle(Object(Illuminate\\Http\\Request), Object(Closure))
#67 /Users/evills/developer/AudazPOS/vendor/laravel/framework/src/Illuminate/Http/Middleware/TrustProxies.php(39): Illuminate\\Pipeline\\Pipeline->Illuminate\\Pipeline\\{closure}(Object(Illuminate\\Http\\Request))
#68 /Users/evills/developer/AudazPOS/vendor/laravel/framework/src/Illuminate/Pipeline/Pipeline.php(180): Illuminate\\Http\\Middleware\\TrustProxies->handle(Object(Illuminate\\Http\\Request), Object(Closure))
#69 /Users/evills/developer/AudazPOS/vendor/laravel/framework/src/Illuminate/Pipeline/Pipeline.php(116): Illuminate\\Pipeline\\Pipeline->Illuminate\\Pipeline\\{closure}(Object(Illuminate\\Http\\Request))
#70 /Users/evills/developer/AudazPOS/vendor/laravel/framework/src/Illuminate/Foundation/Http/Kernel.php(165): Illuminate\\Pipeline\\Pipeline->then(Object(Closure))
#71 /Users/evills/developer/AudazPOS/vendor/laravel/framework/src/Illuminate/Foundation/Http/Kernel.php(134): Illuminate\\Foundation\\Http\\Kernel->sendRequestThroughRouter(Object(Illuminate\\Http\\Request))
#72 /Users/evills/developer/AudazPOS/public/index.php(51): Illuminate\\Foundation\\Http\\Kernel->handle(Object(Illuminate\\Http\\Request))
#73 /Applications/Herd.app/Contents/Resources/valet/server.php(167): require('/Users/evills/d...')
#74 {main}

[previous exception] [object] (PDOException(code: 1049): SQLSTATE[HY000] [1049] Unknown database 'myposdb' at /Users/evills/developer/AudazPOS/vendor/laravel/framework/src/Illuminate/Database/Connectors/Connector.php:70)
[stacktrace]
#0 /Users/evills/developer/AudazPOS/vendor/laravel/framework/src/Illuminate/Database/Connectors/Connector.php(70): PDO->__construct('mysql:host=127....', 'root', Object(SensitiveParameterValue), Array)
#1 /Users/evills/developer/AudazPOS/vendor/laravel/framework/src/Illuminate/Database/Connectors/Connector.php(45): Illuminate\\Database\\Connectors\\Connector->createPdoConnection('mysql:host=127....', 'root', '', Array)
#2 /Users/evills/developer/AudazPOS/vendor/laravel/framework/src/Illuminate/Database/Connectors/MySqlConnector.php(24): Illuminate\\Database\\Connectors\\Connector->createConnection('mysql:host=127....', Array, Array)
#3 /Users/evills/developer/AudazPOS/vendor/laravel/framework/src/Illuminate/Database/Connectors/ConnectionFactory.php(184): Illuminate\\Database\\Connectors\\MySqlConnector->connect(Array)
#4 [internal function]: Illuminate\\Database\\Connectors\\ConnectionFactory->Illuminate\\Database\\Connectors\\{closure}()
#5 /Users/evills/developer/AudazPOS/vendor/laravel/framework/src/Illuminate/Database/Connection.php(1181): call_user_func(Object(Closure))
#6 /Users/evills/developer/AudazPOS/vendor/laravel/framework/src/Illuminate/Database/Connection.php(1217): Illuminate\\Database\\Connection->getPdo()
#7 /Users/evills/developer/AudazPOS/vendor/laravel/framework/src/Illuminate/Database/Connection.php(486): Illuminate\\Database\\Connection->getReadPdo()
#8 /Users/evills/developer/AudazPOS/vendor/laravel/framework/src/Illuminate/Database/Connection.php(414): Illuminate\\Database\\Connection->getPdoForSelect(true)
#9 /Users/evills/developer/AudazPOS/vendor/laravel/framework/src/Illuminate/Database/Connection.php(753): Illuminate\\Database\\Connection->Illuminate\\Database\\{closure}('select `value`,...', Array)
#10 /Users/evills/developer/AudazPOS/vendor/laravel/framework/src/Illuminate/Database/Connection.php(720): Illuminate\\Database\\Connection->runQueryCallback('select `value`,...', Array, Object(Closure))
#11 /Users/evills/developer/AudazPOS/vendor/laravel/framework/src/Illuminate/Database/Connection.php(405): Illuminate\\Database\\Connection->run('select `value`,...', Array, Object(Closure))
#12 /Users/evills/developer/AudazPOS/vendor/laravel/framework/src/Illuminate/Database/Query/Builder.php(2705): Illuminate\\Database\\Connection->select('select `value`,...', Array, true)
#13 /Users/evills/developer/AudazPOS/vendor/laravel/framework/src/Illuminate/Database/Query/Builder.php(2920): Illuminate\\Database\\Query\\Builder->runSelect()
#14 /Users/evills/developer/AudazPOS/vendor/laravel/framework/src/Illuminate/Database/Query/Builder.php(3230): Illuminate\\Database\\Query\\Builder->Illuminate\\Database\\Query\\{closure}()
#15 /Users/evills/developer/AudazPOS/vendor/laravel/framework/src/Illuminate/Database/Query/Builder.php(2916): Illuminate\\Database\\Query\\Builder->onceWithColumns(Array, Object(Closure))
#16 /Users/evills/developer/AudazPOS/vendor/laravel/framework/src/Illuminate/Database/Eloquent/Builder.php(860): Illuminate\\Database\\Query\\Builder->pluck('value', 'key')
#17 /Users/evills/developer/AudazPOS/app/System.php(58): Illuminate\\Database\\Eloquent\\Builder->pluck('value', 'key')
#18 /Users/evills/developer/AudazPOS/app/Providers/AppServiceProvider.php(99): App\\System::getProperties(Array, true)
#19 /Users/evills/developer/AudazPOS/vendor/laravel/framework/src/Illuminate/View/Concerns/ManagesEvents.php(162): App\\Providers\\AppServiceProvider->App\\Providers\\{closure}(Object(Illuminate\\View\\View))
#20 /Users/evills/developer/AudazPOS/vendor/laravel/framework/src/Illuminate/Events/Dispatcher.php(418): Illuminate\\View\\Factory->Illuminate\\View\\Concerns\\{closure}('composing: layo...', Array)
#21 /Users/evills/developer/AudazPOS/vendor/laravel/framework/src/Illuminate/Events/Dispatcher.php(249): Illuminate\\Events\\Dispatcher->Illuminate\\Events\\{closure}('composing: layo...', Array)
#22 /Users/evills/developer/AudazPOS/vendor/laravel/framework/src/Illuminate/View/Concerns/ManagesEvents.php(177): Illuminate\\Events\\Dispatcher->dispatch('composing: layo...', Array)
#23 /Users/evills/developer/AudazPOS/vendor/laravel/framework/src/Illuminate/View/View.php(176): Illuminate\\View\\Factory->callComposer(Object(Illuminate\\View\\View))
#24 /Users/evills/developer/AudazPOS/vendor/laravel/framework/src/Illuminate/View/View.php(147): Illuminate\\View\\View->renderContents()
#25 /Users/evills/developer/AudazPOS/storage/framework/views/1ccf6133b823725648c8fd2c3f82ead804f71f4a.php(18): Illuminate\\View\\View->render()
#26 /Users/evills/developer/AudazPOS/vendor/laravel/framework/src/Illuminate/Filesystem/Filesystem.php(109): require('/Users/evills/d...')
#27 /Users/evills/developer/AudazPOS/vendor/laravel/framework/src/Illuminate/Filesystem/Filesystem.php(110): Illuminate\\Filesystem\\Filesystem::Illuminate\\Filesystem\\{closure}()
#28 /Users/evills/developer/AudazPOS/vendor/laravel/framework/src/Illuminate/View/Engines/PhpEngine.php(58): Illuminate\\Filesystem\\Filesystem->getRequire('/Users/evills/d...', Array)
#29 /Users/evills/developer/AudazPOS/vendor/laravel/framework/src/Illuminate/View/Engines/CompilerEngine.php(70): Illuminate\\View\\Engines\\PhpEngine->evaluatePath('/Users/evills/d...', Array)
#30 /Users/evills/developer/AudazPOS/vendor/laravel/framework/src/Illuminate/View/View.php(195): Illuminate\\View\\Engines\\CompilerEngine->get('/Users/evills/d...', Array)
#31 /Users/evills/developer/AudazPOS/vendor/laravel/framework/src/Illuminate/View/View.php(178): Illuminate\\View\\View->getContents()
#32 /Users/evills/developer/AudazPOS/vendor/laravel/framework/src/Illuminate/View/View.php(147): Illuminate\\View\\View->renderContents()
#33 /Users/evills/developer/AudazPOS/vendor/laravel/framework/src/Illuminate/Http/Response.php(69): Illuminate\\View\\View->render()
#34 /Users/evills/developer/AudazPOS/vendor/laravel/framework/src/Illuminate/Http/Response.php(35): Illuminate\\Http\\Response->setContent(Object(Illuminate\\View\\View))
#35 /Users/evills/developer/AudazPOS/vendor/laravel/framework/src/Illuminate/Routing/Router.php(906): Illuminate\\Http\\Response->__construct(Object(Illuminate\\View\\View), 200, Array)
#36 /Users/evills/developer/AudazPOS/vendor/laravel/framework/src/Illuminate/Routing/Router.php(875): Illuminate\\Routing\\Router::toResponse(Object(Illuminate\\Http\\Request), Object(Illuminate\\View\\View))
#37 /Users/evills/developer/AudazPOS/vendor/laravel/framework/src/Illuminate/Routing/Router.php(797): Illuminate\\Routing\\Router->prepareResponse(Object(Illuminate\\Http\\Request), Object(Illuminate\\View\\View))
#38 /Users/evills/developer/AudazPOS/vendor/laravel/framework/src/Illuminate/Pipeline/Pipeline.php(141): Illuminate\\Routing\\Router->Illuminate\\Routing\\{closure}(Object(Illuminate\\Http\\Request))
#39 /Users/evills/developer/AudazPOS/app/Http/Middleware/IsInstalled.php(50): Illuminate\\Pipeline\\Pipeline->Illuminate\\Pipeline\\{closure}(Object(Illuminate\\Http\\Request))
#40 /Users/evills/developer/AudazPOS/vendor/laravel/framework/src/Illuminate/Pipeline/Pipeline.php(180): App\\Http\\Middleware\\IsInstalled->handle(Object(Illuminate\\Http\\Request), Object(Closure))
#41 /Users/evills/developer/AudazPOS/vendor/barryvdh/laravel-debugbar/src/Middleware/InjectDebugbar.php(59): Illuminate\\Pipeline\\Pipeline->Illuminate\\Pipeline\\{closure}(Object(Illuminate\\Http\\Request))
#42 /Users/evills/developer/AudazPOS/vendor/laravel/framework/src/Illuminate/Pipeline/Pipeline.php(180): Barryvdh\\Debugbar\\Middleware\\InjectDebugbar->handle(Object(Illuminate\\Http\\Request), Object(Closure))
#43 /Users/evills/developer/AudazPOS/vendor/laravel/framework/src/Illuminate/Routing/Middleware/SubstituteBindings.php(50): Illuminate\\Pipeline\\Pipeline->Illuminate\\Pipeline\\{closure}(Object(Illuminate\\Http\\Request))
#44 /Users/evills/developer/AudazPOS/vendor/laravel/framework/src/Illuminate/Pipeline/Pipeline.php(180): Illuminate\\Routing\\Middleware\\SubstituteBindings->handle(Object(Illuminate\\Http\\Request), Object(Closure))
#45 /Users/evills/developer/AudazPOS/vendor/laravel/framework/src/Illuminate/Foundation/Http/Middleware/VerifyCsrfToken.php(78): Illuminate\\Pipeline\\Pipeline->Illuminate\\Pipeline\\{closure}(Object(Illuminate\\Http\\Request))
#46 /Users/evills/developer/AudazPOS/vendor/laravel/framework/src/Illuminate/Pipeline/Pipeline.php(180): Illuminate\\Foundation\\Http\\Middleware\\VerifyCsrfToken->handle(Object(Illuminate\\Http\\Request), Object(Closure))
#47 /Users/evills/developer/AudazPOS/vendor/laravel/framework/src/Illuminate/View/Middleware/ShareErrorsFromSession.php(49): Illuminate\\Pipeline\\Pipeline->Illuminate\\Pipeline\\{closure}(Object(Illuminate\\Http\\Request))
#48 /Users/evills/developer/AudazPOS/vendor/laravel/framework/src/Illuminate/Pipeline/Pipeline.php(180): Illuminate\\View\\Middleware\\ShareErrorsFromSession->handle(Object(Illuminate\\Http\\Request), Object(Closure))
#49 /Users/evills/developer/AudazPOS/vendor/laravel/framework/src/Illuminate/Session/Middleware/StartSession.php(121): Illuminate\\Pipeline\\Pipeline->Illuminate\\Pipeline\\{closure}(Object(Illuminate\\Http\\Request))
#50 /Users/evills/developer/AudazPOS/vendor/laravel/framework/src/Illuminate/Session/Middleware/StartSession.php(64): Illuminate\\Session\\Middleware\\StartSession->handleStatefulRequest(Object(Illuminate\\Http\\Request), Object(Illuminate\\Session\\Store), Object(Closure))
#51 /Users/evills/developer/AudazPOS/vendor/laravel/framework/src/Illuminate/Pipeline/Pipeline.php(180): Illuminate\\Session\\Middleware\\StartSession->handle(Object(Illuminate\\Http\\Request), Object(Closure))
#52 /Users/evills/developer/AudazPOS/vendor/laravel/framework/src/Illuminate/Cookie/Middleware/AddQueuedCookiesToResponse.php(37): Illuminate\\Pipeline\\Pipeline->Illuminate\\Pipeline\\{closure}(Object(Illuminate\\Http\\Request))
#53 /Users/evills/developer/AudazPOS/vendor/laravel/framework/src/Illuminate/Pipeline/Pipeline.php(180): Illuminate\\Cookie\\Middleware\\AddQueuedCookiesToResponse->handle(Object(Illuminate\\Http\\Request), Object(Closure))
#54 /Users/evills/developer/AudazPOS/vendor/laravel/framework/src/Illuminate/Cookie/Middleware/EncryptCookies.php(67): Illuminate\\Pipeline\\Pipeline->Illuminate\\Pipeline\\{closure}(Object(Illuminate\\Http\\Request))
#55 /Users/evills/developer/AudazPOS/vendor/laravel/framework/src/Illuminate/Pipeline/Pipeline.php(180): Illuminate\\Cookie\\Middleware\\EncryptCookies->handle(Object(Illuminate\\Http\\Request), Object(Closure))
#56 /Users/evills/developer/AudazPOS/vendor/laravel/framework/src/Illuminate/Pipeline/Pipeline.php(116): Illuminate\\Pipeline\\Pipeline->Illuminate\\Pipeline\\{closure}(Object(Illuminate\\Http\\Request))
#57 /Users/evills/developer/AudazPOS/vendor/laravel/framework/src/Illuminate/Routing/Router.php(797): Illuminate\\Pipeline\\Pipeline->then(Object(Closure))
#58 /Users/evills/developer/AudazPOS/vendor/laravel/framework/src/Illuminate/Routing/Router.php(776): Illuminate\\Routing\\Router->runRouteWithinStack(Object(Illuminate\\Routing\\Route), Object(Illuminate\\Http\\Request))
#59 /Users/evills/developer/AudazPOS/vendor/laravel/framework/src/Illuminate/Routing/Router.php(740): Illuminate\\Routing\\Router->runRoute(Object(Illuminate\\Http\\Request), Object(Illuminate\\Routing\\Route))
#60 /Users/evills/developer/AudazPOS/vendor/laravel/framework/src/Illuminate/Routing/Router.php(729): Illuminate\\Routing\\Router->dispatchToRoute(Object(Illuminate\\Http\\Request))
#61 /Users/evills/developer/AudazPOS/vendor/laravel/framework/src/Illuminate/Foundation/Http/Kernel.php(190): Illuminate\\Routing\\Router->dispatch(Object(Illuminate\\Http\\Request))
#62 /Users/evills/developer/AudazPOS/vendor/laravel/framework/src/Illuminate/Pipeline/Pipeline.php(141): Illuminate\\Foundation\\Http\\Kernel->Illuminate\\Foundation\\Http\\{closure}(Object(Illuminate\\Http\\Request))
#63 /Users/evills/developer/AudazPOS/vendor/barryvdh/laravel-debugbar/src/Middleware/InjectDebugbar.php(59): Illuminate\\Pipeline\\Pipeline->Illuminate\\Pipeline\\{closure}(Object(Illuminate\\Http\\Request))
#64 /Users/evills/developer/AudazPOS/vendor/laravel/framework/src/Illuminate/Pipeline/Pipeline.php(180): Barryvdh\\Debugbar\\Middleware\\InjectDebugbar->handle(Object(Illuminate\\Http\\Request), Object(Closure))
#65 /Users/evills/developer/AudazPOS/vendor/laravel/framework/src/Illuminate/Foundation/Http/Middleware/TransformsRequest.php(21): Illuminate\\Pipeline\\Pipeline->Illuminate\\Pipeline\\{closure}(Object(Illuminate\\Http\\Request))
#66 /Users/evills/developer/AudazPOS/vendor/laravel/framework/src/Illuminate/Foundation/Http/Middleware/ConvertEmptyStringsToNull.php(31): Illuminate\\Foundation\\Http\\Middleware\\TransformsRequest->handle(Object(Illuminate\\Http\\Request), Object(Closure))
#67 /Users/evills/developer/AudazPOS/vendor/laravel/framework/src/Illuminate/Pipeline/Pipeline.php(180): Illuminate\\Foundation\\Http\\Middleware\\ConvertEmptyStringsToNull->handle(Object(Illuminate\\Http\\Request), Object(Closure))
#68 /Users/evills/developer/AudazPOS/vendor/laravel/framework/src/Illuminate/Foundation/Http/Middleware/TransformsRequest.php(21): Illuminate\\Pipeline\\Pipeline->Illuminate\\Pipeline\\{closure}(Object(Illuminate\\Http\\Request))
#69 /Users/evills/developer/AudazPOS/vendor/laravel/framework/src/Illuminate/Foundation/Http/Middleware/TrimStrings.php(40): Illuminate\\Foundation\\Http\\Middleware\\TransformsRequest->handle(Object(Illuminate\\Http\\Request), Object(Closure))
#70 /Users/evills/developer/AudazPOS/vendor/laravel/framework/src/Illuminate/Pipeline/Pipeline.php(180): Illuminate\\Foundation\\Http\\Middleware\\TrimStrings->handle(Object(Illuminate\\Http\\Request), Object(Closure))
#71 /Users/evills/developer/AudazPOS/vendor/laravel/framework/src/Illuminate/Foundation/Http/Middleware/ValidatePostSize.php(27): Illuminate\\Pipeline\\Pipeline->Illuminate\\Pipeline\\{closure}(Object(Illuminate\\Http\\Request))
#72 /Users/evills/developer/AudazPOS/vendor/laravel/framework/src/Illuminate/Pipeline/Pipeline.php(180): Illuminate\\Foundation\\Http\\Middleware\\ValidatePostSize->handle(Object(Illuminate\\Http\\Request), Object(Closure))
#73 /Users/evills/developer/AudazPOS/vendor/laravel/framework/src/Illuminate/Foundation/Http/Middleware/PreventRequestsDuringMaintenance.php(86): Illuminate\\Pipeline\\Pipeline->Illuminate\\Pipeline\\{closure}(Object(Illuminate\\Http\\Request))
#74 /Users/evills/developer/AudazPOS/vendor/laravel/framework/src/Illuminate/Pipeline/Pipeline.php(180): Illuminate\\Foundation\\Http\\Middleware\\PreventRequestsDuringMaintenance->handle(Object(Illuminate\\Http\\Request), Object(Closure))
#75 /Users/evills/developer/AudazPOS/vendor/laravel/framework/src/Illuminate/Http/Middleware/HandleCors.php(49): Illuminate\\Pipeline\\Pipeline->Illuminate\\Pipeline\\{closure}(Object(Illuminate\\Http\\Request))
#76 /Users/evills/developer/AudazPOS/vendor/laravel/framework/src/Illuminate/Pipeline/Pipeline.php(180): Illuminate\\Http\\Middleware\\HandleCors->handle(Object(Illuminate\\Http\\Request), Object(Closure))
#77 /Users/evills/developer/AudazPOS/vendor/laravel/framework/src/Illuminate/Http/Middleware/TrustProxies.php(39): Illuminate\\Pipeline\\Pipeline->Illuminate\\Pipeline\\{closure}(Object(Illuminate\\Http\\Request))
#78 /Users/evills/developer/AudazPOS/vendor/laravel/framework/src/Illuminate/Pipeline/Pipeline.php(180): Illuminate\\Http\\Middleware\\TrustProxies->handle(Object(Illuminate\\Http\\Request), Object(Closure))
#79 /Users/evills/developer/AudazPOS/vendor/laravel/framework/src/Illuminate/Pipeline/Pipeline.php(116): Illuminate\\Pipeline\\Pipeline->Illuminate\\Pipeline\\{closure}(Object(Illuminate\\Http\\Request))
#80 /Users/evills/developer/AudazPOS/vendor/laravel/framework/src/Illuminate/Foundation/Http/Kernel.php(165): Illuminate\\Pipeline\\Pipeline->then(Object(Closure))
#81 /Users/evills/developer/AudazPOS/vendor/laravel/framework/src/Illuminate/Foundation/Http/Kernel.php(134): Illuminate\\Foundation\\Http\\Kernel->sendRequestThroughRouter(Object(Illuminate\\Http\\Request))
#82 /Users/evills/developer/AudazPOS/public/index.php(51): Illuminate\\Foundation\\Http\\Kernel->handle(Object(Illuminate\\Http\\Request))
#83 /Applications/Herd.app/Contents/Resources/valet/server.php(167): require('/Users/evills/d...')
#84 {main}
"} 
