[2026-01-11 00:03:26] local.ERROR: Uncaught ReflectionException: Class "App\Policies\ModelPolicy" does not exist in Command line code:1
Stack trace:
#0 Command line code(1): ReflectionClass->__construct('App\\Policies\\Mo...')
#1 [internal function]: {closure}('App\\Policies\\Mo...', 'App\\Model')
#2 Command line code(1): array_map(Object(Closure), Array, Array)
#3 {main}
  thrown {"exception":"[object] (Symfony\\Component\\ErrorHandler\\Error\\FatalError(code: 0): Uncaught ReflectionException: Class \"App\\Policies\\ModelPolicy\" does not exist in Command line code:1
Stack trace:
#0 Command line code(1): ReflectionClass->__construct('App\\\\Policies\\\\Mo...')
#1 [internal function]: {closure}('App\\\\Policies\\\\Mo...', 'App\\\\Model')
#2 Command line code(1): array_map(Object(Closure), Array, Array)
#3 {main}
  thrown at Command line code:1)
[stacktrace]
#0 {main}
"} 
[2026-01-11 00:04:26] local.ERROR: Uncaught ReflectionException: Class "App\Policies\ModelPolicy" does not exist in Command line code:1
Stack trace:
#0 Command line code(1): ReflectionClass->__construct('App\\Policies\\Mo...')
#1 [internal function]: {closure}('App\\Policies\\Mo...', 'App\\Model')
#2 Command line code(1): array_map(Object(Closure), Array, Array)
#3 {main}
  thrown {"exception":"[object] (Symfony\\Component\\ErrorHandler\\Error\\FatalError(code: 0): Uncaught ReflectionException: Class \"App\\Policies\\ModelPolicy\" does not exist in Command line code:1
Stack trace:
#0 Command line code(1): ReflectionClass->__construct('App\\\\Policies\\\\Mo...')
#1 [internal function]: {closure}('App\\\\Policies\\\\Mo...', 'App\\\\Model')
#2 Command line code(1): array_map(Object(Closure), Array, Array)
#3 {main}
  thrown at Command line code:1)
[stacktrace]
#0 {main}
"} 
[2026-01-11 00:05:26] local.ERROR: Uncaught ReflectionException: Class "App\Policies\ModelPolicy" does not exist in Command line code:1
Stack trace:
#0 Command line code(1): ReflectionClass->__construct('App\\Policies\\Mo...')
#1 [internal function]: {closure}('App\\Policies\\Mo...', 'App\\Model')
#2 Command line code(1): array_map(Object(Closure), Array, Array)
#3 {main}
  thrown {"exception":"[object] (Symfony\\Component\\ErrorHandler\\Error\\FatalError(code: 0): Uncaught ReflectionException: Class \"App\\Policies\\ModelPolicy\" does not exist in Command line code:1
Stack trace:
#0 Command line code(1): ReflectionClass->__construct('App\\\\Policies\\\\Mo...')
#1 [internal function]: {closure}('App\\\\Policies\\\\Mo...', 'App\\\\Model')
#2 Command line code(1): array_map(Object(Closure), Array, Array)
#3 {main}
  thrown at Command line code:1)
[stacktrace]
#0 {main}
"} 
[2026-01-11 00:06:26] local.ERROR: Uncaught ReflectionException: Class "App\Policies\ModelPolicy" does not exist in Command line code:1
Stack trace:
#0 Command line code(1): ReflectionClass->__construct('App\\Policies\\Mo...')
#1 [internal function]: {closure}('App\\Policies\\Mo...', 'App\\Model')
#2 Command line code(1): array_map(Object(Closure), Array, Array)
#3 {main}
  thrown {"exception":"[object] (Symfony\\Component\\ErrorHandler\\Error\\FatalError(code: 0): Uncaught ReflectionException: Class \"App\\Policies\\ModelPolicy\" does not exist in Command line code:1
Stack trace:
#0 Command line code(1): ReflectionClass->__construct('App\\\\Policies\\\\Mo...')
#1 [internal function]: {closure}('App\\\\Policies\\\\Mo...', 'App\\\\Model')
#2 Command line code(1): array_map(Object(Closure), Array, Array)
#3 {main}
  thrown at Command line code:1)
[stacktrace]
#0 {main}
"} 
[2026-01-11 00:07:26] local.ERROR: Uncaught ReflectionException: Class "App\Policies\ModelPolicy" does not exist in Command line code:1
Stack trace:
#0 Command line code(1): ReflectionClass->__construct('App\\Policies\\Mo...')
#1 [internal function]: {closure}('App\\Policies\\Mo...', 'App\\Model')
#2 Command line code(1): array_map(Object(Closure), Array, Array)
#3 {main}
  thrown {"exception":"[object] (Symfony\\Component\\ErrorHandler\\Error\\FatalError(code: 0): Uncaught ReflectionException: Class \"App\\Policies\\ModelPolicy\" does not exist in Command line code:1
Stack trace:
#0 Command line code(1): ReflectionClass->__construct('App\\\\Policies\\\\Mo...')
#1 [internal function]: {closure}('App\\\\Policies\\\\Mo...', 'App\\\\Model')
#2 Command line code(1): array_map(Object(Closure), Array, Array)
#3 {main}
  thrown at Command line code:1)
[stacktrace]
#0 {main}
"} 
[2026-01-11 00:08:26] local.ERROR: Uncaught ReflectionException: Class "App\Policies\ModelPolicy" does not exist in Command line code:1
Stack trace:
#0 Command line code(1): ReflectionClass->__construct('App\\Policies\\Mo...')
#1 [internal function]: {closure}('App\\Policies\\Mo...', 'App\\Model')
#2 Command line code(1): array_map(Object(Closure), Array, Array)
#3 {main}
  thrown {"exception":"[object] (Symfony\\Component\\ErrorHandler\\Error\\FatalError(code: 0): Uncaught ReflectionException: Class \"App\\Policies\\ModelPolicy\" does not exist in Command line code:1
Stack trace:
#0 Command line code(1): ReflectionClass->__construct('App\\\\Policies\\\\Mo...')
#1 [internal function]: {closure}('App\\\\Policies\\\\Mo...', 'App\\\\Model')
#2 Command line code(1): array_map(Object(Closure), Array, Array)
#3 {main}
  thrown at Command line code:1)
[stacktrace]
#0 {main}
"} 
[2026-01-11 00:09:26] local.ERROR: Uncaught ReflectionException: Class "App\Policies\ModelPolicy" does not exist in Command line code:1
Stack trace:
#0 Command line code(1): ReflectionClass->__construct('App\\Policies\\Mo...')
#1 [internal function]: {closure}('App\\Policies\\Mo...', 'App\\Model')
#2 Command line code(1): array_map(Object(Closure), Array, Array)
#3 {main}
  thrown {"exception":"[object] (Symfony\\Component\\ErrorHandler\\Error\\FatalError(code: 0): Uncaught ReflectionException: Class \"App\\Policies\\ModelPolicy\" does not exist in Command line code:1
Stack trace:
#0 Command line code(1): ReflectionClass->__construct('App\\\\Policies\\\\Mo...')
#1 [internal function]: {closure}('App\\\\Policies\\\\Mo...', 'App\\\\Model')
#2 Command line code(1): array_map(Object(Closure), Array, Array)
#3 {main}
  thrown at Command line code:1)
[stacktrace]
#0 {main}
"} 
[2026-01-11 00:10:26] local.ERROR: Uncaught ReflectionException: Class "App\Policies\ModelPolicy" does not exist in Command line code:1
Stack trace:
#0 Command line code(1): ReflectionClass->__construct('App\\Policies\\Mo...')
#1 [internal function]: {closure}('App\\Policies\\Mo...', 'App\\Model')
#2 Command line code(1): array_map(Object(Closure), Array, Array)
#3 {main}
  thrown {"exception":"[object] (Symfony\\Component\\ErrorHandler\\Error\\FatalError(code: 0): Uncaught ReflectionException: Class \"App\\Policies\\ModelPolicy\" does not exist in Command line code:1
Stack trace:
#0 Command line code(1): ReflectionClass->__construct('App\\\\Policies\\\\Mo...')
#1 [internal function]: {closure}('App\\\\Policies\\\\Mo...', 'App\\\\Model')
#2 Command line code(1): array_map(Object(Closure), Array, Array)
#3 {main}
  thrown at Command line code:1)
[stacktrace]
#0 {main}
"} 
[2026-01-11 00:11:26] local.ERROR: Uncaught ReflectionException: Class "App\Policies\ModelPolicy" does not exist in Command line code:1
Stack trace:
#0 Command line code(1): ReflectionClass->__construct('App\\Policies\\Mo...')
#1 [internal function]: {closure}('App\\Policies\\Mo...', 'App\\Model')
#2 Command line code(1): array_map(Object(Closure), Array, Array)
#3 {main}
  thrown {"exception":"[object] (Symfony\\Component\\ErrorHandler\\Error\\FatalError(code: 0): Uncaught ReflectionException: Class \"App\\Policies\\ModelPolicy\" does not exist in Command line code:1
Stack trace:
#0 Command line code(1): ReflectionClass->__construct('App\\\\Policies\\\\Mo...')
#1 [internal function]: {closure}('App\\\\Policies\\\\Mo...', 'App\\\\Model')
#2 Command line code(1): array_map(Object(Closure), Array, Array)
#3 {main}
  thrown at Command line code:1)
[stacktrace]
#0 {main}
"} 
[2026-01-11 00:12:26] local.ERROR: Uncaught ReflectionException: Class "App\Policies\ModelPolicy" does not exist in Command line code:1
Stack trace:
#0 Command line code(1): ReflectionClass->__construct('App\\Policies\\Mo...')
#1 [internal function]: {closure}('App\\Policies\\Mo...', 'App\\Model')
#2 Command line code(1): array_map(Object(Closure), Array, Array)
#3 {main}
  thrown {"exception":"[object] (Symfony\\Component\\ErrorHandler\\Error\\FatalError(code: 0): Uncaught ReflectionException: Class \"App\\Policies\\ModelPolicy\" does not exist in Command line code:1
Stack trace:
#0 Command line code(1): ReflectionClass->__construct('App\\\\Policies\\\\Mo...')
#1 [internal function]: {closure}('App\\\\Policies\\\\Mo...', 'App\\\\Model')
#2 Command line code(1): array_map(Object(Closure), Array, Array)
#3 {main}
  thrown at Command line code:1)
[stacktrace]
#0 {main}
"} 
[2026-01-11 00:13:26] local.ERROR: Uncaught ReflectionException: Class "App\Policies\ModelPolicy" does not exist in Command line code:1
Stack trace:
#0 Command line code(1): ReflectionClass->__construct('App\\Policies\\Mo...')
#1 [internal function]: {closure}('App\\Policies\\Mo...', 'App\\Model')
#2 Command line code(1): array_map(Object(Closure), Array, Array)
#3 {main}
  thrown {"exception":"[object] (Symfony\\Component\\ErrorHandler\\Error\\FatalError(code: 0): Uncaught ReflectionException: Class \"App\\Policies\\ModelPolicy\" does not exist in Command line code:1
Stack trace:
#0 Command line code(1): ReflectionClass->__construct('App\\\\Policies\\\\Mo...')
#1 [internal function]: {closure}('App\\\\Policies\\\\Mo...', 'App\\\\Model')
#2 Command line code(1): array_map(Object(Closure), Array, Array)
#3 {main}
  thrown at Command line code:1)
[stacktrace]
#0 {main}
"} 
[2026-01-11 00:14:26] local.ERROR: Uncaught ReflectionException: Class "App\Policies\ModelPolicy" does not exist in Command line code:1
Stack trace:
#0 Command line code(1): ReflectionClass->__construct('App\\Policies\\Mo...')
#1 [internal function]: {closure}('App\\Policies\\Mo...', 'App\\Model')
#2 Command line code(1): array_map(Object(Closure), Array, Array)
#3 {main}
  thrown {"exception":"[object] (Symfony\\Component\\ErrorHandler\\Error\\FatalError(code: 0): Uncaught ReflectionException: Class \"App\\Policies\\ModelPolicy\" does not exist in Command line code:1
Stack trace:
#0 Command line code(1): ReflectionClass->__construct('App\\\\Policies\\\\Mo...')
#1 [internal function]: {closure}('App\\\\Policies\\\\Mo...', 'App\\\\Model')
#2 Command line code(1): array_map(Object(Closure), Array, Array)
#3 {main}
  thrown at Command line code:1)
[stacktrace]
#0 {main}
"} 
[2026-01-11 00:15:26] local.ERROR: Uncaught ReflectionException: Class "App\Policies\ModelPolicy" does not exist in Command line code:1
Stack trace:
#0 Command line code(1): ReflectionClass->__construct('App\\Policies\\Mo...')
#1 [internal function]: {closure}('App\\Policies\\Mo...', 'App\\Model')
#2 Command line code(1): array_map(Object(Closure), Array, Array)
#3 {main}
  thrown {"exception":"[object] (Symfony\\Component\\ErrorHandler\\Error\\FatalError(code: 0): Uncaught ReflectionException: Class \"App\\Policies\\ModelPolicy\" does not exist in Command line code:1
Stack trace:
#0 Command line code(1): ReflectionClass->__construct('App\\\\Policies\\\\Mo...')
#1 [internal function]: {closure}('App\\\\Policies\\\\Mo...', 'App\\\\Model')
#2 Command line code(1): array_map(Object(Closure), Array, Array)
#3 {main}
  thrown at Command line code:1)
[stacktrace]
#0 {main}
"} 
[2026-01-11 00:16:26] local.ERROR: Uncaught ReflectionException: Class "App\Policies\ModelPolicy" does not exist in Command line code:1
Stack trace:
#0 Command line code(1): ReflectionClass->__construct('App\\Policies\\Mo...')
#1 [internal function]: {closure}('App\\Policies\\Mo...', 'App\\Model')
#2 Command line code(1): array_map(Object(Closure), Array, Array)
#3 {main}
  thrown {"exception":"[object] (Symfony\\Component\\ErrorHandler\\Error\\FatalError(code: 0): Uncaught ReflectionException: Class \"App\\Policies\\ModelPolicy\" does not exist in Command line code:1
Stack trace:
#0 Command line code(1): ReflectionClass->__construct('App\\\\Policies\\\\Mo...')
#1 [internal function]: {closure}('App\\\\Policies\\\\Mo...', 'App\\\\Model')
#2 Command line code(1): array_map(Object(Closure), Array, Array)
#3 {main}
  thrown at Command line code:1)
[stacktrace]
#0 {main}
"} 
[2026-01-11 00:17:26] local.ERROR: Uncaught ReflectionException: Class "App\Policies\ModelPolicy" does not exist in Command line code:1
Stack trace:
#0 Command line code(1): ReflectionClass->__construct('App\\Policies\\Mo...')
#1 [internal function]: {closure}('App\\Policies\\Mo...', 'App\\Model')
#2 Command line code(1): array_map(Object(Closure), Array, Array)
#3 {main}
  thrown {"exception":"[object] (Symfony\\Component\\ErrorHandler\\Error\\FatalError(code: 0): Uncaught ReflectionException: Class \"App\\Policies\\ModelPolicy\" does not exist in Command line code:1
Stack trace:
#0 Command line code(1): ReflectionClass->__construct('App\\\\Policies\\\\Mo...')
#1 [internal function]: {closure}('App\\\\Policies\\\\Mo...', 'App\\\\Model')
#2 Command line code(1): array_map(Object(Closure), Array, Array)
#3 {main}
  thrown at Command line code:1)
[stacktrace]
#0 {main}
"} 
[2026-01-11 00:18:26] local.ERROR: Uncaught ReflectionException: Class "App\Policies\ModelPolicy" does not exist in Command line code:1
Stack trace:
#0 Command line code(1): ReflectionClass->__construct('App\\Policies\\Mo...')
#1 [internal function]: {closure}('App\\Policies\\Mo...', 'App\\Model')
#2 Command line code(1): array_map(Object(Closure), Array, Array)
#3 {main}
  thrown {"exception":"[object] (Symfony\\Component\\ErrorHandler\\Error\\FatalError(code: 0): Uncaught ReflectionException: Class \"App\\Policies\\ModelPolicy\" does not exist in Command line code:1
Stack trace:
#0 Command line code(1): ReflectionClass->__construct('App\\\\Policies\\\\Mo...')
#1 [internal function]: {closure}('App\\\\Policies\\\\Mo...', 'App\\\\Model')
#2 Command line code(1): array_map(Object(Closure), Array, Array)
#3 {main}
  thrown at Command line code:1)
[stacktrace]
#0 {main}
"} 
[2026-01-11 00:19:26] local.ERROR: Uncaught ReflectionException: Class "App\Policies\ModelPolicy" does not exist in Command line code:1
Stack trace:
#0 Command line code(1): ReflectionClass->__construct('App\\Policies\\Mo...')
#1 [internal function]: {closure}('App\\Policies\\Mo...', 'App\\Model')
#2 Command line code(1): array_map(Object(Closure), Array, Array)
#3 {main}
  thrown {"exception":"[object] (Symfony\\Component\\ErrorHandler\\Error\\FatalError(code: 0): Uncaught ReflectionException: Class \"App\\Policies\\ModelPolicy\" does not exist in Command line code:1
Stack trace:
#0 Command line code(1): ReflectionClass->__construct('App\\\\Policies\\\\Mo...')
#1 [internal function]: {closure}('App\\\\Policies\\\\Mo...', 'App\\\\Model')
#2 Command line code(1): array_map(Object(Closure), Array, Array)
#3 {main}
  thrown at Command line code:1)
[stacktrace]
#0 {main}
"} 
[2026-01-11 00:20:26] local.ERROR: Uncaught ReflectionException: Class "App\Policies\ModelPolicy" does not exist in Command line code:1
Stack trace:
#0 Command line code(1): ReflectionClass->__construct('App\\Policies\\Mo...')
#1 [internal function]: {closure}('App\\Policies\\Mo...', 'App\\Model')
#2 Command line code(1): array_map(Object(Closure), Array, Array)
#3 {main}
  thrown {"exception":"[object] (Symfony\\Component\\ErrorHandler\\Error\\FatalError(code: 0): Uncaught ReflectionException: Class \"App\\Policies\\ModelPolicy\" does not exist in Command line code:1
Stack trace:
#0 Command line code(1): ReflectionClass->__construct('App\\\\Policies\\\\Mo...')
#1 [internal function]: {closure}('App\\\\Policies\\\\Mo...', 'App\\\\Model')
#2 Command line code(1): array_map(Object(Closure), Array, Array)
#3 {main}
  thrown at Command line code:1)
[stacktrace]
#0 {main}
"} 
[2026-01-11 00:21:26] local.ERROR: Uncaught ReflectionException: Class "App\Policies\ModelPolicy" does not exist in Command line code:1
Stack trace:
#0 Command line code(1): ReflectionClass->__construct('App\\Policies\\Mo...')
#1 [internal function]: {closure}('App\\Policies\\Mo...', 'App\\Model')
#2 Command line code(1): array_map(Object(Closure), Array, Array)
#3 {main}
  thrown {"exception":"[object] (Symfony\\Component\\ErrorHandler\\Error\\FatalError(code: 0): Uncaught ReflectionException: Class \"App\\Policies\\ModelPolicy\" does not exist in Command line code:1
Stack trace:
#0 Command line code(1): ReflectionClass->__construct('App\\\\Policies\\\\Mo...')
#1 [internal function]: {closure}('App\\\\Policies\\\\Mo...', 'App\\\\Model')
#2 Command line code(1): array_map(Object(Closure), Array, Array)
#3 {main}
  thrown at Command line code:1)
[stacktrace]
#0 {main}
"} 
[2026-01-11 00:22:26] local.ERROR: Uncaught ReflectionException: Class "App\Policies\ModelPolicy" does not exist in Command line code:1
Stack trace:
#0 Command line code(1): ReflectionClass->__construct('App\\Policies\\Mo...')
#1 [internal function]: {closure}('App\\Policies\\Mo...', 'App\\Model')
#2 Command line code(1): array_map(Object(Closure), Array, Array)
#3 {main}
  thrown {"exception":"[object] (Symfony\\Component\\ErrorHandler\\Error\\FatalError(code: 0): Uncaught ReflectionException: Class \"App\\Policies\\ModelPolicy\" does not exist in Command line code:1
Stack trace:
#0 Command line code(1): ReflectionClass->__construct('App\\\\Policies\\\\Mo...')
#1 [internal function]: {closure}('App\\\\Policies\\\\Mo...', 'App\\\\Model')
#2 Command line code(1): array_map(Object(Closure), Array, Array)
#3 {main}
  thrown at Command line code:1)
[stacktrace]
#0 {main}
"} 
[2026-01-11 00:23:26] local.ERROR: Uncaught ReflectionException: Class "App\Policies\ModelPolicy" does not exist in Command line code:1
Stack trace:
#0 Command line code(1): ReflectionClass->__construct('App\\Policies\\Mo...')
#1 [internal function]: {closure}('App\\Policies\\Mo...', 'App\\Model')
#2 Command line code(1): array_map(Object(Closure), Array, Array)
#3 {main}
  thrown {"exception":"[object] (Symfony\\Component\\ErrorHandler\\Error\\FatalError(code: 0): Uncaught ReflectionException: Class \"App\\Policies\\ModelPolicy\" does not exist in Command line code:1
Stack trace:
#0 Command line code(1): ReflectionClass->__construct('App\\\\Policies\\\\Mo...')
#1 [internal function]: {closure}('App\\\\Policies\\\\Mo...', 'App\\\\Model')
#2 Command line code(1): array_map(Object(Closure), Array, Array)
#3 {main}
  thrown at Command line code:1)
[stacktrace]
#0 {main}
"} 
[2026-01-11 00:24:26] local.ERROR: Uncaught ReflectionException: Class "App\Policies\ModelPolicy" does not exist in Command line code:1
Stack trace:
#0 Command line code(1): ReflectionClass->__construct('App\\Policies\\Mo...')
#1 [internal function]: {closure}('App\\Policies\\Mo...', 'App\\Model')
#2 Command line code(1): array_map(Object(Closure), Array, Array)
#3 {main}
  thrown {"exception":"[object] (Symfony\\Component\\ErrorHandler\\Error\\FatalError(code: 0): Uncaught ReflectionException: Class \"App\\Policies\\ModelPolicy\" does not exist in Command line code:1
Stack trace:
#0 Command line code(1): ReflectionClass->__construct('App\\\\Policies\\\\Mo...')
#1 [internal function]: {closure}('App\\\\Policies\\\\Mo...', 'App\\\\Model')
#2 Command line code(1): array_map(Object(Closure), Array, Array)
#3 {main}
  thrown at Command line code:1)
[stacktrace]
#0 {main}
"} 
[2026-01-11 00:25:26] local.ERROR: Uncaught ReflectionException: Class "App\Policies\ModelPolicy" does not exist in Command line code:1
Stack trace:
#0 Command line code(1): ReflectionClass->__construct('App\\Policies\\Mo...')
#1 [internal function]: {closure}('App\\Policies\\Mo...', 'App\\Model')
#2 Command line code(1): array_map(Object(Closure), Array, Array)
#3 {main}
  thrown {"exception":"[object] (Symfony\\Component\\ErrorHandler\\Error\\FatalError(code: 0): Uncaught ReflectionException: Class \"App\\Policies\\ModelPolicy\" does not exist in Command line code:1
Stack trace:
#0 Command line code(1): ReflectionClass->__construct('App\\\\Policies\\\\Mo...')
#1 [internal function]: {closure}('App\\\\Policies\\\\Mo...', 'App\\\\Model')
#2 Command line code(1): array_map(Object(Closure), Array, Array)
#3 {main}
  thrown at Command line code:1)
[stacktrace]
#0 {main}
"} 
[2026-01-11 00:26:26] local.ERROR: Uncaught ReflectionException: Class "App\Policies\ModelPolicy" does not exist in Command line code:1
Stack trace:
#0 Command line code(1): ReflectionClass->__construct('App\\Policies\\Mo...')
#1 [internal function]: {closure}('App\\Policies\\Mo...', 'App\\Model')
#2 Command line code(1): array_map(Object(Closure), Array, Array)
#3 {main}
  thrown {"exception":"[object] (Symfony\\Component\\ErrorHandler\\Error\\FatalError(code: 0): Uncaught ReflectionException: Class \"App\\Policies\\ModelPolicy\" does not exist in Command line code:1
Stack trace:
#0 Command line code(1): ReflectionClass->__construct('App\\\\Policies\\\\Mo...')
#1 [internal function]: {closure}('App\\\\Policies\\\\Mo...', 'App\\\\Model')
#2 Command line code(1): array_map(Object(Closure), Array, Array)
#3 {main}
  thrown at Command line code:1)
[stacktrace]
#0 {main}
"} 
[2026-01-11 00:27:26] local.ERROR: Uncaught ReflectionException: Class "App\Policies\ModelPolicy" does not exist in Command line code:1
Stack trace:
#0 Command line code(1): ReflectionClass->__construct('App\\Policies\\Mo...')
#1 [internal function]: {closure}('App\\Policies\\Mo...', 'App\\Model')
#2 Command line code(1): array_map(Object(Closure), Array, Array)
#3 {main}
  thrown {"exception":"[object] (Symfony\\Component\\ErrorHandler\\Error\\FatalError(code: 0): Uncaught ReflectionException: Class \"App\\Policies\\ModelPolicy\" does not exist in Command line code:1
Stack trace:
#0 Command line code(1): ReflectionClass->__construct('App\\\\Policies\\\\Mo...')
#1 [internal function]: {closure}('App\\\\Policies\\\\Mo...', 'App\\\\Model')
#2 Command line code(1): array_map(Object(Closure), Array, Array)
#3 {main}
  thrown at Command line code:1)
[stacktrace]
#0 {main}
"} 
[2026-01-11 00:28:26] local.ERROR: Uncaught ReflectionException: Class "App\Policies\ModelPolicy" does not exist in Command line code:1
Stack trace:
#0 Command line code(1): ReflectionClass->__construct('App\\Policies\\Mo...')
#1 [internal function]: {closure}('App\\Policies\\Mo...', 'App\\Model')
#2 Command line code(1): array_map(Object(Closure), Array, Array)
#3 {main}
  thrown {"exception":"[object] (Symfony\\Component\\ErrorHandler\\Error\\FatalError(code: 0): Uncaught ReflectionException: Class \"App\\Policies\\ModelPolicy\" does not exist in Command line code:1
Stack trace:
#0 Command line code(1): ReflectionClass->__construct('App\\\\Policies\\\\Mo...')
#1 [internal function]: {closure}('App\\\\Policies\\\\Mo...', 'App\\\\Model')
#2 Command line code(1): array_map(Object(Closure), Array, Array)
#3 {main}
  thrown at Command line code:1)
[stacktrace]
#0 {main}
"} 
[2026-01-11 00:29:26] local.ERROR: Uncaught ReflectionException: Class "App\Policies\ModelPolicy" does not exist in Command line code:1
Stack trace:
#0 Command line code(1): ReflectionClass->__construct('App\\Policies\\Mo...')
#1 [internal function]: {closure}('App\\Policies\\Mo...', 'App\\Model')
#2 Command line code(1): array_map(Object(Closure), Array, Array)
#3 {main}
  thrown {"exception":"[object] (Symfony\\Component\\ErrorHandler\\Error\\FatalError(code: 0): Uncaught ReflectionException: Class \"App\\Policies\\ModelPolicy\" does not exist in Command line code:1
Stack trace:
#0 Command line code(1): ReflectionClass->__construct('App\\\\Policies\\\\Mo...')
#1 [internal function]: {closure}('App\\\\Policies\\\\Mo...', 'App\\\\Model')
#2 Command line code(1): array_map(Object(Closure), Array, Array)
#3 {main}
  thrown at Command line code:1)
[stacktrace]
#0 {main}
"} 
[2026-01-11 00:30:26] local.ERROR: Uncaught ReflectionException: Class "App\Policies\ModelPolicy" does not exist in Command line code:1
Stack trace:
#0 Command line code(1): ReflectionClass->__construct('App\\Policies\\Mo...')
#1 [internal function]: {closure}('App\\Policies\\Mo...', 'App\\Model')
#2 Command line code(1): array_map(Object(Closure), Array, Array)
#3 {main}
  thrown {"exception":"[object] (Symfony\\Component\\ErrorHandler\\Error\\FatalError(code: 0): Uncaught ReflectionException: Class \"App\\Policies\\ModelPolicy\" does not exist in Command line code:1
Stack trace:
#0 Command line code(1): ReflectionClass->__construct('App\\\\Policies\\\\Mo...')
#1 [internal function]: {closure}('App\\\\Policies\\\\Mo...', 'App\\\\Model')
#2 Command line code(1): array_map(Object(Closure), Array, Array)
#3 {main}
  thrown at Command line code:1)
[stacktrace]
#0 {main}
"} 
[2026-01-11 00:31:26] local.ERROR: Uncaught ReflectionException: Class "App\Policies\ModelPolicy" does not exist in Command line code:1
Stack trace:
#0 Command line code(1): ReflectionClass->__construct('App\\Policies\\Mo...')
#1 [internal function]: {closure}('App\\Policies\\Mo...', 'App\\Model')
#2 Command line code(1): array_map(Object(Closure), Array, Array)
#3 {main}
  thrown {"exception":"[object] (Symfony\\Component\\ErrorHandler\\Error\\FatalError(code: 0): Uncaught ReflectionException: Class \"App\\Policies\\ModelPolicy\" does not exist in Command line code:1
Stack trace:
#0 Command line code(1): ReflectionClass->__construct('App\\\\Policies\\\\Mo...')
#1 [internal function]: {closure}('App\\\\Policies\\\\Mo...', 'App\\\\Model')
#2 Command line code(1): array_map(Object(Closure), Array, Array)
#3 {main}
  thrown at Command line code:1)
[stacktrace]
#0 {main}
"} 
[2026-01-11 00:32:26] local.ERROR: Uncaught ReflectionException: Class "App\Policies\ModelPolicy" does not exist in Command line code:1
Stack trace:
#0 Command line code(1): ReflectionClass->__construct('App\\Policies\\Mo...')
#1 [internal function]: {closure}('App\\Policies\\Mo...', 'App\\Model')
#2 Command line code(1): array_map(Object(Closure), Array, Array)
#3 {main}
  thrown {"exception":"[object] (Symfony\\Component\\ErrorHandler\\Error\\FatalError(code: 0): Uncaught ReflectionException: Class \"App\\Policies\\ModelPolicy\" does not exist in Command line code:1
Stack trace:
#0 Command line code(1): ReflectionClass->__construct('App\\\\Policies\\\\Mo...')
#1 [internal function]: {closure}('App\\\\Policies\\\\Mo...', 'App\\\\Model')
#2 Command line code(1): array_map(Object(Closure), Array, Array)
#3 {main}
  thrown at Command line code:1)
[stacktrace]
#0 {main}
"} 
[2026-01-11 00:33:26] local.ERROR: Uncaught ReflectionException: Class "App\Policies\ModelPolicy" does not exist in Command line code:1
Stack trace:
#0 Command line code(1): ReflectionClass->__construct('App\\Policies\\Mo...')
#1 [internal function]: {closure}('App\\Policies\\Mo...', 'App\\Model')
#2 Command line code(1): array_map(Object(Closure), Array, Array)
#3 {main}
  thrown {"exception":"[object] (Symfony\\Component\\ErrorHandler\\Error\\FatalError(code: 0): Uncaught ReflectionException: Class \"App\\Policies\\ModelPolicy\" does not exist in Command line code:1
Stack trace:
#0 Command line code(1): ReflectionClass->__construct('App\\\\Policies\\\\Mo...')
#1 [internal function]: {closure}('App\\\\Policies\\\\Mo...', 'App\\\\Model')
#2 Command line code(1): array_map(Object(Closure), Array, Array)
#3 {main}
  thrown at Command line code:1)
[stacktrace]
#0 {main}
"} 
[2026-01-11 00:34:26] local.ERROR: Uncaught ReflectionException: Class "App\Policies\ModelPolicy" does not exist in Command line code:1
Stack trace:
#0 Command line code(1): ReflectionClass->__construct('App\\Policies\\Mo...')
#1 [internal function]: {closure}('App\\Policies\\Mo...', 'App\\Model')
#2 Command line code(1): array_map(Object(Closure), Array, Array)
#3 {main}
  thrown {"exception":"[object] (Symfony\\Component\\ErrorHandler\\Error\\FatalError(code: 0): Uncaught ReflectionException: Class \"App\\Policies\\ModelPolicy\" does not exist in Command line code:1
Stack trace:
#0 Command line code(1): ReflectionClass->__construct('App\\\\Policies\\\\Mo...')
#1 [internal function]: {closure}('App\\\\Policies\\\\Mo...', 'App\\\\Model')
#2 Command line code(1): array_map(Object(Closure), Array, Array)
#3 {main}
  thrown at Command line code:1)
[stacktrace]
#0 {main}
"} 
[2026-01-11 00:35:26] local.ERROR: Uncaught ReflectionException: Class "App\Policies\ModelPolicy" does not exist in Command line code:1
Stack trace:
#0 Command line code(1): ReflectionClass->__construct('App\\Policies\\Mo...')
#1 [internal function]: {closure}('App\\Policies\\Mo...', 'App\\Model')
#2 Command line code(1): array_map(Object(Closure), Array, Array)
#3 {main}
  thrown {"exception":"[object] (Symfony\\Component\\ErrorHandler\\Error\\FatalError(code: 0): Uncaught ReflectionException: Class \"App\\Policies\\ModelPolicy\" does not exist in Command line code:1
Stack trace:
#0 Command line code(1): ReflectionClass->__construct('App\\\\Policies\\\\Mo...')
#1 [internal function]: {closure}('App\\\\Policies\\\\Mo...', 'App\\\\Model')
#2 Command line code(1): array_map(Object(Closure), Array, Array)
#3 {main}
  thrown at Command line code:1)
[stacktrace]
#0 {main}
"} 
[2026-01-11 00:36:26] local.ERROR: Uncaught ReflectionException: Class "App\Policies\ModelPolicy" does not exist in Command line code:1
Stack trace:
#0 Command line code(1): ReflectionClass->__construct('App\\Policies\\Mo...')
#1 [internal function]: {closure}('App\\Policies\\Mo...', 'App\\Model')
#2 Command line code(1): array_map(Object(Closure), Array, Array)
#3 {main}
  thrown {"exception":"[object] (Symfony\\Component\\ErrorHandler\\Error\\FatalError(code: 0): Uncaught ReflectionException: Class \"App\\Policies\\ModelPolicy\" does not exist in Command line code:1
Stack trace:
#0 Command line code(1): ReflectionClass->__construct('App\\\\Policies\\\\Mo...')
#1 [internal function]: {closure}('App\\\\Policies\\\\Mo...', 'App\\\\Model')
#2 Command line code(1): array_map(Object(Closure), Array, Array)
#3 {main}
  thrown at Command line code:1)
[stacktrace]
#0 {main}
"} 
[2026-01-11 00:37:26] local.ERROR: Uncaught ReflectionException: Class "App\Policies\ModelPolicy" does not exist in Command line code:1
Stack trace:
#0 Command line code(1): ReflectionClass->__construct('App\\Policies\\Mo...')
#1 [internal function]: {closure}('App\\Policies\\Mo...', 'App\\Model')
#2 Command line code(1): array_map(Object(Closure), Array, Array)
#3 {main}
  thrown {"exception":"[object] (Symfony\\Component\\ErrorHandler\\Error\\FatalError(code: 0): Uncaught ReflectionException: Class \"App\\Policies\\ModelPolicy\" does not exist in Command line code:1
Stack trace:
#0 Command line code(1): ReflectionClass->__construct('App\\\\Policies\\\\Mo...')
#1 [internal function]: {closure}('App\\\\Policies\\\\Mo...', 'App\\\\Model')
#2 Command line code(1): array_map(Object(Closure), Array, Array)
#3 {main}
  thrown at Command line code:1)
[stacktrace]
#0 {main}
"} 
[2026-01-11 00:38:26] local.ERROR: Uncaught ReflectionException: Class "App\Policies\ModelPolicy" does not exist in Command line code:1
Stack trace:
#0 Command line code(1): ReflectionClass->__construct('App\\Policies\\Mo...')
#1 [internal function]: {closure}('App\\Policies\\Mo...', 'App\\Model')
#2 Command line code(1): array_map(Object(Closure), Array, Array)
#3 {main}
  thrown {"exception":"[object] (Symfony\\Component\\ErrorHandler\\Error\\FatalError(code: 0): Uncaught ReflectionException: Class \"App\\Policies\\ModelPolicy\" does not exist in Command line code:1
Stack trace:
#0 Command line code(1): ReflectionClass->__construct('App\\\\Policies\\\\Mo...')
#1 [internal function]: {closure}('App\\\\Policies\\\\Mo...', 'App\\\\Model')
#2 Command line code(1): array_map(Object(Closure), Array, Array)
#3 {main}
  thrown at Command line code:1)
[stacktrace]
#0 {main}
"} 
[2026-01-11 00:38:48] local.ERROR: Action Modules\Superadmin\Http\Controllers\PricingController@index not defined. {"view":{"view":"/Users/evills/developer/AudazPOS/resources/views/layouts/auth2.blade.php","data":{"asset_v":"<pre class=sf-dump id=sf-dump-752828149 data-indent-pad=\"  \"><span class=sf-dump-num>670</span>
</pre><script>Sfdump(\"sf-dump-752828149\", {\"maxDepth\":3,\"maxStringLength\":160})</script>
","errors":"<pre class=sf-dump id=sf-dump-2135580814 data-indent-pad=\"  \"><span class=sf-dump-note>Illuminate\\Support\\ViewErrorBag</span> {<a class=sf-dump-ref>#2268</a><samp data-depth=1 class=sf-dump-expanded>
  #<span class=sf-dump-protected title=\"Protected property\">bags</span>: []
</samp>}
</pre><script>Sfdump(\"sf-dump-2135580814\", {\"maxDepth\":3,\"maxStringLength\":160})</script>
","enabled_modules":"<pre class=sf-dump id=sf-dump-270260968 data-indent-pad=\"  \">[]
</pre><script>Sfdump(\"sf-dump-270260968\", {\"maxDepth\":3,\"maxStringLength\":160})</script>
","__is_pusher_enabled":"<pre class=sf-dump id=sf-dump-969231800 data-indent-pad=\"  \"><span class=sf-dump-const>false</span>
</pre><script>Sfdump(\"sf-dump-969231800\", {\"maxDepth\":3,\"maxStringLength\":160})</script>
","request":"<pre class=sf-dump id=sf-dump-446367677 data-indent-pad=\"  \"><span class=sf-dump-note>Illuminate\\Http\\Request</span> {<a class=sf-dump-ref>#53</a><samp data-depth=1 class=sf-dump-expanded>
  +<span class=sf-dump-public title=\"Public property\">attributes</span>: <span class=\"sf-dump-note sf-dump-ellipsization\" title=\"Symfony\\Component\\HttpFoundation\\ParameterBag
\"><span class=\"sf-dump-ellipsis sf-dump-ellipsis-note\">Symfony\\Component\\HttpFoundation</span><span class=\"sf-dump-ellipsis sf-dump-ellipsis-note\">\\</span><span class=\"sf-dump-ellipsis-tail\">ParameterBag</span></span> {<a class=sf-dump-ref>#55</a><samp data-depth=2 class=sf-dump-compact>
    #<span class=sf-dump-protected title=\"Protected property\">parameters</span>: []
  </samp>}
  +<span class=sf-dump-public title=\"Public property\">request</span>: <span class=\"sf-dump-note sf-dump-ellipsization\" title=\"Symfony\\Component\\HttpFoundation\\InputBag
\"><span class=\"sf-dump-ellipsis sf-dump-ellipsis-note\">Symfony\\Component\\HttpFoundation</span><span class=\"sf-dump-ellipsis sf-dump-ellipsis-note\">\\</span><span class=\"sf-dump-ellipsis-tail\">InputBag</span></span> {<a class=sf-dump-ref>#54</a><samp data-depth=2 class=sf-dump-compact>
    #<span class=sf-dump-protected title=\"Protected property\">parameters</span>: []
  </samp>}
  +<span class=sf-dump-public title=\"Public property\">query</span>: <span class=\"sf-dump-note sf-dump-ellipsization\" title=\"Symfony\\Component\\HttpFoundation\\InputBag
\"><span class=\"sf-dump-ellipsis sf-dump-ellipsis-note\">Symfony\\Component\\HttpFoundation</span><span class=\"sf-dump-ellipsis sf-dump-ellipsis-note\">\\</span><span class=\"sf-dump-ellipsis-tail\">InputBag</span></span> {<a class=sf-dump-ref>#61</a><samp data-depth=2 class=sf-dump-compact>
    #<span class=sf-dump-protected title=\"Protected property\">parameters</span>: []
  </samp>}
  +<span class=sf-dump-public title=\"Public property\">server</span>: <span class=\"sf-dump-note sf-dump-ellipsization\" title=\"Symfony\\Component\\HttpFoundation\\ServerBag
\"><span class=\"sf-dump-ellipsis sf-dump-ellipsis-note\">Symfony\\Component\\HttpFoundation</span><span class=\"sf-dump-ellipsis sf-dump-ellipsis-note\">\\</span><span class=\"sf-dump-ellipsis-tail\">ServerBag</span></span> {<a class=sf-dump-ref>#57</a><samp data-depth=2 class=sf-dump-compact>
    #<span class=sf-dump-protected title=\"Protected property\">parameters</span>: <span class=sf-dump-note>array:47</span> [<samp data-depth=3 class=sf-dump-compact>
      \"<span class=sf-dump-key>USER</span>\" => \"<span class=sf-dump-str title=\"6 characters\">evills</span>\"
      \"<span class=sf-dump-key>HOME</span>\" => \"<span class=sf-dump-str title=\"13 characters\">/Users/evills</span>\"
      \"<span class=sf-dump-key>HTTP_COOKIE</span>\" => \"<span class=sf-dump-str title=\"731 characters\">XSRF-TOKEN=eyJpdiI6IklhOW5EQjBsVjFnNzBDOEZ5NW1pOEE9PSIsInZhbHVlIjoidTJOdC9OWHpFRGdHc0MwNUU2Y3FRcGFVOWdsREozd2dUUUF3bk9rdDR3Q240RFBwNFRwLyt0U2FhZHR1Z3g2TGFzZmwvNFM3ZXdTVFlwN1lSbitDN1lueSt6ZVF3QnpJV2MxZjFYRTlqRTJIaGJtU1dWcjU4NzVBMDFtaDNEcFUiLCJtYWMiOiJmNzNhYjIzMTIzMGUyNmQ4MDVmNWI3MzFhZWU1MjdjZWY4ZDBmOWUwM2U0ODE1ZDNmYTAyMWJlYjQ0NTc2ZjkxIiwidGFnIjoiIn0%3D; sistema_de_punto_de_venta_session=eyJpdiI6InpGOXl6SE9VNXoyRURNaE9aTnNuM1E9PSIsInZhbHVlIjoicFRTUU02SHBzSmpNbzMxQU1GVUFEdlZ1bm1ZL1R2Z1UxOVlacTJWWVdhUDJiRWtwVXpvbnpSclBzcWlDeUNrOWFnRitKZ1BTdy9ueUdudTN1M1ZvYy8zR1Y3Q0JvRGNFLzR3YlNzWW5yRXhQclY0UmFyV1d4ZEZPbENnWmJMc0siLCJtYWMiOiIzZmJhYjliNTljNzgxMDI3YjU2ZGY4ZjY2NTdjNzhiODhjYjQzYmYyYTI2NTM1MWQ2ZTdjMmE2MjljMTNkNTVjIiwidGFnIjoiIn0%3D</span>\"
      \"<span class=sf-dump-key>HTTP_PRIORITY</span>\" => \"<span class=sf-dump-str title=\"6 characters\">u=0, i</span>\"
      \"<span class=sf-dump-key>HTTP_ACCEPT_ENCODING</span>\" => \"<span class=sf-dump-str title=\"23 characters\">gzip, deflate, br, zstd</span>\"
      \"<span class=sf-dump-key>HTTP_REFERER</span>\" => \"<span class=sf-dump-str title=\"22 characters\">https://audazpos.test/</span>\"
      \"<span class=sf-dump-key>HTTP_SEC_FETCH_DEST</span>\" => \"<span class=sf-dump-str title=\"8 characters\">document</span>\"
      \"<span class=sf-dump-key>HTTP_SEC_FETCH_USER</span>\" => \"<span class=sf-dump-str title=\"2 characters\">?1</span>\"
      \"<span class=sf-dump-key>HTTP_SEC_FETCH_MODE</span>\" => \"<span class=sf-dump-str title=\"8 characters\">navigate</span>\"
      \"<span class=sf-dump-key>HTTP_SEC_FETCH_SITE</span>\" => \"<span class=sf-dump-str title=\"11 characters\">same-origin</span>\"
      \"<span class=sf-dump-key>HTTP_ACCEPT_LANGUAGE</span>\" => \"<span class=sf-dump-str title=\"15 characters\">es-419,es;q=0.5</span>\"
      \"<span class=sf-dump-key>HTTP_SEC_GPC</span>\" => \"<span class=sf-dump-str>1</span>\"
      \"<span class=sf-dump-key>HTTP_ACCEPT</span>\" => \"<span class=sf-dump-str title=\"96 characters\">text/html,application/xhtml+xml,application/xml;q=0.9,image/avif,image/webp,image/apng,*/*;q=0.8</span>\"
      \"<span class=sf-dump-key>HTTP_USER_AGENT</span>\" => \"<span class=sf-dump-str title=\"117 characters\">Mozilla/5.0 (Macintosh; Intel Mac OS X 10_15_7) AppleWebKit/537.36 (KHTML, like Gecko) Chrome/143.0.0.0 Safari/537.36</span>\"
      \"<span class=sf-dump-key>HTTP_UPGRADE_INSECURE_REQUESTS</span>\" => \"<span class=sf-dump-str>1</span>\"
      \"<span class=sf-dump-key>HTTP_SEC_CH_UA_PLATFORM</span>\" => \"<span class=sf-dump-str title=\"7 characters\">&quot;macOS&quot;</span>\"
      \"<span class=sf-dump-key>HTTP_SEC_CH_UA_MOBILE</span>\" => \"<span class=sf-dump-str title=\"2 characters\">?0</span>\"
      \"<span class=sf-dump-key>HTTP_SEC_CH_UA</span>\" => \"<span class=sf-dump-str title=\"57 characters\">&quot;Brave&quot;;v=&quot;143&quot;, &quot;Chromium&quot;;v=&quot;143&quot;, &quot;Not A(Brand&quot;;v=&quot;24&quot;</span>\"
      \"<span class=sf-dump-key>HTTP_HOST</span>\" => \"<span class=sf-dump-str title=\"13 characters\">audazpos.test</span>\"
      \"<span class=sf-dump-key>PATH_INFO</span>\" => \"\"
      \"<span class=sf-dump-key>HERD_HOME</span>\" => \"<span class=sf-dump-str title=\"46 characters\">/Users/evills/Library/Application Support/Herd</span>\"
      \"<span class=sf-dump-key>REDIRECT_STATUS</span>\" => \"<span class=sf-dump-str title=\"3 characters\">200</span>\"
      \"<span class=sf-dump-key>HTTPS</span>\" => \"<span class=sf-dump-str title=\"2 characters\">on</span>\"
      \"<span class=sf-dump-key>SERVER_NAME</span>\" => \"<span class=sf-dump-str title=\"13 characters\">audazpos.test</span>\"
      \"<span class=sf-dump-key>SERVER_PORT</span>\" => \"<span class=sf-dump-str title=\"3 characters\">443</span>\"
      \"<span class=sf-dump-key>SERVER_ADDR</span>\" => \"<span class=sf-dump-str title=\"9 characters\">127.0.0.1</span>\"
      \"<span class=sf-dump-key>REMOTE_PORT</span>\" => \"<span class=sf-dump-str title=\"5 characters\">57602</span>\"
      \"<span class=sf-dump-key>REMOTE_ADDR</span>\" => \"<span class=sf-dump-str title=\"9 characters\">127.0.0.1</span>\"
      \"<span class=sf-dump-key>SERVER_SOFTWARE</span>\" => \"<span class=sf-dump-str title=\"12 characters\">nginx/1.25.4</span>\"
      \"<span class=sf-dump-key>GATEWAY_INTERFACE</span>\" => \"<span class=sf-dump-str title=\"7 characters\">CGI/1.1</span>\"
      \"<span class=sf-dump-key>SERVER_PROTOCOL</span>\" => \"<span class=sf-dump-str title=\"8 characters\">HTTP/2.0</span>\"
      \"<span class=sf-dump-key>DOCUMENT_ROOT</span>\" => \"\"
      \"<span class=sf-dump-key>DOCUMENT_URI</span>\" => \"<span class=sf-dump-str title=\"58 characters\">/Applications/Herd.app/Contents/Resources/valet/server.php</span>\"
      \"<span class=sf-dump-key>REQUEST_URI</span>\" => \"<span class=sf-dump-str title=\"6 characters\">/login</span>\"
      \"<span class=sf-dump-key>SCRIPT_NAME</span>\" => \"<span class=sf-dump-str title=\"58 characters\">/Applications/Herd.app/Contents/Resources/valet/server.php</span>\"
      \"<span class=sf-dump-key>SCRIPT_FILENAME</span>\" => \"<span class=sf-dump-str title=\"58 characters\">/Applications/Herd.app/Contents/Resources/valet/server.php</span>\"
      \"<span class=sf-dump-key>CONTENT_LENGTH</span>\" => \"\"
      \"<span class=sf-dump-key>CONTENT_TYPE</span>\" => \"\"
      \"<span class=sf-dump-key>REQUEST_METHOD</span>\" => \"<span class=sf-dump-str title=\"3 characters\">GET</span>\"
      \"<span class=sf-dump-key>QUERY_STRING</span>\" => \"\"
      \"<span class=sf-dump-key>FCGI_ROLE</span>\" => \"<span class=sf-dump-str title=\"9 characters\">RESPONDER</span>\"
      \"<span class=sf-dump-key>PHP_SELF</span>\" => \"<span class=sf-dump-str title=\"58 characters\">/Applications/Herd.app/Contents/Resources/valet/server.php</span>\"
      \"<span class=sf-dump-key>REQUEST_TIME_FLOAT</span>\" => <span class=sf-dump-num>1768072128.4485</span>
      \"<span class=sf-dump-key>REQUEST_TIME</span>\" => <span class=sf-dump-num>1768072128</span>
      \"<span class=sf-dump-key>argv</span>\" => []
      \"<span class=sf-dump-key>argc</span>\" => <span class=sf-dump-num>0</span>
      \"<span class=sf-dump-key>HERD_SITE_PATH</span>\" => \"<span class=sf-dump-str title=\"32 characters\">/Users/evills/developer/AudazPOS</span>\"
    </samp>]
  </samp>}
  +<span class=sf-dump-public title=\"Public property\">files</span>: <span class=\"sf-dump-note sf-dump-ellipsization\" title=\"Symfony\\Component\\HttpFoundation\\FileBag
\"><span class=\"sf-dump-ellipsis sf-dump-ellipsis-note\">Symfony\\Component\\HttpFoundation</span><span class=\"sf-dump-ellipsis sf-dump-ellipsis-note\">\\</span><span class=\"sf-dump-ellipsis-tail\">FileBag</span></span> {<a class=sf-dump-ref>#58</a><samp data-depth=2 class=sf-dump-compact>
    #<span class=sf-dump-protected title=\"Protected property\">parameters</span>: []
  </samp>}
  +<span class=sf-dump-public title=\"Public property\">cookies</span>: <span class=\"sf-dump-note sf-dump-ellipsization\" title=\"Symfony\\Component\\HttpFoundation\\InputBag
\"><span class=\"sf-dump-ellipsis sf-dump-ellipsis-note\">Symfony\\Component\\HttpFoundation</span><span class=\"sf-dump-ellipsis sf-dump-ellipsis-note\">\\</span><span class=\"sf-dump-ellipsis-tail\">InputBag</span></span> {<a class=sf-dump-ref>#56</a><samp data-depth=2 class=sf-dump-compact>
    #<span class=sf-dump-protected title=\"Protected property\">parameters</span>: <span class=sf-dump-note>array:2</span> [<samp data-depth=3 class=sf-dump-compact>
      \"<span class=sf-dump-key>XSRF-TOKEN</span>\" => \"<span class=sf-dump-str title=\"40 characters\">iMo0kkQJ9WgDwfNMVTYKjoOEEzVWjlZepfZhykyf</span>\"
      \"<span class=sf-dump-key>sistema_de_punto_de_venta_session</span>\" => \"<span class=sf-dump-str title=\"40 characters\">zWxUTi1G4TSPiLeKdMNvx5nRfYSHsk4xOaurkGL3</span>\"
    </samp>]
  </samp>}
  +<span class=sf-dump-public title=\"Public property\">headers</span>: <span class=\"sf-dump-note sf-dump-ellipsization\" title=\"Symfony\\Component\\HttpFoundation\\HeaderBag
\"><span class=\"sf-dump-ellipsis sf-dump-ellipsis-note\">Symfony\\Component\\HttpFoundation</span><span class=\"sf-dump-ellipsis sf-dump-ellipsis-note\">\\</span><span class=\"sf-dump-ellipsis-tail\">HeaderBag</span></span> {<a class=sf-dump-ref>#59</a><samp data-depth=2 class=sf-dump-compact>
    #<span class=sf-dump-protected title=\"Protected property\">headers</span>: <span class=sf-dump-note>array:17</span> [<samp data-depth=3 class=sf-dump-compact>
      \"<span class=sf-dump-key>cookie</span>\" => <span class=sf-dump-note>array:1</span> [ &#8230;1]
      \"<span class=sf-dump-key>priority</span>\" => <span class=sf-dump-note>array:1</span> [ &#8230;1]
      \"<span class=sf-dump-key>accept-encoding</span>\" => <span class=sf-dump-note>array:1</span> [ &#8230;1]
      \"<span class=sf-dump-key>referer</span>\" => <span class=sf-dump-note>array:1</span> [ &#8230;1]
      \"<span class=sf-dump-key>sec-fetch-dest</span>\" => <span class=sf-dump-note>array:1</span> [ &#8230;1]
      \"<span class=sf-dump-key>sec-fetch-user</span>\" => <span class=sf-dump-note>array:1</span> [ &#8230;1]
      \"<span class=sf-dump-key>sec-fetch-mode</span>\" => <span class=sf-dump-note>array:1</span> [ &#8230;1]
      \"<span class=sf-dump-key>sec-fetch-site</span>\" => <span class=sf-dump-note>array:1</span> [ &#8230;1]
      \"<span class=sf-dump-key>accept-language</span>\" => <span class=sf-dump-note>array:1</span> [ &#8230;1]
      \"<span class=sf-dump-key>sec-gpc</span>\" => <span class=sf-dump-note>array:1</span> [ &#8230;1]
      \"<span class=sf-dump-key>accept</span>\" => <span class=sf-dump-note>array:1</span> [ &#8230;1]
      \"<span class=sf-dump-key>user-agent</span>\" => <span class=sf-dump-note>array:1</span> [ &#8230;1]
      \"<span class=sf-dump-key>upgrade-insecure-requests</span>\" => <span class=sf-dump-note>array:1</span> [ &#8230;1]
      \"<span class=sf-dump-key>sec-ch-ua-platform</span>\" => <span class=sf-dump-note>array:1</span> [ &#8230;1]
      \"<span class=sf-dump-key>sec-ch-ua-mobile</span>\" => <span class=sf-dump-note>array:1</span> [ &#8230;1]
      \"<span class=sf-dump-key>sec-ch-ua</span>\" => <span class=sf-dump-note>array:1</span> [ &#8230;1]
      \"<span class=sf-dump-key>host</span>\" => <span class=sf-dump-note>array:1</span> [ &#8230;1]
    </samp>]
    #<span class=sf-dump-protected title=\"Protected property\">cacheControl</span>: []
  </samp>}
  #<span class=sf-dump-protected title=\"Protected property\">content</span>: <span class=sf-dump-const>null</span>
  #<span class=sf-dump-protected title=\"Protected property\">languages</span>: <span class=sf-dump-const>null</span>
  #<span class=sf-dump-protected title=\"Protected property\">charsets</span>: <span class=sf-dump-const>null</span>
  #<span class=sf-dump-protected title=\"Protected property\">encodings</span>: <span class=sf-dump-const>null</span>
  #<span class=sf-dump-protected title=\"Protected property\">acceptableContentTypes</span>: <span class=sf-dump-const>null</span>
  #<span class=sf-dump-protected title=\"Protected property\">pathInfo</span>: \"<span class=sf-dump-str title=\"6 characters\">/login</span>\"
  #<span class=sf-dump-protected title=\"Protected property\">requestUri</span>: \"<span class=sf-dump-str title=\"6 characters\">/login</span>\"
  #<span class=sf-dump-protected title=\"Protected property\">baseUrl</span>: \"\"
  #<span class=sf-dump-protected title=\"Protected property\">basePath</span>: <span class=sf-dump-const>null</span>
  #<span class=sf-dump-protected title=\"Protected property\">method</span>: \"<span class=sf-dump-str title=\"3 characters\">GET</span>\"
  #<span class=sf-dump-protected title=\"Protected property\">format</span>: <span class=sf-dump-const>null</span>
  #<span class=sf-dump-protected title=\"Protected property\">session</span>: <span class=\"sf-dump-note sf-dump-ellipsization\" title=\"Illuminate\\Session\\Store
\"><span class=\"sf-dump-ellipsis sf-dump-ellipsis-note\">Illuminate\\Session</span><span class=\"sf-dump-ellipsis sf-dump-ellipsis-note\">\\</span><span class=\"sf-dump-ellipsis-tail\">Store</span></span> {<a class=sf-dump-ref>#2264</a><samp data-depth=2 class=sf-dump-compact>
    #<span class=sf-dump-protected title=\"Protected property\">id</span>: \"<span class=sf-dump-str title=\"40 characters\">zWxUTi1G4TSPiLeKdMNvx5nRfYSHsk4xOaurkGL3</span>\"
    #<span class=sf-dump-protected title=\"Protected property\">name</span>: \"<span class=sf-dump-str title=\"33 characters\">sistema_de_punto_de_venta_session</span>\"
    #<span class=sf-dump-protected title=\"Protected property\">attributes</span>: <span class=sf-dump-note>array:3</span> [<samp data-depth=3 class=sf-dump-compact>
      \"<span class=sf-dump-key>_token</span>\" => \"<span class=sf-dump-str title=\"40 characters\">iMo0kkQJ9WgDwfNMVTYKjoOEEzVWjlZepfZhykyf</span>\"
      \"<span class=sf-dump-key>_previous</span>\" => <span class=sf-dump-note>array:1</span> [ &#8230;1]
      \"<span class=sf-dump-key>_flash</span>\" => <span class=sf-dump-note>array:2</span> [ &#8230;2]
    </samp>]
    #<span class=sf-dump-protected title=\"Protected property\">handler</span>: <span class=\"sf-dump-note sf-dump-ellipsization\" title=\"Illuminate\\Session\\FileSessionHandler
\"><span class=\"sf-dump-ellipsis sf-dump-ellipsis-note\">Illuminate\\Session</span><span class=\"sf-dump-ellipsis sf-dump-ellipsis-note\">\\</span><span class=\"sf-dump-ellipsis-tail\">FileSessionHandler</span></span> {<a class=sf-dump-ref>#2263</a><samp data-depth=3 class=sf-dump-compact>
      #<span class=sf-dump-protected title=\"Protected property\">files</span>: <span class=\"sf-dump-note sf-dump-ellipsization\" title=\"Illuminate\\Filesystem\\Filesystem
\"><span class=\"sf-dump-ellipsis sf-dump-ellipsis-note\">Illuminate\\Filesystem</span><span class=\"sf-dump-ellipsis sf-dump-ellipsis-note\">\\</span><span class=\"sf-dump-ellipsis-tail\">Filesystem</span></span> {<a class=sf-dump-ref>#267</a>}
      #<span class=sf-dump-protected title=\"Protected property\">path</span>: \"<span class=sf-dump-str title=\"59 characters\">/Users/evills/developer/AudazPOS/storage/framework/sessions</span>\"
      #<span class=sf-dump-protected title=\"Protected property\">minutes</span>: <span class=sf-dump-num>120</span>
    </samp>}
    #<span class=sf-dump-protected title=\"Protected property\">serialization</span>: \"<span class=sf-dump-str title=\"3 characters\">php</span>\"
    #<span class=sf-dump-protected title=\"Protected property\">started</span>: <span class=sf-dump-const>true</span>
  </samp>}
  #<span class=sf-dump-protected title=\"Protected property\">locale</span>: <span class=sf-dump-const>null</span>
  #<span class=sf-dump-protected title=\"Protected property\">defaultLocale</span>: \"<span class=sf-dump-str title=\"2 characters\">en</span>\"
  -<span class=sf-dump-private title=\"Private property defined in class:&#10;`Symfony\\Component\\HttpFoundation\\Request`\">preferredFormat</span>: <span class=sf-dump-const>null</span>
  -<span class=sf-dump-private title=\"Private property defined in class:&#10;`Symfony\\Component\\HttpFoundation\\Request`\">isHostValid</span>: <span class=sf-dump-const>true</span>
  -<span class=sf-dump-private title=\"Private property defined in class:&#10;`Symfony\\Component\\HttpFoundation\\Request`\">isForwardedValid</span>: <span class=sf-dump-const>true</span>
  -<span class=sf-dump-private title=\"Private property defined in class:&#10;`Symfony\\Component\\HttpFoundation\\Request`\">isSafeContentPreferred</span>: <span class=sf-dump-const title=\"Uninitialized property\">? bool</span>
  -<span class=sf-dump-private title=\"Private property defined in class:&#10;`Symfony\\Component\\HttpFoundation\\Request`\">trustedValuesCache</span>: []
  -<span class=sf-dump-private title=\"Private property defined in class:&#10;`Symfony\\Component\\HttpFoundation\\Request`\">isIisRewrite</span>: <span class=sf-dump-const>false</span>
  #<span class=sf-dump-protected title=\"Protected property\">json</span>: <span class=sf-dump-const>null</span>
  #<span class=sf-dump-protected title=\"Protected property\">convertedFiles</span>: []
  #<span class=sf-dump-protected title=\"Protected property\">userResolver</span>: <span class=sf-dump-note>Closure($guard = null)</span> {<a class=sf-dump-ref>#2204</a><samp data-depth=2 class=sf-dump-compact>
    <span class=sf-dump-meta>class</span>: \"<span class=\"sf-dump-str sf-dump-ellipsization\" title=\"Illuminate\\Auth\\AuthServiceProvider
35 characters\"><span class=\"sf-dump-ellipsis sf-dump-ellipsis-class\">Illuminate\\Auth</span><span class=\"sf-dump-ellipsis sf-dump-ellipsis-class\">\\</span><span class=\"sf-dump-ellipsis-tail\">AuthServiceProvider</span></span>\"
    <span class=sf-dump-meta>this</span>: <span class=\"sf-dump-note sf-dump-ellipsization\" title=\"Illuminate\\Auth\\AuthServiceProvider
\"><span class=\"sf-dump-ellipsis sf-dump-ellipsis-note\">Illuminate\\Auth</span><span class=\"sf-dump-ellipsis sf-dump-ellipsis-note\">\\</span><span class=\"sf-dump-ellipsis-tail\">AuthServiceProvider</span></span> {<a class=sf-dump-ref>#65</a> &#8230;}
    <span class=sf-dump-meta>use</span>: {<samp data-depth=3 class=sf-dump-compact>
      <span class=sf-dump-meta>$app</span>: <span class=\"sf-dump-note sf-dump-ellipsization\" title=\"Illuminate\\Foundation\\Application
\"><span class=\"sf-dump-ellipsis sf-dump-ellipsis-note\">Illuminate\\Foundation</span><span class=\"sf-dump-ellipsis sf-dump-ellipsis-note\">\\</span><span class=\"sf-dump-ellipsis-tail\">Application</span></span> {<a class=sf-dump-ref>#10</a> &#8230;}
    </samp>}
    <span class=sf-dump-meta>file</span>: \"<span class=\"sf-dump-str sf-dump-ellipsization\" title=\"/Users/evills/developer/AudazPOS/vendor/laravel/framework/src/Illuminate/Auth/AuthServiceProvider.php
101 characters\"><span class=\"sf-dump-ellipsis sf-dump-ellipsis-path\">/Users/evills/developer/AudazPOS/vendor</span><span class=\"sf-dump-ellipsis sf-dump-ellipsis-path\">/laravel/framework/</span><span class=\"sf-dump-ellipsis-tail\">src/Illuminate/Auth/AuthServiceProvider.php</span></span>\"
    <span class=sf-dump-meta>line</span>: \"<span class=sf-dump-str title=\"8 characters\">88 to 90</span>\"
  </samp>}
  #<span class=sf-dump-protected title=\"Protected property\">routeResolver</span>: <span class=sf-dump-note>Closure()</span> {<a class=sf-dump-ref>#1680</a><samp data-depth=2 class=sf-dump-compact>
    <span class=sf-dump-meta>class</span>: \"<span class=\"sf-dump-str sf-dump-ellipsization\" title=\"Illuminate\\Routing\\Router
25 characters\"><span class=\"sf-dump-ellipsis sf-dump-ellipsis-class\">Illuminate\\Routing</span><span class=\"sf-dump-ellipsis sf-dump-ellipsis-class\">\\</span><span class=\"sf-dump-ellipsis-tail\">Router</span></span>\"
    <span class=sf-dump-meta>this</span>: <span class=\"sf-dump-note sf-dump-ellipsization\" title=\"Illuminate\\Routing\\Router
\"><span class=\"sf-dump-ellipsis sf-dump-ellipsis-note\">Illuminate\\Routing</span><span class=\"sf-dump-ellipsis sf-dump-ellipsis-note\">\\</span><span class=\"sf-dump-ellipsis-tail\">Router</span></span> {<a class=sf-dump-ref>#36</a> &#8230;}
    <span class=sf-dump-meta>use</span>: {<samp data-depth=3 class=sf-dump-compact>
      <span class=sf-dump-meta>$route</span>: <span class=\"sf-dump-note sf-dump-ellipsization\" title=\"Illuminate\\Routing\\Route
\"><span class=\"sf-dump-ellipsis sf-dump-ellipsis-note\">Illuminate\\Routing</span><span class=\"sf-dump-ellipsis sf-dump-ellipsis-note\">\\</span><span class=\"sf-dump-ellipsis-tail\">Route</span></span> {<a class=sf-dump-ref>#583</a> &#8230;}
    </samp>}
    <span class=sf-dump-meta>file</span>: \"<span class=\"sf-dump-str sf-dump-ellipsization\" title=\"/Users/evills/developer/AudazPOS/vendor/laravel/framework/src/Illuminate/Routing/Router.php
91 characters\"><span class=\"sf-dump-ellipsis sf-dump-ellipsis-path\">/Users/evills/developer/AudazPOS/vendor</span><span class=\"sf-dump-ellipsis sf-dump-ellipsis-path\">/laravel/framework/</span><span class=\"sf-dump-ellipsis-tail\">src/Illuminate/Routing/Router.php</span></span>\"
    <span class=sf-dump-meta>line</span>: \"<span class=sf-dump-str title=\"10 characters\">771 to 771</span>\"
  </samp>}
  <span class=sf-dump-meta>basePath</span>: \"\"
  <span class=sf-dump-meta>format</span>: \"<span class=sf-dump-str title=\"4 characters\">html</span>\"
</samp>}
</pre><script>Sfdump(\"sf-dump-446367677\", {\"maxDepth\":3,\"maxStringLength\":160})</script>
","username":"<pre class=sf-dump id=sf-dump-426227866 data-indent-pad=\"  \"><span class=sf-dump-const>null</span>
</pre><script>Sfdump(\"sf-dump-426227866\", {\"maxDepth\":3,\"maxStringLength\":160})</script>
","password":"<pre class=sf-dump id=sf-dump-1931588406 data-indent-pad=\"  \"><span class=sf-dump-const>null</span>
</pre><script>Sfdump(\"sf-dump-1931588406\", {\"maxDepth\":3,\"maxStringLength\":160})</script>
","__additional_views":"<pre class=sf-dump id=sf-dump-561696044 data-indent-pad=\"  \">[]
</pre><script>Sfdump(\"sf-dump-561696044\", {\"maxDepth\":3,\"maxStringLength\":160})</script>
","__additional_html":"<pre class=sf-dump id=sf-dump-62337279 data-indent-pad=\"  \">\"\"
</pre><script>Sfdump(\"sf-dump-62337279\", {\"maxDepth\":3,\"maxStringLength\":160})</script>
","__system_settings":"<pre class=sf-dump id=sf-dump-929509031 data-indent-pad=\"  \"><span class=sf-dump-note>Illuminate\\Support\\Collection</span> {<a class=sf-dump-ref>#2300</a><samp data-depth=1 class=sf-dump-expanded>
  #<span class=sf-dump-protected title=\"Protected property\">items</span>: <span class=sf-dump-note>array:2</span> [<samp data-depth=2 class=sf-dump-compact>
    \"<span class=sf-dump-key>additional_js</span>\" => <span class=sf-dump-const>null</span>
    \"<span class=sf-dump-key>additional_css</span>\" => <span class=sf-dump-const>null</span>
  </samp>]
  #<span class=sf-dump-protected title=\"Protected property\">escapeWhenCastingToString</span>: <span class=sf-dump-const>false</span>
</samp>}
</pre><script>Sfdump(\"sf-dump-929509031\", {\"maxDepth\":3,\"maxStringLength\":160})</script>
"}},"exception":"[object] (Spatie\\LaravelIgnition\\Exceptions\\ViewException(code: 0): Action Modules\\Superadmin\\Http\\Controllers\\PricingController@index not defined. at /Users/evills/developer/AudazPOS/vendor/laravel/framework/src/Illuminate/Routing/UrlGenerator.php:510)
[stacktrace]
#0 /Users/evills/developer/AudazPOS/vendor/laravel/framework/src/Illuminate/Foundation/helpers.php(102): Illuminate\\Routing\\UrlGenerator->action('Modules\\\\Superad...', Array, true)
#1 /Users/evills/developer/AudazPOS/resources/views/layouts/auth2.blade.php(84): action(Array)
#2 /Users/evills/developer/AudazPOS/vendor/laravel/framework/src/Illuminate/Filesystem/Filesystem.php(109): require('/Users/evills/d...')
#3 /Users/evills/developer/AudazPOS/vendor/laravel/framework/src/Illuminate/Filesystem/Filesystem.php(110): Illuminate\\Filesystem\\Filesystem::Illuminate\\Filesystem\\{closure}()
#4 /Users/evills/developer/AudazPOS/vendor/laravel/framework/src/Illuminate/View/Engines/PhpEngine.php(58): Illuminate\\Filesystem\\Filesystem->getRequire('/Users/evills/d...', Array)
#5 /Users/evills/developer/AudazPOS/vendor/laravel/framework/src/Illuminate/View/Engines/CompilerEngine.php(70): Illuminate\\View\\Engines\\PhpEngine->evaluatePath('/Users/evills/d...', Array)
#6 /Users/evills/developer/AudazPOS/vendor/laravel/framework/src/Illuminate/View/View.php(195): Illuminate\\View\\Engines\\CompilerEngine->get('/Users/evills/d...', Array)
#7 /Users/evills/developer/AudazPOS/vendor/laravel/framework/src/Illuminate/View/View.php(178): Illuminate\\View\\View->getContents()
#8 /Users/evills/developer/AudazPOS/vendor/laravel/framework/src/Illuminate/View/View.php(147): Illuminate\\View\\View->renderContents()
#9 /Users/evills/developer/AudazPOS/resources/views/auth/login.blade.php(251): Illuminate\\View\\View->render()
#10 /Users/evills/developer/AudazPOS/vendor/laravel/framework/src/Illuminate/Filesystem/Filesystem.php(109): require('/Users/evills/d...')
#11 /Users/evills/developer/AudazPOS/vendor/laravel/framework/src/Illuminate/Filesystem/Filesystem.php(110): Illuminate\\Filesystem\\Filesystem::Illuminate\\Filesystem\\{closure}()
#12 /Users/evills/developer/AudazPOS/vendor/laravel/framework/src/Illuminate/View/Engines/PhpEngine.php(58): Illuminate\\Filesystem\\Filesystem->getRequire('/Users/evills/d...', Array)
#13 /Users/evills/developer/AudazPOS/vendor/laravel/framework/src/Illuminate/View/Engines/CompilerEngine.php(70): Illuminate\\View\\Engines\\PhpEngine->evaluatePath('/Users/evills/d...', Array)
#14 /Users/evills/developer/AudazPOS/vendor/laravel/framework/src/Illuminate/View/View.php(195): Illuminate\\View\\Engines\\CompilerEngine->get('/Users/evills/d...', Array)
#15 /Users/evills/developer/AudazPOS/vendor/laravel/framework/src/Illuminate/View/View.php(178): Illuminate\\View\\View->getContents()
#16 /Users/evills/developer/AudazPOS/vendor/laravel/framework/src/Illuminate/View/View.php(147): Illuminate\\View\\View->renderContents()
#17 /Users/evills/developer/AudazPOS/vendor/laravel/framework/src/Illuminate/Http/Response.php(69): Illuminate\\View\\View->render()
#18 /Users/evills/developer/AudazPOS/vendor/laravel/framework/src/Illuminate/Http/Response.php(35): Illuminate\\Http\\Response->setContent(Object(Illuminate\\View\\View))
#19 /Users/evills/developer/AudazPOS/vendor/laravel/framework/src/Illuminate/Routing/Router.php(906): Illuminate\\Http\\Response->__construct(Object(Illuminate\\View\\View), 200, Array)
#20 /Users/evills/developer/AudazPOS/vendor/laravel/framework/src/Illuminate/Routing/Router.php(875): Illuminate\\Routing\\Router::toResponse(Object(Illuminate\\Http\\Request), Object(Illuminate\\View\\View))
#21 /Users/evills/developer/AudazPOS/vendor/laravel/framework/src/Illuminate/Routing/Router.php(797): Illuminate\\Routing\\Router->prepareResponse(Object(Illuminate\\Http\\Request), Object(Illuminate\\View\\View))
#22 /Users/evills/developer/AudazPOS/vendor/laravel/framework/src/Illuminate/Pipeline/Pipeline.php(141): Illuminate\\Routing\\Router->Illuminate\\Routing\\{closure}(Object(Illuminate\\Http\\Request))
#23 /Users/evills/developer/AudazPOS/app/Http/Middleware/RedirectIfAuthenticated.php(30): Illuminate\\Pipeline\\Pipeline->Illuminate\\Pipeline\\{closure}(Object(Illuminate\\Http\\Request))
#24 /Users/evills/developer/AudazPOS/vendor/laravel/framework/src/Illuminate/Pipeline/Pipeline.php(180): App\\Http\\Middleware\\RedirectIfAuthenticated->handle(Object(Illuminate\\Http\\Request), Object(Closure))
#25 /Users/evills/developer/AudazPOS/app/Http/Middleware/IsInstalled.php(50): Illuminate\\Pipeline\\Pipeline->Illuminate\\Pipeline\\{closure}(Object(Illuminate\\Http\\Request))
#26 /Users/evills/developer/AudazPOS/vendor/laravel/framework/src/Illuminate/Pipeline/Pipeline.php(180): App\\Http\\Middleware\\IsInstalled->handle(Object(Illuminate\\Http\\Request), Object(Closure))
#27 /Users/evills/developer/AudazPOS/vendor/barryvdh/laravel-debugbar/src/Middleware/InjectDebugbar.php(59): Illuminate\\Pipeline\\Pipeline->Illuminate\\Pipeline\\{closure}(Object(Illuminate\\Http\\Request))
#28 /Users/evills/developer/AudazPOS/vendor/laravel/framework/src/Illuminate/Pipeline/Pipeline.php(180): Barryvdh\\Debugbar\\Middleware\\InjectDebugbar->handle(Object(Illuminate\\Http\\Request), Object(Closure))
#29 /Users/evills/developer/AudazPOS/vendor/laravel/framework/src/Illuminate/Routing/Middleware/SubstituteBindings.php(50): Illuminate\\Pipeline\\Pipeline->Illuminate\\Pipeline\\{closure}(Object(Illuminate\\Http\\Request))
#30 /Users/evills/developer/AudazPOS/vendor/laravel/framework/src/Illuminate/Pipeline/Pipeline.php(180): Illuminate\\Routing\\Middleware\\SubstituteBindings->handle(Object(Illuminate\\Http\\Request), Object(Closure))
#31 /Users/evills/developer/AudazPOS/vendor/laravel/framework/src/Illuminate/Foundation/Http/Middleware/VerifyCsrfToken.php(78): Illuminate\\Pipeline\\Pipeline->Illuminate\\Pipeline\\{closure}(Object(Illuminate\\Http\\Request))
#32 /Users/evills/developer/AudazPOS/vendor/laravel/framework/src/Illuminate/Pipeline/Pipeline.php(180): Illuminate\\Foundation\\Http\\Middleware\\VerifyCsrfToken->handle(Object(Illuminate\\Http\\Request), Object(Closure))
#33 /Users/evills/developer/AudazPOS/vendor/laravel/framework/src/Illuminate/View/Middleware/ShareErrorsFromSession.php(49): Illuminate\\Pipeline\\Pipeline->Illuminate\\Pipeline\\{closure}(Object(Illuminate\\Http\\Request))
#34 /Users/evills/developer/AudazPOS/vendor/laravel/framework/src/Illuminate/Pipeline/Pipeline.php(180): Illuminate\\View\\Middleware\\ShareErrorsFromSession->handle(Object(Illuminate\\Http\\Request), Object(Closure))
#35 /Users/evills/developer/AudazPOS/vendor/laravel/framework/src/Illuminate/Session/Middleware/StartSession.php(121): Illuminate\\Pipeline\\Pipeline->Illuminate\\Pipeline\\{closure}(Object(Illuminate\\Http\\Request))
#36 /Users/evills/developer/AudazPOS/vendor/laravel/framework/src/Illuminate/Session/Middleware/StartSession.php(64): Illuminate\\Session\\Middleware\\StartSession->handleStatefulRequest(Object(Illuminate\\Http\\Request), Object(Illuminate\\Session\\Store), Object(Closure))
#37 /Users/evills/developer/AudazPOS/vendor/laravel/framework/src/Illuminate/Pipeline/Pipeline.php(180): Illuminate\\Session\\Middleware\\StartSession->handle(Object(Illuminate\\Http\\Request), Object(Closure))
#38 /Users/evills/developer/AudazPOS/vendor/laravel/framework/src/Illuminate/Cookie/Middleware/AddQueuedCookiesToResponse.php(37): Illuminate\\Pipeline\\Pipeline->Illuminate\\Pipeline\\{closure}(Object(Illuminate\\Http\\Request))
#39 /Users/evills/developer/AudazPOS/vendor/laravel/framework/src/Illuminate/Pipeline/Pipeline.php(180): Illuminate\\Cookie\\Middleware\\AddQueuedCookiesToResponse->handle(Object(Illuminate\\Http\\Request), Object(Closure))
#40 /Users/evills/developer/AudazPOS/vendor/laravel/framework/src/Illuminate/Cookie/Middleware/EncryptCookies.php(67): Illuminate\\Pipeline\\Pipeline->Illuminate\\Pipeline\\{closure}(Object(Illuminate\\Http\\Request))
#41 /Users/evills/developer/AudazPOS/vendor/laravel/framework/src/Illuminate/Pipeline/Pipeline.php(180): Illuminate\\Cookie\\Middleware\\EncryptCookies->handle(Object(Illuminate\\Http\\Request), Object(Closure))
#42 /Users/evills/developer/AudazPOS/vendor/laravel/framework/src/Illuminate/Pipeline/Pipeline.php(116): Illuminate\\Pipeline\\Pipeline->Illuminate\\Pipeline\\{closure}(Object(Illuminate\\Http\\Request))
#43 /Users/evills/developer/AudazPOS/vendor/laravel/framework/src/Illuminate/Routing/Router.php(797): Illuminate\\Pipeline\\Pipeline->then(Object(Closure))
#44 /Users/evills/developer/AudazPOS/vendor/laravel/framework/src/Illuminate/Routing/Router.php(776): Illuminate\\Routing\\Router->runRouteWithinStack(Object(Illuminate\\Routing\\Route), Object(Illuminate\\Http\\Request))
#45 /Users/evills/developer/AudazPOS/vendor/laravel/framework/src/Illuminate/Routing/Router.php(740): Illuminate\\Routing\\Router->runRoute(Object(Illuminate\\Http\\Request), Object(Illuminate\\Routing\\Route))
#46 /Users/evills/developer/AudazPOS/vendor/laravel/framework/src/Illuminate/Routing/Router.php(729): Illuminate\\Routing\\Router->dispatchToRoute(Object(Illuminate\\Http\\Request))
#47 /Users/evills/developer/AudazPOS/vendor/laravel/framework/src/Illuminate/Foundation/Http/Kernel.php(190): Illuminate\\Routing\\Router->dispatch(Object(Illuminate\\Http\\Request))
#48 /Users/evills/developer/AudazPOS/vendor/laravel/framework/src/Illuminate/Pipeline/Pipeline.php(141): Illuminate\\Foundation\\Http\\Kernel->Illuminate\\Foundation\\Http\\{closure}(Object(Illuminate\\Http\\Request))
#49 /Users/evills/developer/AudazPOS/vendor/barryvdh/laravel-debugbar/src/Middleware/InjectDebugbar.php(59): Illuminate\\Pipeline\\Pipeline->Illuminate\\Pipeline\\{closure}(Object(Illuminate\\Http\\Request))
#50 /Users/evills/developer/AudazPOS/vendor/laravel/framework/src/Illuminate/Pipeline/Pipeline.php(180): Barryvdh\\Debugbar\\Middleware\\InjectDebugbar->handle(Object(Illuminate\\Http\\Request), Object(Closure))
#51 /Users/evills/developer/AudazPOS/vendor/laravel/framework/src/Illuminate/Foundation/Http/Middleware/TransformsRequest.php(21): Illuminate\\Pipeline\\Pipeline->Illuminate\\Pipeline\\{closure}(Object(Illuminate\\Http\\Request))
#52 /Users/evills/developer/AudazPOS/vendor/laravel/framework/src/Illuminate/Foundation/Http/Middleware/ConvertEmptyStringsToNull.php(31): Illuminate\\Foundation\\Http\\Middleware\\TransformsRequest->handle(Object(Illuminate\\Http\\Request), Object(Closure))
#53 /Users/evills/developer/AudazPOS/vendor/laravel/framework/src/Illuminate/Pipeline/Pipeline.php(180): Illuminate\\Foundation\\Http\\Middleware\\ConvertEmptyStringsToNull->handle(Object(Illuminate\\Http\\Request), Object(Closure))
#54 /Users/evills/developer/AudazPOS/vendor/laravel/framework/src/Illuminate/Foundation/Http/Middleware/TransformsRequest.php(21): Illuminate\\Pipeline\\Pipeline->Illuminate\\Pipeline\\{closure}(Object(Illuminate\\Http\\Request))
#55 /Users/evills/developer/AudazPOS/vendor/laravel/framework/src/Illuminate/Foundation/Http/Middleware/TrimStrings.php(40): Illuminate\\Foundation\\Http\\Middleware\\TransformsRequest->handle(Object(Illuminate\\Http\\Request), Object(Closure))
#56 /Users/evills/developer/AudazPOS/vendor/laravel/framework/src/Illuminate/Pipeline/Pipeline.php(180): Illuminate\\Foundation\\Http\\Middleware\\TrimStrings->handle(Object(Illuminate\\Http\\Request), Object(Closure))
#57 /Users/evills/developer/AudazPOS/vendor/laravel/framework/src/Illuminate/Foundation/Http/Middleware/ValidatePostSize.php(27): Illuminate\\Pipeline\\Pipeline->Illuminate\\Pipeline\\{closure}(Object(Illuminate\\Http\\Request))
#58 /Users/evills/developer/AudazPOS/vendor/laravel/framework/src/Illuminate/Pipeline/Pipeline.php(180): Illuminate\\Foundation\\Http\\Middleware\\ValidatePostSize->handle(Object(Illuminate\\Http\\Request), Object(Closure))
#59 /Users/evills/developer/AudazPOS/vendor/laravel/framework/src/Illuminate/Foundation/Http/Middleware/PreventRequestsDuringMaintenance.php(86): Illuminate\\Pipeline\\Pipeline->Illuminate\\Pipeline\\{closure}(Object(Illuminate\\Http\\Request))
#60 /Users/evills/developer/AudazPOS/vendor/laravel/framework/src/Illuminate/Pipeline/Pipeline.php(180): Illuminate\\Foundation\\Http\\Middleware\\PreventRequestsDuringMaintenance->handle(Object(Illuminate\\Http\\Request), Object(Closure))
#61 /Users/evills/developer/AudazPOS/vendor/laravel/framework/src/Illuminate/Http/Middleware/HandleCors.php(49): Illuminate\\Pipeline\\Pipeline->Illuminate\\Pipeline\\{closure}(Object(Illuminate\\Http\\Request))
#62 /Users/evills/developer/AudazPOS/vendor/laravel/framework/src/Illuminate/Pipeline/Pipeline.php(180): Illuminate\\Http\\Middleware\\HandleCors->handle(Object(Illuminate\\Http\\Request), Object(Closure))
#63 /Users/evills/developer/AudazPOS/vendor/laravel/framework/src/Illuminate/Http/Middleware/TrustProxies.php(39): Illuminate\\Pipeline\\Pipeline->Illuminate\\Pipeline\\{closure}(Object(Illuminate\\Http\\Request))
#64 /Users/evills/developer/AudazPOS/vendor/laravel/framework/src/Illuminate/Pipeline/Pipeline.php(180): Illuminate\\Http\\Middleware\\TrustProxies->handle(Object(Illuminate\\Http\\Request), Object(Closure))
#65 /Users/evills/developer/AudazPOS/vendor/laravel/framework/src/Illuminate/Pipeline/Pipeline.php(116): Illuminate\\Pipeline\\Pipeline->Illuminate\\Pipeline\\{closure}(Object(Illuminate\\Http\\Request))
#66 /Users/evills/developer/AudazPOS/vendor/laravel/framework/src/Illuminate/Foundation/Http/Kernel.php(165): Illuminate\\Pipeline\\Pipeline->then(Object(Closure))
#67 /Users/evills/developer/AudazPOS/vendor/laravel/framework/src/Illuminate/Foundation/Http/Kernel.php(134): Illuminate\\Foundation\\Http\\Kernel->sendRequestThroughRouter(Object(Illuminate\\Http\\Request))
#68 /Users/evills/developer/AudazPOS/public/index.php(51): Illuminate\\Foundation\\Http\\Kernel->handle(Object(Illuminate\\Http\\Request))
#69 /Applications/Herd.app/Contents/Resources/valet/server.php(167): require('/Users/evills/d...')
#70 {main}

[previous exception] [object] (InvalidArgumentException(code: 0): Action Modules\\Superadmin\\Http\\Controllers\\PricingController@index not defined. at /Users/evills/developer/AudazPOS/vendor/laravel/framework/src/Illuminate/Routing/UrlGenerator.php:510)
[stacktrace]
#0 /Users/evills/developer/AudazPOS/vendor/laravel/framework/src/Illuminate/Foundation/helpers.php(102): Illuminate\\Routing\\UrlGenerator->action('Modules\\\\Superad...', Array, true)
#1 /Users/evills/developer/AudazPOS/storage/framework/views/76889ebe82abdfbd896881efafc37980a5e18a27.php(79): action(Array)
#2 /Users/evills/developer/AudazPOS/vendor/laravel/framework/src/Illuminate/Filesystem/Filesystem.php(109): require('/Users/evills/d...')
#3 /Users/evills/developer/AudazPOS/vendor/laravel/framework/src/Illuminate/Filesystem/Filesystem.php(110): Illuminate\\Filesystem\\Filesystem::Illuminate\\Filesystem\\{closure}()
#4 /Users/evills/developer/AudazPOS/vendor/laravel/framework/src/Illuminate/View/Engines/PhpEngine.php(58): Illuminate\\Filesystem\\Filesystem->getRequire('/Users/evills/d...', Array)
#5 /Users/evills/developer/AudazPOS/vendor/laravel/framework/src/Illuminate/View/Engines/CompilerEngine.php(70): Illuminate\\View\\Engines\\PhpEngine->evaluatePath('/Users/evills/d...', Array)
#6 /Users/evills/developer/AudazPOS/vendor/laravel/framework/src/Illuminate/View/View.php(195): Illuminate\\View\\Engines\\CompilerEngine->get('/Users/evills/d...', Array)
#7 /Users/evills/developer/AudazPOS/vendor/laravel/framework/src/Illuminate/View/View.php(178): Illuminate\\View\\View->getContents()
#8 /Users/evills/developer/AudazPOS/vendor/laravel/framework/src/Illuminate/View/View.php(147): Illuminate\\View\\View->renderContents()
#9 /Users/evills/developer/AudazPOS/storage/framework/views/d7f4592fef5531c380ebe9f195aec2204dfb3ff8.php(256): Illuminate\\View\\View->render()
#10 /Users/evills/developer/AudazPOS/vendor/laravel/framework/src/Illuminate/Filesystem/Filesystem.php(109): require('/Users/evills/d...')
#11 /Users/evills/developer/AudazPOS/vendor/laravel/framework/src/Illuminate/Filesystem/Filesystem.php(110): Illuminate\\Filesystem\\Filesystem::Illuminate\\Filesystem\\{closure}()
#12 /Users/evills/developer/AudazPOS/vendor/laravel/framework/src/Illuminate/View/Engines/PhpEngine.php(58): Illuminate\\Filesystem\\Filesystem->getRequire('/Users/evills/d...', Array)
#13 /Users/evills/developer/AudazPOS/vendor/laravel/framework/src/Illuminate/View/Engines/CompilerEngine.php(70): Illuminate\\View\\Engines\\PhpEngine->evaluatePath('/Users/evills/d...', Array)
#14 /Users/evills/developer/AudazPOS/vendor/laravel/framework/src/Illuminate/View/View.php(195): Illuminate\\View\\Engines\\CompilerEngine->get('/Users/evills/d...', Array)
#15 /Users/evills/developer/AudazPOS/vendor/laravel/framework/src/Illuminate/View/View.php(178): Illuminate\\View\\View->getContents()
#16 /Users/evills/developer/AudazPOS/vendor/laravel/framework/src/Illuminate/View/View.php(147): Illuminate\\View\\View->renderContents()
#17 /Users/evills/developer/AudazPOS/vendor/laravel/framework/src/Illuminate/Http/Response.php(69): Illuminate\\View\\View->render()
#18 /Users/evills/developer/AudazPOS/vendor/laravel/framework/src/Illuminate/Http/Response.php(35): Illuminate\\Http\\Response->setContent(Object(Illuminate\\View\\View))
#19 /Users/evills/developer/AudazPOS/vendor/laravel/framework/src/Illuminate/Routing/Router.php(906): Illuminate\\Http\\Response->__construct(Object(Illuminate\\View\\View), 200, Array)
#20 /Users/evills/developer/AudazPOS/vendor/laravel/framework/src/Illuminate/Routing/Router.php(875): Illuminate\\Routing\\Router::toResponse(Object(Illuminate\\Http\\Request), Object(Illuminate\\View\\View))
#21 /Users/evills/developer/AudazPOS/vendor/laravel/framework/src/Illuminate/Routing/Router.php(797): Illuminate\\Routing\\Router->prepareResponse(Object(Illuminate\\Http\\Request), Object(Illuminate\\View\\View))
#22 /Users/evills/developer/AudazPOS/vendor/laravel/framework/src/Illuminate/Pipeline/Pipeline.php(141): Illuminate\\Routing\\Router->Illuminate\\Routing\\{closure}(Object(Illuminate\\Http\\Request))
#23 /Users/evills/developer/AudazPOS/app/Http/Middleware/RedirectIfAuthenticated.php(30): Illuminate\\Pipeline\\Pipeline->Illuminate\\Pipeline\\{closure}(Object(Illuminate\\Http\\Request))
#24 /Users/evills/developer/AudazPOS/vendor/laravel/framework/src/Illuminate/Pipeline/Pipeline.php(180): App\\Http\\Middleware\\RedirectIfAuthenticated->handle(Object(Illuminate\\Http\\Request), Object(Closure))
#25 /Users/evills/developer/AudazPOS/app/Http/Middleware/IsInstalled.php(50): Illuminate\\Pipeline\\Pipeline->Illuminate\\Pipeline\\{closure}(Object(Illuminate\\Http\\Request))
#26 /Users/evills/developer/AudazPOS/vendor/laravel/framework/src/Illuminate/Pipeline/Pipeline.php(180): App\\Http\\Middleware\\IsInstalled->handle(Object(Illuminate\\Http\\Request), Object(Closure))
#27 /Users/evills/developer/AudazPOS/vendor/barryvdh/laravel-debugbar/src/Middleware/InjectDebugbar.php(59): Illuminate\\Pipeline\\Pipeline->Illuminate\\Pipeline\\{closure}(Object(Illuminate\\Http\\Request))
#28 /Users/evills/developer/AudazPOS/vendor/laravel/framework/src/Illuminate/Pipeline/Pipeline.php(180): Barryvdh\\Debugbar\\Middleware\\InjectDebugbar->handle(Object(Illuminate\\Http\\Request), Object(Closure))
#29 /Users/evills/developer/AudazPOS/vendor/laravel/framework/src/Illuminate/Routing/Middleware/SubstituteBindings.php(50): Illuminate\\Pipeline\\Pipeline->Illuminate\\Pipeline\\{closure}(Object(Illuminate\\Http\\Request))
#30 /Users/evills/developer/AudazPOS/vendor/laravel/framework/src/Illuminate/Pipeline/Pipeline.php(180): Illuminate\\Routing\\Middleware\\SubstituteBindings->handle(Object(Illuminate\\Http\\Request), Object(Closure))
#31 /Users/evills/developer/AudazPOS/vendor/laravel/framework/src/Illuminate/Foundation/Http/Middleware/VerifyCsrfToken.php(78): Illuminate\\Pipeline\\Pipeline->Illuminate\\Pipeline\\{closure}(Object(Illuminate\\Http\\Request))
#32 /Users/evills/developer/AudazPOS/vendor/laravel/framework/src/Illuminate/Pipeline/Pipeline.php(180): Illuminate\\Foundation\\Http\\Middleware\\VerifyCsrfToken->handle(Object(Illuminate\\Http\\Request), Object(Closure))
#33 /Users/evills/developer/AudazPOS/vendor/laravel/framework/src/Illuminate/View/Middleware/ShareErrorsFromSession.php(49): Illuminate\\Pipeline\\Pipeline->Illuminate\\Pipeline\\{closure}(Object(Illuminate\\Http\\Request))
#34 /Users/evills/developer/AudazPOS/vendor/laravel/framework/src/Illuminate/Pipeline/Pipeline.php(180): Illuminate\\View\\Middleware\\ShareErrorsFromSession->handle(Object(Illuminate\\Http\\Request), Object(Closure))
#35 /Users/evills/developer/AudazPOS/vendor/laravel/framework/src/Illuminate/Session/Middleware/StartSession.php(121): Illuminate\\Pipeline\\Pipeline->Illuminate\\Pipeline\\{closure}(Object(Illuminate\\Http\\Request))
#36 /Users/evills/developer/AudazPOS/vendor/laravel/framework/src/Illuminate/Session/Middleware/StartSession.php(64): Illuminate\\Session\\Middleware\\StartSession->handleStatefulRequest(Object(Illuminate\\Http\\Request), Object(Illuminate\\Session\\Store), Object(Closure))
#37 /Users/evills/developer/AudazPOS/vendor/laravel/framework/src/Illuminate/Pipeline/Pipeline.php(180): Illuminate\\Session\\Middleware\\StartSession->handle(Object(Illuminate\\Http\\Request), Object(Closure))
#38 /Users/evills/developer/AudazPOS/vendor/laravel/framework/src/Illuminate/Cookie/Middleware/AddQueuedCookiesToResponse.php(37): Illuminate\\Pipeline\\Pipeline->Illuminate\\Pipeline\\{closure}(Object(Illuminate\\Http\\Request))
#39 /Users/evills/developer/AudazPOS/vendor/laravel/framework/src/Illuminate/Pipeline/Pipeline.php(180): Illuminate\\Cookie\\Middleware\\AddQueuedCookiesToResponse->handle(Object(Illuminate\\Http\\Request), Object(Closure))
#40 /Users/evills/developer/AudazPOS/vendor/laravel/framework/src/Illuminate/Cookie/Middleware/EncryptCookies.php(67): Illuminate\\Pipeline\\Pipeline->Illuminate\\Pipeline\\{closure}(Object(Illuminate\\Http\\Request))
#41 /Users/evills/developer/AudazPOS/vendor/laravel/framework/src/Illuminate/Pipeline/Pipeline.php(180): Illuminate\\Cookie\\Middleware\\EncryptCookies->handle(Object(Illuminate\\Http\\Request), Object(Closure))
#42 /Users/evills/developer/AudazPOS/vendor/laravel/framework/src/Illuminate/Pipeline/Pipeline.php(116): Illuminate\\Pipeline\\Pipeline->Illuminate\\Pipeline\\{closure}(Object(Illuminate\\Http\\Request))
#43 /Users/evills/developer/AudazPOS/vendor/laravel/framework/src/Illuminate/Routing/Router.php(797): Illuminate\\Pipeline\\Pipeline->then(Object(Closure))
#44 /Users/evills/developer/AudazPOS/vendor/laravel/framework/src/Illuminate/Routing/Router.php(776): Illuminate\\Routing\\Router->runRouteWithinStack(Object(Illuminate\\Routing\\Route), Object(Illuminate\\Http\\Request))
#45 /Users/evills/developer/AudazPOS/vendor/laravel/framework/src/Illuminate/Routing/Router.php(740): Illuminate\\Routing\\Router->runRoute(Object(Illuminate\\Http\\Request), Object(Illuminate\\Routing\\Route))
#46 /Users/evills/developer/AudazPOS/vendor/laravel/framework/src/Illuminate/Routing/Router.php(729): Illuminate\\Routing\\Router->dispatchToRoute(Object(Illuminate\\Http\\Request))
#47 /Users/evills/developer/AudazPOS/vendor/laravel/framework/src/Illuminate/Foundation/Http/Kernel.php(190): Illuminate\\Routing\\Router->dispatch(Object(Illuminate\\Http\\Request))
#48 /Users/evills/developer/AudazPOS/vendor/laravel/framework/src/Illuminate/Pipeline/Pipeline.php(141): Illuminate\\Foundation\\Http\\Kernel->Illuminate\\Foundation\\Http\\{closure}(Object(Illuminate\\Http\\Request))
#49 /Users/evills/developer/AudazPOS/vendor/barryvdh/laravel-debugbar/src/Middleware/InjectDebugbar.php(59): Illuminate\\Pipeline\\Pipeline->Illuminate\\Pipeline\\{closure}(Object(Illuminate\\Http\\Request))
#50 /Users/evills/developer/AudazPOS/vendor/laravel/framework/src/Illuminate/Pipeline/Pipeline.php(180): Barryvdh\\Debugbar\\Middleware\\InjectDebugbar->handle(Object(Illuminate\\Http\\Request), Object(Closure))
#51 /Users/evills/developer/AudazPOS/vendor/laravel/framework/src/Illuminate/Foundation/Http/Middleware/TransformsRequest.php(21): Illuminate\\Pipeline\\Pipeline->Illuminate\\Pipeline\\{closure}(Object(Illuminate\\Http\\Request))
#52 /Users/evills/developer/AudazPOS/vendor/laravel/framework/src/Illuminate/Foundation/Http/Middleware/ConvertEmptyStringsToNull.php(31): Illuminate\\Foundation\\Http\\Middleware\\TransformsRequest->handle(Object(Illuminate\\Http\\Request), Object(Closure))
#53 /Users/evills/developer/AudazPOS/vendor/laravel/framework/src/Illuminate/Pipeline/Pipeline.php(180): Illuminate\\Foundation\\Http\\Middleware\\ConvertEmptyStringsToNull->handle(Object(Illuminate\\Http\\Request), Object(Closure))
#54 /Users/evills/developer/AudazPOS/vendor/laravel/framework/src/Illuminate/Foundation/Http/Middleware/TransformsRequest.php(21): Illuminate\\Pipeline\\Pipeline->Illuminate\\Pipeline\\{closure}(Object(Illuminate\\Http\\Request))
#55 /Users/evills/developer/AudazPOS/vendor/laravel/framework/src/Illuminate/Foundation/Http/Middleware/TrimStrings.php(40): Illuminate\\Foundation\\Http\\Middleware\\TransformsRequest->handle(Object(Illuminate\\Http\\Request), Object(Closure))
#56 /Users/evills/developer/AudazPOS/vendor/laravel/framework/src/Illuminate/Pipeline/Pipeline.php(180): Illuminate\\Foundation\\Http\\Middleware\\TrimStrings->handle(Object(Illuminate\\Http\\Request), Object(Closure))
#57 /Users/evills/developer/AudazPOS/vendor/laravel/framework/src/Illuminate/Foundation/Http/Middleware/ValidatePostSize.php(27): Illuminate\\Pipeline\\Pipeline->Illuminate\\Pipeline\\{closure}(Object(Illuminate\\Http\\Request))
#58 /Users/evills/developer/AudazPOS/vendor/laravel/framework/src/Illuminate/Pipeline/Pipeline.php(180): Illuminate\\Foundation\\Http\\Middleware\\ValidatePostSize->handle(Object(Illuminate\\Http\\Request), Object(Closure))
#59 /Users/evills/developer/AudazPOS/vendor/laravel/framework/src/Illuminate/Foundation/Http/Middleware/PreventRequestsDuringMaintenance.php(86): Illuminate\\Pipeline\\Pipeline->Illuminate\\Pipeline\\{closure}(Object(Illuminate\\Http\\Request))
#60 /Users/evills/developer/AudazPOS/vendor/laravel/framework/src/Illuminate/Pipeline/Pipeline.php(180): Illuminate\\Foundation\\Http\\Middleware\\PreventRequestsDuringMaintenance->handle(Object(Illuminate\\Http\\Request), Object(Closure))
#61 /Users/evills/developer/AudazPOS/vendor/laravel/framework/src/Illuminate/Http/Middleware/HandleCors.php(49): Illuminate\\Pipeline\\Pipeline->Illuminate\\Pipeline\\{closure}(Object(Illuminate\\Http\\Request))
#62 /Users/evills/developer/AudazPOS/vendor/laravel/framework/src/Illuminate/Pipeline/Pipeline.php(180): Illuminate\\Http\\Middleware\\HandleCors->handle(Object(Illuminate\\Http\\Request), Object(Closure))
#63 /Users/evills/developer/AudazPOS/vendor/laravel/framework/src/Illuminate/Http/Middleware/TrustProxies.php(39): Illuminate\\Pipeline\\Pipeline->Illuminate\\Pipeline\\{closure}(Object(Illuminate\\Http\\Request))
#64 /Users/evills/developer/AudazPOS/vendor/laravel/framework/src/Illuminate/Pipeline/Pipeline.php(180): Illuminate\\Http\\Middleware\\TrustProxies->handle(Object(Illuminate\\Http\\Request), Object(Closure))
#65 /Users/evills/developer/AudazPOS/vendor/laravel/framework/src/Illuminate/Pipeline/Pipeline.php(116): Illuminate\\Pipeline\\Pipeline->Illuminate\\Pipeline\\{closure}(Object(Illuminate\\Http\\Request))
#66 /Users/evills/developer/AudazPOS/vendor/laravel/framework/src/Illuminate/Foundation/Http/Kernel.php(165): Illuminate\\Pipeline\\Pipeline->then(Object(Closure))
#67 /Users/evills/developer/AudazPOS/vendor/laravel/framework/src/Illuminate/Foundation/Http/Kernel.php(134): Illuminate\\Foundation\\Http\\Kernel->sendRequestThroughRouter(Object(Illuminate\\Http\\Request))
#68 /Users/evills/developer/AudazPOS/public/index.php(51): Illuminate\\Foundation\\Http\\Kernel->handle(Object(Illuminate\\Http\\Request))
#69 /Applications/Herd.app/Contents/Resources/valet/server.php(167): require('/Users/evills/d...')
#70 {main}
"} 
[2026-01-11 00:39:26] local.ERROR: Uncaught ReflectionException: Class "App\Policies\ModelPolicy" does not exist in Command line code:1
Stack trace:
#0 Command line code(1): ReflectionClass->__construct('App\\Policies\\Mo...')
#1 [internal function]: {closure}('App\\Policies\\Mo...', 'App\\Model')
#2 Command line code(1): array_map(Object(Closure), Array, Array)
#3 {main}
  thrown {"exception":"[object] (Symfony\\Component\\ErrorHandler\\Error\\FatalError(code: 0): Uncaught ReflectionException: Class \"App\\Policies\\ModelPolicy\" does not exist in Command line code:1
Stack trace:
#0 Command line code(1): ReflectionClass->__construct('App\\\\Policies\\\\Mo...')
#1 [internal function]: {closure}('App\\\\Policies\\\\Mo...', 'App\\\\Model')
#2 Command line code(1): array_map(Object(Closure), Array, Array)
#3 {main}
  thrown at Command line code:1)
[stacktrace]
#0 {main}
"} 
[2026-01-11 00:40:01] local.ERROR: Action Modules\Superadmin\Http\Controllers\PricingController@index not defined. {"view":{"view":"/Users/evills/developer/AudazPOS/resources/views/layouts/auth2.blade.php","data":{"asset_v":"<pre class=sf-dump id=sf-dump-493895696 data-indent-pad=\"  \"><span class=sf-dump-num>670</span>
</pre><script>Sfdump(\"sf-dump-493895696\", {\"maxDepth\":3,\"maxStringLength\":160})</script>
","errors":"<pre class=sf-dump id=sf-dump-367596275 data-indent-pad=\"  \"><span class=sf-dump-note>Illuminate\\Support\\ViewErrorBag</span> {<a class=sf-dump-ref>#2268</a><samp data-depth=1 class=sf-dump-expanded>
  #<span class=sf-dump-protected title=\"Protected property\">bags</span>: []
</samp>}
</pre><script>Sfdump(\"sf-dump-367596275\", {\"maxDepth\":3,\"maxStringLength\":160})</script>
","enabled_modules":"<pre class=sf-dump id=sf-dump-1122294143 data-indent-pad=\"  \">[]
</pre><script>Sfdump(\"sf-dump-1122294143\", {\"maxDepth\":3,\"maxStringLength\":160})</script>
","__is_pusher_enabled":"<pre class=sf-dump id=sf-dump-1457214698 data-indent-pad=\"  \"><span class=sf-dump-const>false</span>
</pre><script>Sfdump(\"sf-dump-1457214698\", {\"maxDepth\":3,\"maxStringLength\":160})</script>
","request":"<pre class=sf-dump id=sf-dump-851699192 data-indent-pad=\"  \"><span class=sf-dump-note>Illuminate\\Http\\Request</span> {<a class=sf-dump-ref>#53</a><samp data-depth=1 class=sf-dump-expanded>
  +<span class=sf-dump-public title=\"Public property\">attributes</span>: <span class=\"sf-dump-note sf-dump-ellipsization\" title=\"Symfony\\Component\\HttpFoundation\\ParameterBag
\"><span class=\"sf-dump-ellipsis sf-dump-ellipsis-note\">Symfony\\Component\\HttpFoundation</span><span class=\"sf-dump-ellipsis sf-dump-ellipsis-note\">\\</span><span class=\"sf-dump-ellipsis-tail\">ParameterBag</span></span> {<a class=sf-dump-ref>#55</a><samp data-depth=2 class=sf-dump-compact>
    #<span class=sf-dump-protected title=\"Protected property\">parameters</span>: []
  </samp>}
  +<span class=sf-dump-public title=\"Public property\">request</span>: <span class=\"sf-dump-note sf-dump-ellipsization\" title=\"Symfony\\Component\\HttpFoundation\\InputBag
\"><span class=\"sf-dump-ellipsis sf-dump-ellipsis-note\">Symfony\\Component\\HttpFoundation</span><span class=\"sf-dump-ellipsis sf-dump-ellipsis-note\">\\</span><span class=\"sf-dump-ellipsis-tail\">InputBag</span></span> {<a class=sf-dump-ref>#54</a><samp data-depth=2 class=sf-dump-compact>
    #<span class=sf-dump-protected title=\"Protected property\">parameters</span>: []
  </samp>}
  +<span class=sf-dump-public title=\"Public property\">query</span>: <span class=\"sf-dump-note sf-dump-ellipsization\" title=\"Symfony\\Component\\HttpFoundation\\InputBag
\"><span class=\"sf-dump-ellipsis sf-dump-ellipsis-note\">Symfony\\Component\\HttpFoundation</span><span class=\"sf-dump-ellipsis sf-dump-ellipsis-note\">\\</span><span class=\"sf-dump-ellipsis-tail\">InputBag</span></span> {<a class=sf-dump-ref>#61</a><samp data-depth=2 class=sf-dump-compact>
    #<span class=sf-dump-protected title=\"Protected property\">parameters</span>: []
  </samp>}
  +<span class=sf-dump-public title=\"Public property\">server</span>: <span class=\"sf-dump-note sf-dump-ellipsization\" title=\"Symfony\\Component\\HttpFoundation\\ServerBag
\"><span class=\"sf-dump-ellipsis sf-dump-ellipsis-note\">Symfony\\Component\\HttpFoundation</span><span class=\"sf-dump-ellipsis sf-dump-ellipsis-note\">\\</span><span class=\"sf-dump-ellipsis-tail\">ServerBag</span></span> {<a class=sf-dump-ref>#57</a><samp data-depth=2 class=sf-dump-compact>
    #<span class=sf-dump-protected title=\"Protected property\">parameters</span>: <span class=sf-dump-note>array:47</span> [<samp data-depth=3 class=sf-dump-compact>
      \"<span class=sf-dump-key>USER</span>\" => \"<span class=sf-dump-str title=\"6 characters\">evills</span>\"
      \"<span class=sf-dump-key>HOME</span>\" => \"<span class=sf-dump-str title=\"13 characters\">/Users/evills</span>\"
      \"<span class=sf-dump-key>HTTP_COOKIE</span>\" => \"<span class=sf-dump-str title=\"731 characters\">XSRF-TOKEN=eyJpdiI6ImNZUDZVWExLYUd5UDRucEt1bWtPY3c9PSIsInZhbHVlIjoiWXNYV3d2WTE0WXJiSHZQellBSytRZFhFYWlJaWRQWmZKTUc3OXNveWVHNUF5bVpuNm94c01GcUwwNEh0ZEovZ2JCdkoyZ1UveXlJUUpyMzVsaTJqc090N0ZxSWtrampEdndlY2pSSkJZSlM4MVBRZzFGRjdIaDMxVGd3VE4yNDEiLCJtYWMiOiJmMTQzNzM2YjUzNjdlOTk1YmY2MWRhZjVlYjI2MmM4OWYzMThiOTJiNjNkNzljY2QxNjc2MDllYTUxNGIwNjE3IiwidGFnIjoiIn0%3D; sistema_de_punto_de_venta_session=eyJpdiI6IjhDM0VSRlI5TVFMbHRnSG1hZ2ZLVHc9PSIsInZhbHVlIjoicmp2NVNmcWdQNFBFNnVFa0Y2WldNbWNVbW1ZV1lCQW1UWE5WdXd2YkdvMkF6SElKNWdrSC9Kc1FnYk9HdWlpbjIrQlZuQytsa2cySlZsaFdsTnVCVVJudFNhaEplSUMrU1oyOXlRMEtETjJXOG1iZ1NrMVRsNzhpbzRUV3NlNTciLCJtYWMiOiI0YTAzZDI1MjMzMDUwYzliZjI3NDU4MThjMTgxOTgyMDIzMDNlMGEzYjliZDQzOThlYzcwNDVmM2MxNTU3ODY4IiwidGFnIjoiIn0%3D</span>\"
      \"<span class=sf-dump-key>HTTP_PRIORITY</span>\" => \"<span class=sf-dump-str title=\"6 characters\">u=0, i</span>\"
      \"<span class=sf-dump-key>HTTP_ACCEPT_ENCODING</span>\" => \"<span class=sf-dump-str title=\"23 characters\">gzip, deflate, br, zstd</span>\"
      \"<span class=sf-dump-key>HTTP_REFERER</span>\" => \"<span class=sf-dump-str title=\"29 characters\">https://audazpos.test/pricing</span>\"
      \"<span class=sf-dump-key>HTTP_SEC_FETCH_DEST</span>\" => \"<span class=sf-dump-str title=\"8 characters\">document</span>\"
      \"<span class=sf-dump-key>HTTP_SEC_FETCH_USER</span>\" => \"<span class=sf-dump-str title=\"2 characters\">?1</span>\"
      \"<span class=sf-dump-key>HTTP_SEC_FETCH_MODE</span>\" => \"<span class=sf-dump-str title=\"8 characters\">navigate</span>\"
      \"<span class=sf-dump-key>HTTP_SEC_FETCH_SITE</span>\" => \"<span class=sf-dump-str title=\"11 characters\">same-origin</span>\"
      \"<span class=sf-dump-key>HTTP_ACCEPT_LANGUAGE</span>\" => \"<span class=sf-dump-str title=\"15 characters\">es-419,es;q=0.5</span>\"
      \"<span class=sf-dump-key>HTTP_SEC_GPC</span>\" => \"<span class=sf-dump-str>1</span>\"
      \"<span class=sf-dump-key>HTTP_ACCEPT</span>\" => \"<span class=sf-dump-str title=\"96 characters\">text/html,application/xhtml+xml,application/xml;q=0.9,image/avif,image/webp,image/apng,*/*;q=0.8</span>\"
      \"<span class=sf-dump-key>HTTP_USER_AGENT</span>\" => \"<span class=sf-dump-str title=\"117 characters\">Mozilla/5.0 (Macintosh; Intel Mac OS X 10_15_7) AppleWebKit/537.36 (KHTML, like Gecko) Chrome/143.0.0.0 Safari/537.36</span>\"
      \"<span class=sf-dump-key>HTTP_UPGRADE_INSECURE_REQUESTS</span>\" => \"<span class=sf-dump-str>1</span>\"
      \"<span class=sf-dump-key>HTTP_SEC_CH_UA_PLATFORM</span>\" => \"<span class=sf-dump-str title=\"7 characters\">&quot;macOS&quot;</span>\"
      \"<span class=sf-dump-key>HTTP_SEC_CH_UA_MOBILE</span>\" => \"<span class=sf-dump-str title=\"2 characters\">?0</span>\"
      \"<span class=sf-dump-key>HTTP_SEC_CH_UA</span>\" => \"<span class=sf-dump-str title=\"57 characters\">&quot;Brave&quot;;v=&quot;143&quot;, &quot;Chromium&quot;;v=&quot;143&quot;, &quot;Not A(Brand&quot;;v=&quot;24&quot;</span>\"
      \"<span class=sf-dump-key>HTTP_HOST</span>\" => \"<span class=sf-dump-str title=\"13 characters\">audazpos.test</span>\"
      \"<span class=sf-dump-key>PATH_INFO</span>\" => \"\"
      \"<span class=sf-dump-key>HERD_HOME</span>\" => \"<span class=sf-dump-str title=\"46 characters\">/Users/evills/Library/Application Support/Herd</span>\"
      \"<span class=sf-dump-key>REDIRECT_STATUS</span>\" => \"<span class=sf-dump-str title=\"3 characters\">200</span>\"
      \"<span class=sf-dump-key>HTTPS</span>\" => \"<span class=sf-dump-str title=\"2 characters\">on</span>\"
      \"<span class=sf-dump-key>SERVER_NAME</span>\" => \"<span class=sf-dump-str title=\"13 characters\">audazpos.test</span>\"
      \"<span class=sf-dump-key>SERVER_PORT</span>\" => \"<span class=sf-dump-str title=\"3 characters\">443</span>\"
      \"<span class=sf-dump-key>SERVER_ADDR</span>\" => \"<span class=sf-dump-str title=\"9 characters\">127.0.0.1</span>\"
      \"<span class=sf-dump-key>REMOTE_PORT</span>\" => \"<span class=sf-dump-str title=\"5 characters\">57639</span>\"
      \"<span class=sf-dump-key>REMOTE_ADDR</span>\" => \"<span class=sf-dump-str title=\"9 characters\">127.0.0.1</span>\"
      \"<span class=sf-dump-key>SERVER_SOFTWARE</span>\" => \"<span class=sf-dump-str title=\"12 characters\">nginx/1.25.4</span>\"
      \"<span class=sf-dump-key>GATEWAY_INTERFACE</span>\" => \"<span class=sf-dump-str title=\"7 characters\">CGI/1.1</span>\"
      \"<span class=sf-dump-key>SERVER_PROTOCOL</span>\" => \"<span class=sf-dump-str title=\"8 characters\">HTTP/2.0</span>\"
      \"<span class=sf-dump-key>DOCUMENT_ROOT</span>\" => \"\"
      \"<span class=sf-dump-key>DOCUMENT_URI</span>\" => \"<span class=sf-dump-str title=\"58 characters\">/Applications/Herd.app/Contents/Resources/valet/server.php</span>\"
      \"<span class=sf-dump-key>REQUEST_URI</span>\" => \"<span class=sf-dump-str title=\"6 characters\">/login</span>\"
      \"<span class=sf-dump-key>SCRIPT_NAME</span>\" => \"<span class=sf-dump-str title=\"58 characters\">/Applications/Herd.app/Contents/Resources/valet/server.php</span>\"
      \"<span class=sf-dump-key>SCRIPT_FILENAME</span>\" => \"<span class=sf-dump-str title=\"58 characters\">/Applications/Herd.app/Contents/Resources/valet/server.php</span>\"
      \"<span class=sf-dump-key>CONTENT_LENGTH</span>\" => \"\"
      \"<span class=sf-dump-key>CONTENT_TYPE</span>\" => \"\"
      \"<span class=sf-dump-key>REQUEST_METHOD</span>\" => \"<span class=sf-dump-str title=\"3 characters\">GET</span>\"
      \"<span class=sf-dump-key>QUERY_STRING</span>\" => \"\"
      \"<span class=sf-dump-key>FCGI_ROLE</span>\" => \"<span class=sf-dump-str title=\"9 characters\">RESPONDER</span>\"
      \"<span class=sf-dump-key>PHP_SELF</span>\" => \"<span class=sf-dump-str title=\"58 characters\">/Applications/Herd.app/Contents/Resources/valet/server.php</span>\"
      \"<span class=sf-dump-key>REQUEST_TIME_FLOAT</span>\" => <span class=sf-dump-num>1768072201.1931</span>
      \"<span class=sf-dump-key>REQUEST_TIME</span>\" => <span class=sf-dump-num>1768072201</span>
      \"<span class=sf-dump-key>argv</span>\" => []
      \"<span class=sf-dump-key>argc</span>\" => <span class=sf-dump-num>0</span>
      \"<span class=sf-dump-key>HERD_SITE_PATH</span>\" => \"<span class=sf-dump-str title=\"32 characters\">/Users/evills/developer/AudazPOS</span>\"
    </samp>]
  </samp>}
  +<span class=sf-dump-public title=\"Public property\">files</span>: <span class=\"sf-dump-note sf-dump-ellipsization\" title=\"Symfony\\Component\\HttpFoundation\\FileBag
\"><span class=\"sf-dump-ellipsis sf-dump-ellipsis-note\">Symfony\\Component\\HttpFoundation</span><span class=\"sf-dump-ellipsis sf-dump-ellipsis-note\">\\</span><span class=\"sf-dump-ellipsis-tail\">FileBag</span></span> {<a class=sf-dump-ref>#58</a><samp data-depth=2 class=sf-dump-compact>
    #<span class=sf-dump-protected title=\"Protected property\">parameters</span>: []
  </samp>}
  +<span class=sf-dump-public title=\"Public property\">cookies</span>: <span class=\"sf-dump-note sf-dump-ellipsization\" title=\"Symfony\\Component\\HttpFoundation\\InputBag
\"><span class=\"sf-dump-ellipsis sf-dump-ellipsis-note\">Symfony\\Component\\HttpFoundation</span><span class=\"sf-dump-ellipsis sf-dump-ellipsis-note\">\\</span><span class=\"sf-dump-ellipsis-tail\">InputBag</span></span> {<a class=sf-dump-ref>#56</a><samp data-depth=2 class=sf-dump-compact>
    #<span class=sf-dump-protected title=\"Protected property\">parameters</span>: <span class=sf-dump-note>array:2</span> [<samp data-depth=3 class=sf-dump-compact>
      \"<span class=sf-dump-key>XSRF-TOKEN</span>\" => \"<span class=sf-dump-str title=\"40 characters\">iMo0kkQJ9WgDwfNMVTYKjoOEEzVWjlZepfZhykyf</span>\"
      \"<span class=sf-dump-key>sistema_de_punto_de_venta_session</span>\" => \"<span class=sf-dump-str title=\"40 characters\">zWxUTi1G4TSPiLeKdMNvx5nRfYSHsk4xOaurkGL3</span>\"
    </samp>]
  </samp>}
  +<span class=sf-dump-public title=\"Public property\">headers</span>: <span class=\"sf-dump-note sf-dump-ellipsization\" title=\"Symfony\\Component\\HttpFoundation\\HeaderBag
\"><span class=\"sf-dump-ellipsis sf-dump-ellipsis-note\">Symfony\\Component\\HttpFoundation</span><span class=\"sf-dump-ellipsis sf-dump-ellipsis-note\">\\</span><span class=\"sf-dump-ellipsis-tail\">HeaderBag</span></span> {<a class=sf-dump-ref>#59</a><samp data-depth=2 class=sf-dump-compact>
    #<span class=sf-dump-protected title=\"Protected property\">headers</span>: <span class=sf-dump-note>array:17</span> [<samp data-depth=3 class=sf-dump-compact>
      \"<span class=sf-dump-key>cookie</span>\" => <span class=sf-dump-note>array:1</span> [ &#8230;1]
      \"<span class=sf-dump-key>priority</span>\" => <span class=sf-dump-note>array:1</span> [ &#8230;1]
      \"<span class=sf-dump-key>accept-encoding</span>\" => <span class=sf-dump-note>array:1</span> [ &#8230;1]
      \"<span class=sf-dump-key>referer</span>\" => <span class=sf-dump-note>array:1</span> [ &#8230;1]
      \"<span class=sf-dump-key>sec-fetch-dest</span>\" => <span class=sf-dump-note>array:1</span> [ &#8230;1]
      \"<span class=sf-dump-key>sec-fetch-user</span>\" => <span class=sf-dump-note>array:1</span> [ &#8230;1]
      \"<span class=sf-dump-key>sec-fetch-mode</span>\" => <span class=sf-dump-note>array:1</span> [ &#8230;1]
      \"<span class=sf-dump-key>sec-fetch-site</span>\" => <span class=sf-dump-note>array:1</span> [ &#8230;1]
      \"<span class=sf-dump-key>accept-language</span>\" => <span class=sf-dump-note>array:1</span> [ &#8230;1]
      \"<span class=sf-dump-key>sec-gpc</span>\" => <span class=sf-dump-note>array:1</span> [ &#8230;1]
      \"<span class=sf-dump-key>accept</span>\" => <span class=sf-dump-note>array:1</span> [ &#8230;1]
      \"<span class=sf-dump-key>user-agent</span>\" => <span class=sf-dump-note>array:1</span> [ &#8230;1]
      \"<span class=sf-dump-key>upgrade-insecure-requests</span>\" => <span class=sf-dump-note>array:1</span> [ &#8230;1]
      \"<span class=sf-dump-key>sec-ch-ua-platform</span>\" => <span class=sf-dump-note>array:1</span> [ &#8230;1]
      \"<span class=sf-dump-key>sec-ch-ua-mobile</span>\" => <span class=sf-dump-note>array:1</span> [ &#8230;1]
      \"<span class=sf-dump-key>sec-ch-ua</span>\" => <span class=sf-dump-note>array:1</span> [ &#8230;1]
      \"<span class=sf-dump-key>host</span>\" => <span class=sf-dump-note>array:1</span> [ &#8230;1]
    </samp>]
    #<span class=sf-dump-protected title=\"Protected property\">cacheControl</span>: []
  </samp>}
  #<span class=sf-dump-protected title=\"Protected property\">content</span>: <span class=sf-dump-const>null</span>
  #<span class=sf-dump-protected title=\"Protected property\">languages</span>: <span class=sf-dump-const>null</span>
  #<span class=sf-dump-protected title=\"Protected property\">charsets</span>: <span class=sf-dump-const>null</span>
  #<span class=sf-dump-protected title=\"Protected property\">encodings</span>: <span class=sf-dump-const>null</span>
  #<span class=sf-dump-protected title=\"Protected property\">acceptableContentTypes</span>: <span class=sf-dump-const>null</span>
  #<span class=sf-dump-protected title=\"Protected property\">pathInfo</span>: \"<span class=sf-dump-str title=\"6 characters\">/login</span>\"
  #<span class=sf-dump-protected title=\"Protected property\">requestUri</span>: \"<span class=sf-dump-str title=\"6 characters\">/login</span>\"
  #<span class=sf-dump-protected title=\"Protected property\">baseUrl</span>: \"\"
  #<span class=sf-dump-protected title=\"Protected property\">basePath</span>: <span class=sf-dump-const>null</span>
  #<span class=sf-dump-protected title=\"Protected property\">method</span>: \"<span class=sf-dump-str title=\"3 characters\">GET</span>\"
  #<span class=sf-dump-protected title=\"Protected property\">format</span>: <span class=sf-dump-const>null</span>
  #<span class=sf-dump-protected title=\"Protected property\">session</span>: <span class=\"sf-dump-note sf-dump-ellipsization\" title=\"Illuminate\\Session\\Store
\"><span class=\"sf-dump-ellipsis sf-dump-ellipsis-note\">Illuminate\\Session</span><span class=\"sf-dump-ellipsis sf-dump-ellipsis-note\">\\</span><span class=\"sf-dump-ellipsis-tail\">Store</span></span> {<a class=sf-dump-ref>#2264</a><samp data-depth=2 class=sf-dump-compact>
    #<span class=sf-dump-protected title=\"Protected property\">id</span>: \"<span class=sf-dump-str title=\"40 characters\">zWxUTi1G4TSPiLeKdMNvx5nRfYSHsk4xOaurkGL3</span>\"
    #<span class=sf-dump-protected title=\"Protected property\">name</span>: \"<span class=sf-dump-str title=\"33 characters\">sistema_de_punto_de_venta_session</span>\"
    #<span class=sf-dump-protected title=\"Protected property\">attributes</span>: <span class=sf-dump-note>array:3</span> [<samp data-depth=3 class=sf-dump-compact>
      \"<span class=sf-dump-key>_token</span>\" => \"<span class=sf-dump-str title=\"40 characters\">iMo0kkQJ9WgDwfNMVTYKjoOEEzVWjlZepfZhykyf</span>\"
      \"<span class=sf-dump-key>_previous</span>\" => <span class=sf-dump-note>array:1</span> [ &#8230;1]
      \"<span class=sf-dump-key>_flash</span>\" => <span class=sf-dump-note>array:2</span> [ &#8230;2]
    </samp>]
    #<span class=sf-dump-protected title=\"Protected property\">handler</span>: <span class=\"sf-dump-note sf-dump-ellipsization\" title=\"Illuminate\\Session\\FileSessionHandler
\"><span class=\"sf-dump-ellipsis sf-dump-ellipsis-note\">Illuminate\\Session</span><span class=\"sf-dump-ellipsis sf-dump-ellipsis-note\">\\</span><span class=\"sf-dump-ellipsis-tail\">FileSessionHandler</span></span> {<a class=sf-dump-ref>#2263</a><samp data-depth=3 class=sf-dump-compact>
      #<span class=sf-dump-protected title=\"Protected property\">files</span>: <span class=\"sf-dump-note sf-dump-ellipsization\" title=\"Illuminate\\Filesystem\\Filesystem
\"><span class=\"sf-dump-ellipsis sf-dump-ellipsis-note\">Illuminate\\Filesystem</span><span class=\"sf-dump-ellipsis sf-dump-ellipsis-note\">\\</span><span class=\"sf-dump-ellipsis-tail\">Filesystem</span></span> {<a class=sf-dump-ref>#267</a>}
      #<span class=sf-dump-protected title=\"Protected property\">path</span>: \"<span class=sf-dump-str title=\"59 characters\">/Users/evills/developer/AudazPOS/storage/framework/sessions</span>\"
      #<span class=sf-dump-protected title=\"Protected property\">minutes</span>: <span class=sf-dump-num>120</span>
    </samp>}
    #<span class=sf-dump-protected title=\"Protected property\">serialization</span>: \"<span class=sf-dump-str title=\"3 characters\">php</span>\"
    #<span class=sf-dump-protected title=\"Protected property\">started</span>: <span class=sf-dump-const>true</span>
  </samp>}
  #<span class=sf-dump-protected title=\"Protected property\">locale</span>: <span class=sf-dump-const>null</span>
  #<span class=sf-dump-protected title=\"Protected property\">defaultLocale</span>: \"<span class=sf-dump-str title=\"2 characters\">en</span>\"
  -<span class=sf-dump-private title=\"Private property defined in class:&#10;`Symfony\\Component\\HttpFoundation\\Request`\">preferredFormat</span>: <span class=sf-dump-const>null</span>
  -<span class=sf-dump-private title=\"Private property defined in class:&#10;`Symfony\\Component\\HttpFoundation\\Request`\">isHostValid</span>: <span class=sf-dump-const>true</span>
  -<span class=sf-dump-private title=\"Private property defined in class:&#10;`Symfony\\Component\\HttpFoundation\\Request`\">isForwardedValid</span>: <span class=sf-dump-const>true</span>
  -<span class=sf-dump-private title=\"Private property defined in class:&#10;`Symfony\\Component\\HttpFoundation\\Request`\">isSafeContentPreferred</span>: <span class=sf-dump-const title=\"Uninitialized property\">? bool</span>
  -<span class=sf-dump-private title=\"Private property defined in class:&#10;`Symfony\\Component\\HttpFoundation\\Request`\">trustedValuesCache</span>: []
  -<span class=sf-dump-private title=\"Private property defined in class:&#10;`Symfony\\Component\\HttpFoundation\\Request`\">isIisRewrite</span>: <span class=sf-dump-const>false</span>
  #<span class=sf-dump-protected title=\"Protected property\">json</span>: <span class=sf-dump-const>null</span>
  #<span class=sf-dump-protected title=\"Protected property\">convertedFiles</span>: []
  #<span class=sf-dump-protected title=\"Protected property\">userResolver</span>: <span class=sf-dump-note>Closure($guard = null)</span> {<a class=sf-dump-ref>#2204</a><samp data-depth=2 class=sf-dump-compact>
    <span class=sf-dump-meta>class</span>: \"<span class=\"sf-dump-str sf-dump-ellipsization\" title=\"Illuminate\\Auth\\AuthServiceProvider
35 characters\"><span class=\"sf-dump-ellipsis sf-dump-ellipsis-class\">Illuminate\\Auth</span><span class=\"sf-dump-ellipsis sf-dump-ellipsis-class\">\\</span><span class=\"sf-dump-ellipsis-tail\">AuthServiceProvider</span></span>\"
    <span class=sf-dump-meta>this</span>: <span class=\"sf-dump-note sf-dump-ellipsization\" title=\"Illuminate\\Auth\\AuthServiceProvider
\"><span class=\"sf-dump-ellipsis sf-dump-ellipsis-note\">Illuminate\\Auth</span><span class=\"sf-dump-ellipsis sf-dump-ellipsis-note\">\\</span><span class=\"sf-dump-ellipsis-tail\">AuthServiceProvider</span></span> {<a class=sf-dump-ref>#65</a> &#8230;}
    <span class=sf-dump-meta>use</span>: {<samp data-depth=3 class=sf-dump-compact>
      <span class=sf-dump-meta>$app</span>: <span class=\"sf-dump-note sf-dump-ellipsization\" title=\"Illuminate\\Foundation\\Application
\"><span class=\"sf-dump-ellipsis sf-dump-ellipsis-note\">Illuminate\\Foundation</span><span class=\"sf-dump-ellipsis sf-dump-ellipsis-note\">\\</span><span class=\"sf-dump-ellipsis-tail\">Application</span></span> {<a class=sf-dump-ref>#10</a> &#8230;}
    </samp>}
    <span class=sf-dump-meta>file</span>: \"<span class=\"sf-dump-str sf-dump-ellipsization\" title=\"/Users/evills/developer/AudazPOS/vendor/laravel/framework/src/Illuminate/Auth/AuthServiceProvider.php
101 characters\"><span class=\"sf-dump-ellipsis sf-dump-ellipsis-path\">/Users/evills/developer/AudazPOS/vendor</span><span class=\"sf-dump-ellipsis sf-dump-ellipsis-path\">/laravel/framework/</span><span class=\"sf-dump-ellipsis-tail\">src/Illuminate/Auth/AuthServiceProvider.php</span></span>\"
    <span class=sf-dump-meta>line</span>: \"<span class=sf-dump-str title=\"8 characters\">88 to 90</span>\"
  </samp>}
  #<span class=sf-dump-protected title=\"Protected property\">routeResolver</span>: <span class=sf-dump-note>Closure()</span> {<a class=sf-dump-ref>#1680</a><samp data-depth=2 class=sf-dump-compact>
    <span class=sf-dump-meta>class</span>: \"<span class=\"sf-dump-str sf-dump-ellipsization\" title=\"Illuminate\\Routing\\Router
25 characters\"><span class=\"sf-dump-ellipsis sf-dump-ellipsis-class\">Illuminate\\Routing</span><span class=\"sf-dump-ellipsis sf-dump-ellipsis-class\">\\</span><span class=\"sf-dump-ellipsis-tail\">Router</span></span>\"
    <span class=sf-dump-meta>this</span>: <span class=\"sf-dump-note sf-dump-ellipsization\" title=\"Illuminate\\Routing\\Router
\"><span class=\"sf-dump-ellipsis sf-dump-ellipsis-note\">Illuminate\\Routing</span><span class=\"sf-dump-ellipsis sf-dump-ellipsis-note\">\\</span><span class=\"sf-dump-ellipsis-tail\">Router</span></span> {<a class=sf-dump-ref>#36</a> &#8230;}
    <span class=sf-dump-meta>use</span>: {<samp data-depth=3 class=sf-dump-compact>
      <span class=sf-dump-meta>$route</span>: <span class=\"sf-dump-note sf-dump-ellipsization\" title=\"Illuminate\\Routing\\Route
\"><span class=\"sf-dump-ellipsis sf-dump-ellipsis-note\">Illuminate\\Routing</span><span class=\"sf-dump-ellipsis sf-dump-ellipsis-note\">\\</span><span class=\"sf-dump-ellipsis-tail\">Route</span></span> {<a class=sf-dump-ref>#583</a> &#8230;}
    </samp>}
    <span class=sf-dump-meta>file</span>: \"<span class=\"sf-dump-str sf-dump-ellipsization\" title=\"/Users/evills/developer/AudazPOS/vendor/laravel/framework/src/Illuminate/Routing/Router.php
91 characters\"><span class=\"sf-dump-ellipsis sf-dump-ellipsis-path\">/Users/evills/developer/AudazPOS/vendor</span><span class=\"sf-dump-ellipsis sf-dump-ellipsis-path\">/laravel/framework/</span><span class=\"sf-dump-ellipsis-tail\">src/Illuminate/Routing/Router.php</span></span>\"
    <span class=sf-dump-meta>line</span>: \"<span class=sf-dump-str title=\"10 characters\">771 to 771</span>\"
  </samp>}
  <span class=sf-dump-meta>basePath</span>: \"\"
  <span class=sf-dump-meta>format</span>: \"<span class=sf-dump-str title=\"4 characters\">html</span>\"
</samp>}
</pre><script>Sfdump(\"sf-dump-851699192\", {\"maxDepth\":3,\"maxStringLength\":160})</script>
","username":"<pre class=sf-dump id=sf-dump-1760164392 data-indent-pad=\"  \"><span class=sf-dump-const>null</span>
</pre><script>Sfdump(\"sf-dump-1760164392\", {\"maxDepth\":3,\"maxStringLength\":160})</script>
","password":"<pre class=sf-dump id=sf-dump-771900294 data-indent-pad=\"  \"><span class=sf-dump-const>null</span>
</pre><script>Sfdump(\"sf-dump-771900294\", {\"maxDepth\":3,\"maxStringLength\":160})</script>
","__additional_views":"<pre class=sf-dump id=sf-dump-151033854 data-indent-pad=\"  \">[]
</pre><script>Sfdump(\"sf-dump-151033854\", {\"maxDepth\":3,\"maxStringLength\":160})</script>
","__additional_html":"<pre class=sf-dump id=sf-dump-437745100 data-indent-pad=\"  \">\"\"
</pre><script>Sfdump(\"sf-dump-437745100\", {\"maxDepth\":3,\"maxStringLength\":160})</script>
","__system_settings":"<pre class=sf-dump id=sf-dump-1261957974 data-indent-pad=\"  \"><span class=sf-dump-note>Illuminate\\Support\\Collection</span> {<a class=sf-dump-ref>#2300</a><samp data-depth=1 class=sf-dump-expanded>
  #<span class=sf-dump-protected title=\"Protected property\">items</span>: <span class=sf-dump-note>array:2</span> [<samp data-depth=2 class=sf-dump-compact>
    \"<span class=sf-dump-key>additional_js</span>\" => <span class=sf-dump-const>null</span>
    \"<span class=sf-dump-key>additional_css</span>\" => <span class=sf-dump-const>null</span>
  </samp>]
  #<span class=sf-dump-protected title=\"Protected property\">escapeWhenCastingToString</span>: <span class=sf-dump-const>false</span>
</samp>}
</pre><script>Sfdump(\"sf-dump-1261957974\", {\"maxDepth\":3,\"maxStringLength\":160})</script>
"}},"exception":"[object] (Spatie\\LaravelIgnition\\Exceptions\\ViewException(code: 0): Action Modules\\Superadmin\\Http\\Controllers\\PricingController@index not defined. at /Users/evills/developer/AudazPOS/vendor/laravel/framework/src/Illuminate/Routing/UrlGenerator.php:510)
[stacktrace]
#0 /Users/evills/developer/AudazPOS/vendor/laravel/framework/src/Illuminate/Foundation/helpers.php(102): Illuminate\\Routing\\UrlGenerator->action('Modules\\\\Superad...', Array, true)
#1 /Users/evills/developer/AudazPOS/resources/views/layouts/auth2.blade.php(84): action(Array)
#2 /Users/evills/developer/AudazPOS/vendor/laravel/framework/src/Illuminate/Filesystem/Filesystem.php(109): require('/Users/evills/d...')
#3 /Users/evills/developer/AudazPOS/vendor/laravel/framework/src/Illuminate/Filesystem/Filesystem.php(110): Illuminate\\Filesystem\\Filesystem::Illuminate\\Filesystem\\{closure}()
#4 /Users/evills/developer/AudazPOS/vendor/laravel/framework/src/Illuminate/View/Engines/PhpEngine.php(58): Illuminate\\Filesystem\\Filesystem->getRequire('/Users/evills/d...', Array)
#5 /Users/evills/developer/AudazPOS/vendor/laravel/framework/src/Illuminate/View/Engines/CompilerEngine.php(70): Illuminate\\View\\Engines\\PhpEngine->evaluatePath('/Users/evills/d...', Array)
#6 /Users/evills/developer/AudazPOS/vendor/laravel/framework/src/Illuminate/View/View.php(195): Illuminate\\View\\Engines\\CompilerEngine->get('/Users/evills/d...', Array)
#7 /Users/evills/developer/AudazPOS/vendor/laravel/framework/src/Illuminate/View/View.php(178): Illuminate\\View\\View->getContents()
#8 /Users/evills/developer/AudazPOS/vendor/laravel/framework/src/Illuminate/View/View.php(147): Illuminate\\View\\View->renderContents()
#9 /Users/evills/developer/AudazPOS/resources/views/auth/login.blade.php(251): Illuminate\\View\\View->render()
#10 /Users/evills/developer/AudazPOS/vendor/laravel/framework/src/Illuminate/Filesystem/Filesystem.php(109): require('/Users/evills/d...')
#11 /Users/evills/developer/AudazPOS/vendor/laravel/framework/src/Illuminate/Filesystem/Filesystem.php(110): Illuminate\\Filesystem\\Filesystem::Illuminate\\Filesystem\\{closure}()
#12 /Users/evills/developer/AudazPOS/vendor/laravel/framework/src/Illuminate/View/Engines/PhpEngine.php(58): Illuminate\\Filesystem\\Filesystem->getRequire('/Users/evills/d...', Array)
#13 /Users/evills/developer/AudazPOS/vendor/laravel/framework/src/Illuminate/View/Engines/CompilerEngine.php(70): Illuminate\\View\\Engines\\PhpEngine->evaluatePath('/Users/evills/d...', Array)
#14 /Users/evills/developer/AudazPOS/vendor/laravel/framework/src/Illuminate/View/View.php(195): Illuminate\\View\\Engines\\CompilerEngine->get('/Users/evills/d...', Array)
#15 /Users/evills/developer/AudazPOS/vendor/laravel/framework/src/Illuminate/View/View.php(178): Illuminate\\View\\View->getContents()
#16 /Users/evills/developer/AudazPOS/vendor/laravel/framework/src/Illuminate/View/View.php(147): Illuminate\\View\\View->renderContents()
#17 /Users/evills/developer/AudazPOS/vendor/laravel/framework/src/Illuminate/Http/Response.php(69): Illuminate\\View\\View->render()
#18 /Users/evills/developer/AudazPOS/vendor/laravel/framework/src/Illuminate/Http/Response.php(35): Illuminate\\Http\\Response->setContent(Object(Illuminate\\View\\View))
#19 /Users/evills/developer/AudazPOS/vendor/laravel/framework/src/Illuminate/Routing/Router.php(906): Illuminate\\Http\\Response->__construct(Object(Illuminate\\View\\View), 200, Array)
#20 /Users/evills/developer/AudazPOS/vendor/laravel/framework/src/Illuminate/Routing/Router.php(875): Illuminate\\Routing\\Router::toResponse(Object(Illuminate\\Http\\Request), Object(Illuminate\\View\\View))
#21 /Users/evills/developer/AudazPOS/vendor/laravel/framework/src/Illuminate/Routing/Router.php(797): Illuminate\\Routing\\Router->prepareResponse(Object(Illuminate\\Http\\Request), Object(Illuminate\\View\\View))
#22 /Users/evills/developer/AudazPOS/vendor/laravel/framework/src/Illuminate/Pipeline/Pipeline.php(141): Illuminate\\Routing\\Router->Illuminate\\Routing\\{closure}(Object(Illuminate\\Http\\Request))
#23 /Users/evills/developer/AudazPOS/app/Http/Middleware/RedirectIfAuthenticated.php(30): Illuminate\\Pipeline\\Pipeline->Illuminate\\Pipeline\\{closure}(Object(Illuminate\\Http\\Request))
#24 /Users/evills/developer/AudazPOS/vendor/laravel/framework/src/Illuminate/Pipeline/Pipeline.php(180): App\\Http\\Middleware\\RedirectIfAuthenticated->handle(Object(Illuminate\\Http\\Request), Object(Closure))
#25 /Users/evills/developer/AudazPOS/app/Http/Middleware/IsInstalled.php(50): Illuminate\\Pipeline\\Pipeline->Illuminate\\Pipeline\\{closure}(Object(Illuminate\\Http\\Request))
#26 /Users/evills/developer/AudazPOS/vendor/laravel/framework/src/Illuminate/Pipeline/Pipeline.php(180): App\\Http\\Middleware\\IsInstalled->handle(Object(Illuminate\\Http\\Request), Object(Closure))
#27 /Users/evills/developer/AudazPOS/vendor/barryvdh/laravel-debugbar/src/Middleware/InjectDebugbar.php(59): Illuminate\\Pipeline\\Pipeline->Illuminate\\Pipeline\\{closure}(Object(Illuminate\\Http\\Request))
#28 /Users/evills/developer/AudazPOS/vendor/laravel/framework/src/Illuminate/Pipeline/Pipeline.php(180): Barryvdh\\Debugbar\\Middleware\\InjectDebugbar->handle(Object(Illuminate\\Http\\Request), Object(Closure))
#29 /Users/evills/developer/AudazPOS/vendor/laravel/framework/src/Illuminate/Routing/Middleware/SubstituteBindings.php(50): Illuminate\\Pipeline\\Pipeline->Illuminate\\Pipeline\\{closure}(Object(Illuminate\\Http\\Request))
#30 /Users/evills/developer/AudazPOS/vendor/laravel/framework/src/Illuminate/Pipeline/Pipeline.php(180): Illuminate\\Routing\\Middleware\\SubstituteBindings->handle(Object(Illuminate\\Http\\Request), Object(Closure))
#31 /Users/evills/developer/AudazPOS/vendor/laravel/framework/src/Illuminate/Foundation/Http/Middleware/VerifyCsrfToken.php(78): Illuminate\\Pipeline\\Pipeline->Illuminate\\Pipeline\\{closure}(Object(Illuminate\\Http\\Request))
#32 /Users/evills/developer/AudazPOS/vendor/laravel/framework/src/Illuminate/Pipeline/Pipeline.php(180): Illuminate\\Foundation\\Http\\Middleware\\VerifyCsrfToken->handle(Object(Illuminate\\Http\\Request), Object(Closure))
#33 /Users/evills/developer/AudazPOS/vendor/laravel/framework/src/Illuminate/View/Middleware/ShareErrorsFromSession.php(49): Illuminate\\Pipeline\\Pipeline->Illuminate\\Pipeline\\{closure}(Object(Illuminate\\Http\\Request))
#34 /Users/evills/developer/AudazPOS/vendor/laravel/framework/src/Illuminate/Pipeline/Pipeline.php(180): Illuminate\\View\\Middleware\\ShareErrorsFromSession->handle(Object(Illuminate\\Http\\Request), Object(Closure))
#35 /Users/evills/developer/AudazPOS/vendor/laravel/framework/src/Illuminate/Session/Middleware/StartSession.php(121): Illuminate\\Pipeline\\Pipeline->Illuminate\\Pipeline\\{closure}(Object(Illuminate\\Http\\Request))
#36 /Users/evills/developer/AudazPOS/vendor/laravel/framework/src/Illuminate/Session/Middleware/StartSession.php(64): Illuminate\\Session\\Middleware\\StartSession->handleStatefulRequest(Object(Illuminate\\Http\\Request), Object(Illuminate\\Session\\Store), Object(Closure))
#37 /Users/evills/developer/AudazPOS/vendor/laravel/framework/src/Illuminate/Pipeline/Pipeline.php(180): Illuminate\\Session\\Middleware\\StartSession->handle(Object(Illuminate\\Http\\Request), Object(Closure))
#38 /Users/evills/developer/AudazPOS/vendor/laravel/framework/src/Illuminate/Cookie/Middleware/AddQueuedCookiesToResponse.php(37): Illuminate\\Pipeline\\Pipeline->Illuminate\\Pipeline\\{closure}(Object(Illuminate\\Http\\Request))
#39 /Users/evills/developer/AudazPOS/vendor/laravel/framework/src/Illuminate/Pipeline/Pipeline.php(180): Illuminate\\Cookie\\Middleware\\AddQueuedCookiesToResponse->handle(Object(Illuminate\\Http\\Request), Object(Closure))
#40 /Users/evills/developer/AudazPOS/vendor/laravel/framework/src/Illuminate/Cookie/Middleware/EncryptCookies.php(67): Illuminate\\Pipeline\\Pipeline->Illuminate\\Pipeline\\{closure}(Object(Illuminate\\Http\\Request))
#41 /Users/evills/developer/AudazPOS/vendor/laravel/framework/src/Illuminate/Pipeline/Pipeline.php(180): Illuminate\\Cookie\\Middleware\\EncryptCookies->handle(Object(Illuminate\\Http\\Request), Object(Closure))
#42 /Users/evills/developer/AudazPOS/vendor/laravel/framework/src/Illuminate/Pipeline/Pipeline.php(116): Illuminate\\Pipeline\\Pipeline->Illuminate\\Pipeline\\{closure}(Object(Illuminate\\Http\\Request))
#43 /Users/evills/developer/AudazPOS/vendor/laravel/framework/src/Illuminate/Routing/Router.php(797): Illuminate\\Pipeline\\Pipeline->then(Object(Closure))
#44 /Users/evills/developer/AudazPOS/vendor/laravel/framework/src/Illuminate/Routing/Router.php(776): Illuminate\\Routing\\Router->runRouteWithinStack(Object(Illuminate\\Routing\\Route), Object(Illuminate\\Http\\Request))
#45 /Users/evills/developer/AudazPOS/vendor/laravel/framework/src/Illuminate/Routing/Router.php(740): Illuminate\\Routing\\Router->runRoute(Object(Illuminate\\Http\\Request), Object(Illuminate\\Routing\\Route))
#46 /Users/evills/developer/AudazPOS/vendor/laravel/framework/src/Illuminate/Routing/Router.php(729): Illuminate\\Routing\\Router->dispatchToRoute(Object(Illuminate\\Http\\Request))
#47 /Users/evills/developer/AudazPOS/vendor/laravel/framework/src/Illuminate/Foundation/Http/Kernel.php(190): Illuminate\\Routing\\Router->dispatch(Object(Illuminate\\Http\\Request))
#48 /Users/evills/developer/AudazPOS/vendor/laravel/framework/src/Illuminate/Pipeline/Pipeline.php(141): Illuminate\\Foundation\\Http\\Kernel->Illuminate\\Foundation\\Http\\{closure}(Object(Illuminate\\Http\\Request))
#49 /Users/evills/developer/AudazPOS/vendor/barryvdh/laravel-debugbar/src/Middleware/InjectDebugbar.php(59): Illuminate\\Pipeline\\Pipeline->Illuminate\\Pipeline\\{closure}(Object(Illuminate\\Http\\Request))
#50 /Users/evills/developer/AudazPOS/vendor/laravel/framework/src/Illuminate/Pipeline/Pipeline.php(180): Barryvdh\\Debugbar\\Middleware\\InjectDebugbar->handle(Object(Illuminate\\Http\\Request), Object(Closure))
#51 /Users/evills/developer/AudazPOS/vendor/laravel/framework/src/Illuminate/Foundation/Http/Middleware/TransformsRequest.php(21): Illuminate\\Pipeline\\Pipeline->Illuminate\\Pipeline\\{closure}(Object(Illuminate\\Http\\Request))
#52 /Users/evills/developer/AudazPOS/vendor/laravel/framework/src/Illuminate/Foundation/Http/Middleware/ConvertEmptyStringsToNull.php(31): Illuminate\\Foundation\\Http\\Middleware\\TransformsRequest->handle(Object(Illuminate\\Http\\Request), Object(Closure))
#53 /Users/evills/developer/AudazPOS/vendor/laravel/framework/src/Illuminate/Pipeline/Pipeline.php(180): Illuminate\\Foundation\\Http\\Middleware\\ConvertEmptyStringsToNull->handle(Object(Illuminate\\Http\\Request), Object(Closure))
#54 /Users/evills/developer/AudazPOS/vendor/laravel/framework/src/Illuminate/Foundation/Http/Middleware/TransformsRequest.php(21): Illuminate\\Pipeline\\Pipeline->Illuminate\\Pipeline\\{closure}(Object(Illuminate\\Http\\Request))
#55 /Users/evills/developer/AudazPOS/vendor/laravel/framework/src/Illuminate/Foundation/Http/Middleware/TrimStrings.php(40): Illuminate\\Foundation\\Http\\Middleware\\TransformsRequest->handle(Object(Illuminate\\Http\\Request), Object(Closure))
#56 /Users/evills/developer/AudazPOS/vendor/laravel/framework/src/Illuminate/Pipeline/Pipeline.php(180): Illuminate\\Foundation\\Http\\Middleware\\TrimStrings->handle(Object(Illuminate\\Http\\Request), Object(Closure))
#57 /Users/evills/developer/AudazPOS/vendor/laravel/framework/src/Illuminate/Foundation/Http/Middleware/ValidatePostSize.php(27): Illuminate\\Pipeline\\Pipeline->Illuminate\\Pipeline\\{closure}(Object(Illuminate\\Http\\Request))
#58 /Users/evills/developer/AudazPOS/vendor/laravel/framework/src/Illuminate/Pipeline/Pipeline.php(180): Illuminate\\Foundation\\Http\\Middleware\\ValidatePostSize->handle(Object(Illuminate\\Http\\Request), Object(Closure))
#59 /Users/evills/developer/AudazPOS/vendor/laravel/framework/src/Illuminate/Foundation/Http/Middleware/PreventRequestsDuringMaintenance.php(86): Illuminate\\Pipeline\\Pipeline->Illuminate\\Pipeline\\{closure}(Object(Illuminate\\Http\\Request))
#60 /Users/evills/developer/AudazPOS/vendor/laravel/framework/src/Illuminate/Pipeline/Pipeline.php(180): Illuminate\\Foundation\\Http\\Middleware\\PreventRequestsDuringMaintenance->handle(Object(Illuminate\\Http\\Request), Object(Closure))
#61 /Users/evills/developer/AudazPOS/vendor/laravel/framework/src/Illuminate/Http/Middleware/HandleCors.php(49): Illuminate\\Pipeline\\Pipeline->Illuminate\\Pipeline\\{closure}(Object(Illuminate\\Http\\Request))
#62 /Users/evills/developer/AudazPOS/vendor/laravel/framework/src/Illuminate/Pipeline/Pipeline.php(180): Illuminate\\Http\\Middleware\\HandleCors->handle(Object(Illuminate\\Http\\Request), Object(Closure))
#63 /Users/evills/developer/AudazPOS/vendor/laravel/framework/src/Illuminate/Http/Middleware/TrustProxies.php(39): Illuminate\\Pipeline\\Pipeline->Illuminate\\Pipeline\\{closure}(Object(Illuminate\\Http\\Request))
#64 /Users/evills/developer/AudazPOS/vendor/laravel/framework/src/Illuminate/Pipeline/Pipeline.php(180): Illuminate\\Http\\Middleware\\TrustProxies->handle(Object(Illuminate\\Http\\Request), Object(Closure))
#65 /Users/evills/developer/AudazPOS/vendor/laravel/framework/src/Illuminate/Pipeline/Pipeline.php(116): Illuminate\\Pipeline\\Pipeline->Illuminate\\Pipeline\\{closure}(Object(Illuminate\\Http\\Request))
#66 /Users/evills/developer/AudazPOS/vendor/laravel/framework/src/Illuminate/Foundation/Http/Kernel.php(165): Illuminate\\Pipeline\\Pipeline->then(Object(Closure))
#67 /Users/evills/developer/AudazPOS/vendor/laravel/framework/src/Illuminate/Foundation/Http/Kernel.php(134): Illuminate\\Foundation\\Http\\Kernel->sendRequestThroughRouter(Object(Illuminate\\Http\\Request))
#68 /Users/evills/developer/AudazPOS/public/index.php(51): Illuminate\\Foundation\\Http\\Kernel->handle(Object(Illuminate\\Http\\Request))
#69 /Applications/Herd.app/Contents/Resources/valet/server.php(167): require('/Users/evills/d...')
#70 {main}

[previous exception] [object] (InvalidArgumentException(code: 0): Action Modules\\Superadmin\\Http\\Controllers\\PricingController@index not defined. at /Users/evills/developer/AudazPOS/vendor/laravel/framework/src/Illuminate/Routing/UrlGenerator.php:510)
[stacktrace]
#0 /Users/evills/developer/AudazPOS/vendor/laravel/framework/src/Illuminate/Foundation/helpers.php(102): Illuminate\\Routing\\UrlGenerator->action('Modules\\\\Superad...', Array, true)
#1 /Users/evills/developer/AudazPOS/storage/framework/views/76889ebe82abdfbd896881efafc37980a5e18a27.php(79): action(Array)
#2 /Users/evills/developer/AudazPOS/vendor/laravel/framework/src/Illuminate/Filesystem/Filesystem.php(109): require('/Users/evills/d...')
#3 /Users/evills/developer/AudazPOS/vendor/laravel/framework/src/Illuminate/Filesystem/Filesystem.php(110): Illuminate\\Filesystem\\Filesystem::Illuminate\\Filesystem\\{closure}()
#4 /Users/evills/developer/AudazPOS/vendor/laravel/framework/src/Illuminate/View/Engines/PhpEngine.php(58): Illuminate\\Filesystem\\Filesystem->getRequire('/Users/evills/d...', Array)
#5 /Users/evills/developer/AudazPOS/vendor/laravel/framework/src/Illuminate/View/Engines/CompilerEngine.php(70): Illuminate\\View\\Engines\\PhpEngine->evaluatePath('/Users/evills/d...', Array)
#6 /Users/evills/developer/AudazPOS/vendor/laravel/framework/src/Illuminate/View/View.php(195): Illuminate\\View\\Engines\\CompilerEngine->get('/Users/evills/d...', Array)
#7 /Users/evills/developer/AudazPOS/vendor/laravel/framework/src/Illuminate/View/View.php(178): Illuminate\\View\\View->getContents()
#8 /Users/evills/developer/AudazPOS/vendor/laravel/framework/src/Illuminate/View/View.php(147): Illuminate\\View\\View->renderContents()
#9 /Users/evills/developer/AudazPOS/storage/framework/views/d7f4592fef5531c380ebe9f195aec2204dfb3ff8.php(256): Illuminate\\View\\View->render()
#10 /Users/evills/developer/AudazPOS/vendor/laravel/framework/src/Illuminate/Filesystem/Filesystem.php(109): require('/Users/evills/d...')
#11 /Users/evills/developer/AudazPOS/vendor/laravel/framework/src/Illuminate/Filesystem/Filesystem.php(110): Illuminate\\Filesystem\\Filesystem::Illuminate\\Filesystem\\{closure}()
#12 /Users/evills/developer/AudazPOS/vendor/laravel/framework/src/Illuminate/View/Engines/PhpEngine.php(58): Illuminate\\Filesystem\\Filesystem->getRequire('/Users/evills/d...', Array)
#13 /Users/evills/developer/AudazPOS/vendor/laravel/framework/src/Illuminate/View/Engines/CompilerEngine.php(70): Illuminate\\View\\Engines\\PhpEngine->evaluatePath('/Users/evills/d...', Array)
#14 /Users/evills/developer/AudazPOS/vendor/laravel/framework/src/Illuminate/View/View.php(195): Illuminate\\View\\Engines\\CompilerEngine->get('/Users/evills/d...', Array)
#15 /Users/evills/developer/AudazPOS/vendor/laravel/framework/src/Illuminate/View/View.php(178): Illuminate\\View\\View->getContents()
#16 /Users/evills/developer/AudazPOS/vendor/laravel/framework/src/Illuminate/View/View.php(147): Illuminate\\View\\View->renderContents()
#17 /Users/evills/developer/AudazPOS/vendor/laravel/framework/src/Illuminate/Http/Response.php(69): Illuminate\\View\\View->render()
#18 /Users/evills/developer/AudazPOS/vendor/laravel/framework/src/Illuminate/Http/Response.php(35): Illuminate\\Http\\Response->setContent(Object(Illuminate\\View\\View))
#19 /Users/evills/developer/AudazPOS/vendor/laravel/framework/src/Illuminate/Routing/Router.php(906): Illuminate\\Http\\Response->__construct(Object(Illuminate\\View\\View), 200, Array)
#20 /Users/evills/developer/AudazPOS/vendor/laravel/framework/src/Illuminate/Routing/Router.php(875): Illuminate\\Routing\\Router::toResponse(Object(Illuminate\\Http\\Request), Object(Illuminate\\View\\View))
#21 /Users/evills/developer/AudazPOS/vendor/laravel/framework/src/Illuminate/Routing/Router.php(797): Illuminate\\Routing\\Router->prepareResponse(Object(Illuminate\\Http\\Request), Object(Illuminate\\View\\View))
#22 /Users/evills/developer/AudazPOS/vendor/laravel/framework/src/Illuminate/Pipeline/Pipeline.php(141): Illuminate\\Routing\\Router->Illuminate\\Routing\\{closure}(Object(Illuminate\\Http\\Request))
#23 /Users/evills/developer/AudazPOS/app/Http/Middleware/RedirectIfAuthenticated.php(30): Illuminate\\Pipeline\\Pipeline->Illuminate\\Pipeline\\{closure}(Object(Illuminate\\Http\\Request))
#24 /Users/evills/developer/AudazPOS/vendor/laravel/framework/src/Illuminate/Pipeline/Pipeline.php(180): App\\Http\\Middleware\\RedirectIfAuthenticated->handle(Object(Illuminate\\Http\\Request), Object(Closure))
#25 /Users/evills/developer/AudazPOS/app/Http/Middleware/IsInstalled.php(50): Illuminate\\Pipeline\\Pipeline->Illuminate\\Pipeline\\{closure}(Object(Illuminate\\Http\\Request))
#26 /Users/evills/developer/AudazPOS/vendor/laravel/framework/src/Illuminate/Pipeline/Pipeline.php(180): App\\Http\\Middleware\\IsInstalled->handle(Object(Illuminate\\Http\\Request), Object(Closure))
#27 /Users/evills/developer/AudazPOS/vendor/barryvdh/laravel-debugbar/src/Middleware/InjectDebugbar.php(59): Illuminate\\Pipeline\\Pipeline->Illuminate\\Pipeline\\{closure}(Object(Illuminate\\Http\\Request))
#28 /Users/evills/developer/AudazPOS/vendor/laravel/framework/src/Illuminate/Pipeline/Pipeline.php(180): Barryvdh\\Debugbar\\Middleware\\InjectDebugbar->handle(Object(Illuminate\\Http\\Request), Object(Closure))
#29 /Users/evills/developer/AudazPOS/vendor/laravel/framework/src/Illuminate/Routing/Middleware/SubstituteBindings.php(50): Illuminate\\Pipeline\\Pipeline->Illuminate\\Pipeline\\{closure}(Object(Illuminate\\Http\\Request))
#30 /Users/evills/developer/AudazPOS/vendor/laravel/framework/src/Illuminate/Pipeline/Pipeline.php(180): Illuminate\\Routing\\Middleware\\SubstituteBindings->handle(Object(Illuminate\\Http\\Request), Object(Closure))
#31 /Users/evills/developer/AudazPOS/vendor/laravel/framework/src/Illuminate/Foundation/Http/Middleware/VerifyCsrfToken.php(78): Illuminate\\Pipeline\\Pipeline->Illuminate\\Pipeline\\{closure}(Object(Illuminate\\Http\\Request))
#32 /Users/evills/developer/AudazPOS/vendor/laravel/framework/src/Illuminate/Pipeline/Pipeline.php(180): Illuminate\\Foundation\\Http\\Middleware\\VerifyCsrfToken->handle(Object(Illuminate\\Http\\Request), Object(Closure))
#33 /Users/evills/developer/AudazPOS/vendor/laravel/framework/src/Illuminate/View/Middleware/ShareErrorsFromSession.php(49): Illuminate\\Pipeline\\Pipeline->Illuminate\\Pipeline\\{closure}(Object(Illuminate\\Http\\Request))
#34 /Users/evills/developer/AudazPOS/vendor/laravel/framework/src/Illuminate/Pipeline/Pipeline.php(180): Illuminate\\View\\Middleware\\ShareErrorsFromSession->handle(Object(Illuminate\\Http\\Request), Object(Closure))
#35 /Users/evills/developer/AudazPOS/vendor/laravel/framework/src/Illuminate/Session/Middleware/StartSession.php(121): Illuminate\\Pipeline\\Pipeline->Illuminate\\Pipeline\\{closure}(Object(Illuminate\\Http\\Request))
#36 /Users/evills/developer/AudazPOS/vendor/laravel/framework/src/Illuminate/Session/Middleware/StartSession.php(64): Illuminate\\Session\\Middleware\\StartSession->handleStatefulRequest(Object(Illuminate\\Http\\Request), Object(Illuminate\\Session\\Store), Object(Closure))
#37 /Users/evills/developer/AudazPOS/vendor/laravel/framework/src/Illuminate/Pipeline/Pipeline.php(180): Illuminate\\Session\\Middleware\\StartSession->handle(Object(Illuminate\\Http\\Request), Object(Closure))
#38 /Users/evills/developer/AudazPOS/vendor/laravel/framework/src/Illuminate/Cookie/Middleware/AddQueuedCookiesToResponse.php(37): Illuminate\\Pipeline\\Pipeline->Illuminate\\Pipeline\\{closure}(Object(Illuminate\\Http\\Request))
#39 /Users/evills/developer/AudazPOS/vendor/laravel/framework/src/Illuminate/Pipeline/Pipeline.php(180): Illuminate\\Cookie\\Middleware\\AddQueuedCookiesToResponse->handle(Object(Illuminate\\Http\\Request), Object(Closure))
#40 /Users/evills/developer/AudazPOS/vendor/laravel/framework/src/Illuminate/Cookie/Middleware/EncryptCookies.php(67): Illuminate\\Pipeline\\Pipeline->Illuminate\\Pipeline\\{closure}(Object(Illuminate\\Http\\Request))
#41 /Users/evills/developer/AudazPOS/vendor/laravel/framework/src/Illuminate/Pipeline/Pipeline.php(180): Illuminate\\Cookie\\Middleware\\EncryptCookies->handle(Object(Illuminate\\Http\\Request), Object(Closure))
#42 /Users/evills/developer/AudazPOS/vendor/laravel/framework/src/Illuminate/Pipeline/Pipeline.php(116): Illuminate\\Pipeline\\Pipeline->Illuminate\\Pipeline\\{closure}(Object(Illuminate\\Http\\Request))
#43 /Users/evills/developer/AudazPOS/vendor/laravel/framework/src/Illuminate/Routing/Router.php(797): Illuminate\\Pipeline\\Pipeline->then(Object(Closure))
#44 /Users/evills/developer/AudazPOS/vendor/laravel/framework/src/Illuminate/Routing/Router.php(776): Illuminate\\Routing\\Router->runRouteWithinStack(Object(Illuminate\\Routing\\Route), Object(Illuminate\\Http\\Request))
#45 /Users/evills/developer/AudazPOS/vendor/laravel/framework/src/Illuminate/Routing/Router.php(740): Illuminate\\Routing\\Router->runRoute(Object(Illuminate\\Http\\Request), Object(Illuminate\\Routing\\Route))
#46 /Users/evills/developer/AudazPOS/vendor/laravel/framework/src/Illuminate/Routing/Router.php(729): Illuminate\\Routing\\Router->dispatchToRoute(Object(Illuminate\\Http\\Request))
#47 /Users/evills/developer/AudazPOS/vendor/laravel/framework/src/Illuminate/Foundation/Http/Kernel.php(190): Illuminate\\Routing\\Router->dispatch(Object(Illuminate\\Http\\Request))
#48 /Users/evills/developer/AudazPOS/vendor/laravel/framework/src/Illuminate/Pipeline/Pipeline.php(141): Illuminate\\Foundation\\Http\\Kernel->Illuminate\\Foundation\\Http\\{closure}(Object(Illuminate\\Http\\Request))
#49 /Users/evills/developer/AudazPOS/vendor/barryvdh/laravel-debugbar/src/Middleware/InjectDebugbar.php(59): Illuminate\\Pipeline\\Pipeline->Illuminate\\Pipeline\\{closure}(Object(Illuminate\\Http\\Request))
#50 /Users/evills/developer/AudazPOS/vendor/laravel/framework/src/Illuminate/Pipeline/Pipeline.php(180): Barryvdh\\Debugbar\\Middleware\\InjectDebugbar->handle(Object(Illuminate\\Http\\Request), Object(Closure))
#51 /Users/evills/developer/AudazPOS/vendor/laravel/framework/src/Illuminate/Foundation/Http/Middleware/TransformsRequest.php(21): Illuminate\\Pipeline\\Pipeline->Illuminate\\Pipeline\\{closure}(Object(Illuminate\\Http\\Request))
#52 /Users/evills/developer/AudazPOS/vendor/laravel/framework/src/Illuminate/Foundation/Http/Middleware/ConvertEmptyStringsToNull.php(31): Illuminate\\Foundation\\Http\\Middleware\\TransformsRequest->handle(Object(Illuminate\\Http\\Request), Object(Closure))
#53 /Users/evills/developer/AudazPOS/vendor/laravel/framework/src/Illuminate/Pipeline/Pipeline.php(180): Illuminate\\Foundation\\Http\\Middleware\\ConvertEmptyStringsToNull->handle(Object(Illuminate\\Http\\Request), Object(Closure))
#54 /Users/evills/developer/AudazPOS/vendor/laravel/framework/src/Illuminate/Foundation/Http/Middleware/TransformsRequest.php(21): Illuminate\\Pipeline\\Pipeline->Illuminate\\Pipeline\\{closure}(Object(Illuminate\\Http\\Request))
#55 /Users/evills/developer/AudazPOS/vendor/laravel/framework/src/Illuminate/Foundation/Http/Middleware/TrimStrings.php(40): Illuminate\\Foundation\\Http\\Middleware\\TransformsRequest->handle(Object(Illuminate\\Http\\Request), Object(Closure))
#56 /Users/evills/developer/AudazPOS/vendor/laravel/framework/src/Illuminate/Pipeline/Pipeline.php(180): Illuminate\\Foundation\\Http\\Middleware\\TrimStrings->handle(Object(Illuminate\\Http\\Request), Object(Closure))
#57 /Users/evills/developer/AudazPOS/vendor/laravel/framework/src/Illuminate/Foundation/Http/Middleware/ValidatePostSize.php(27): Illuminate\\Pipeline\\Pipeline->Illuminate\\Pipeline\\{closure}(Object(Illuminate\\Http\\Request))
#58 /Users/evills/developer/AudazPOS/vendor/laravel/framework/src/Illuminate/Pipeline/Pipeline.php(180): Illuminate\\Foundation\\Http\\Middleware\\ValidatePostSize->handle(Object(Illuminate\\Http\\Request), Object(Closure))
#59 /Users/evills/developer/AudazPOS/vendor/laravel/framework/src/Illuminate/Foundation/Http/Middleware/PreventRequestsDuringMaintenance.php(86): Illuminate\\Pipeline\\Pipeline->Illuminate\\Pipeline\\{closure}(Object(Illuminate\\Http\\Request))
#60 /Users/evills/developer/AudazPOS/vendor/laravel/framework/src/Illuminate/Pipeline/Pipeline.php(180): Illuminate\\Foundation\\Http\\Middleware\\PreventRequestsDuringMaintenance->handle(Object(Illuminate\\Http\\Request), Object(Closure))
#61 /Users/evills/developer/AudazPOS/vendor/laravel/framework/src/Illuminate/Http/Middleware/HandleCors.php(49): Illuminate\\Pipeline\\Pipeline->Illuminate\\Pipeline\\{closure}(Object(Illuminate\\Http\\Request))
#62 /Users/evills/developer/AudazPOS/vendor/laravel/framework/src/Illuminate/Pipeline/Pipeline.php(180): Illuminate\\Http\\Middleware\\HandleCors->handle(Object(Illuminate\\Http\\Request), Object(Closure))
#63 /Users/evills/developer/AudazPOS/vendor/laravel/framework/src/Illuminate/Http/Middleware/TrustProxies.php(39): Illuminate\\Pipeline\\Pipeline->Illuminate\\Pipeline\\{closure}(Object(Illuminate\\Http\\Request))
#64 /Users/evills/developer/AudazPOS/vendor/laravel/framework/src/Illuminate/Pipeline/Pipeline.php(180): Illuminate\\Http\\Middleware\\TrustProxies->handle(Object(Illuminate\\Http\\Request), Object(Closure))
#65 /Users/evills/developer/AudazPOS/vendor/laravel/framework/src/Illuminate/Pipeline/Pipeline.php(116): Illuminate\\Pipeline\\Pipeline->Illuminate\\Pipeline\\{closure}(Object(Illuminate\\Http\\Request))
#66 /Users/evills/developer/AudazPOS/vendor/laravel/framework/src/Illuminate/Foundation/Http/Kernel.php(165): Illuminate\\Pipeline\\Pipeline->then(Object(Closure))
#67 /Users/evills/developer/AudazPOS/vendor/laravel/framework/src/Illuminate/Foundation/Http/Kernel.php(134): Illuminate\\Foundation\\Http\\Kernel->sendRequestThroughRouter(Object(Illuminate\\Http\\Request))
#68 /Users/evills/developer/AudazPOS/public/index.php(51): Illuminate\\Foundation\\Http\\Kernel->handle(Object(Illuminate\\Http\\Request))
#69 /Applications/Herd.app/Contents/Resources/valet/server.php(167): require('/Users/evills/d...')
#70 {main}
"} 
[2026-01-11 00:40:26] local.ERROR: Uncaught ReflectionException: Class "App\Policies\ModelPolicy" does not exist in Command line code:1
Stack trace:
#0 Command line code(1): ReflectionClass->__construct('App\\Policies\\Mo...')
#1 [internal function]: {closure}('App\\Policies\\Mo...', 'App\\Model')
#2 Command line code(1): array_map(Object(Closure), Array, Array)
#3 {main}
  thrown {"exception":"[object] (Symfony\\Component\\ErrorHandler\\Error\\FatalError(code: 0): Uncaught ReflectionException: Class \"App\\Policies\\ModelPolicy\" does not exist in Command line code:1
Stack trace:
#0 Command line code(1): ReflectionClass->__construct('App\\\\Policies\\\\Mo...')
#1 [internal function]: {closure}('App\\\\Policies\\\\Mo...', 'App\\\\Model')
#2 Command line code(1): array_map(Object(Closure), Array, Array)
#3 {main}
  thrown at Command line code:1)
[stacktrace]
#0 {main}
"} 
[2026-01-11 00:41:26] local.ERROR: Uncaught ReflectionException: Class "App\Policies\ModelPolicy" does not exist in Command line code:1
Stack trace:
#0 Command line code(1): ReflectionClass->__construct('App\\Policies\\Mo...')
#1 [internal function]: {closure}('App\\Policies\\Mo...', 'App\\Model')
#2 Command line code(1): array_map(Object(Closure), Array, Array)
#3 {main}
  thrown {"exception":"[object] (Symfony\\Component\\ErrorHandler\\Error\\FatalError(code: 0): Uncaught ReflectionException: Class \"App\\Policies\\ModelPolicy\" does not exist in Command line code:1
Stack trace:
#0 Command line code(1): ReflectionClass->__construct('App\\\\Policies\\\\Mo...')
#1 [internal function]: {closure}('App\\\\Policies\\\\Mo...', 'App\\\\Model')
#2 Command line code(1): array_map(Object(Closure), Array, Array)
#3 {main}
  thrown at Command line code:1)
[stacktrace]
#0 {main}
"} 
[2026-01-11 00:42:26] local.ERROR: Uncaught ReflectionException: Class "App\Policies\ModelPolicy" does not exist in Command line code:1
Stack trace:
#0 Command line code(1): ReflectionClass->__construct('App\\Policies\\Mo...')
#1 [internal function]: {closure}('App\\Policies\\Mo...', 'App\\Model')
#2 Command line code(1): array_map(Object(Closure), Array, Array)
#3 {main}
  thrown {"exception":"[object] (Symfony\\Component\\ErrorHandler\\Error\\FatalError(code: 0): Uncaught ReflectionException: Class \"App\\Policies\\ModelPolicy\" does not exist in Command line code:1
Stack trace:
#0 Command line code(1): ReflectionClass->__construct('App\\\\Policies\\\\Mo...')
#1 [internal function]: {closure}('App\\\\Policies\\\\Mo...', 'App\\\\Model')
#2 Command line code(1): array_map(Object(Closure), Array, Array)
#3 {main}
  thrown at Command line code:1)
[stacktrace]
#0 {main}
"} 
[2026-01-11 00:43:26] local.ERROR: Uncaught ReflectionException: Class "App\Policies\ModelPolicy" does not exist in Command line code:1
Stack trace:
#0 Command line code(1): ReflectionClass->__construct('App\\Policies\\Mo...')
#1 [internal function]: {closure}('App\\Policies\\Mo...', 'App\\Model')
#2 Command line code(1): array_map(Object(Closure), Array, Array)
#3 {main}
  thrown {"exception":"[object] (Symfony\\Component\\ErrorHandler\\Error\\FatalError(code: 0): Uncaught ReflectionException: Class \"App\\Policies\\ModelPolicy\" does not exist in Command line code:1
Stack trace:
#0 Command line code(1): ReflectionClass->__construct('App\\\\Policies\\\\Mo...')
#1 [internal function]: {closure}('App\\\\Policies\\\\Mo...', 'App\\\\Model')
#2 Command line code(1): array_map(Object(Closure), Array, Array)
#3 {main}
  thrown at Command line code:1)
[stacktrace]
#0 {main}
"} 
[2026-01-11 00:44:26] local.ERROR: Uncaught ReflectionException: Class "App\Policies\ModelPolicy" does not exist in Command line code:1
Stack trace:
#0 Command line code(1): ReflectionClass->__construct('App\\Policies\\Mo...')
#1 [internal function]: {closure}('App\\Policies\\Mo...', 'App\\Model')
#2 Command line code(1): array_map(Object(Closure), Array, Array)
#3 {main}
  thrown {"exception":"[object] (Symfony\\Component\\ErrorHandler\\Error\\FatalError(code: 0): Uncaught ReflectionException: Class \"App\\Policies\\ModelPolicy\" does not exist in Command line code:1
Stack trace:
#0 Command line code(1): ReflectionClass->__construct('App\\\\Policies\\\\Mo...')
#1 [internal function]: {closure}('App\\\\Policies\\\\Mo...', 'App\\\\Model')
#2 Command line code(1): array_map(Object(Closure), Array, Array)
#3 {main}
  thrown at Command line code:1)
[stacktrace]
#0 {main}
"} 
[2026-01-11 00:45:26] local.ERROR: Uncaught ReflectionException: Class "App\Policies\ModelPolicy" does not exist in Command line code:1
Stack trace:
#0 Command line code(1): ReflectionClass->__construct('App\\Policies\\Mo...')
#1 [internal function]: {closure}('App\\Policies\\Mo...', 'App\\Model')
#2 Command line code(1): array_map(Object(Closure), Array, Array)
#3 {main}
  thrown {"exception":"[object] (Symfony\\Component\\ErrorHandler\\Error\\FatalError(code: 0): Uncaught ReflectionException: Class \"App\\Policies\\ModelPolicy\" does not exist in Command line code:1
Stack trace:
#0 Command line code(1): ReflectionClass->__construct('App\\\\Policies\\\\Mo...')
#1 [internal function]: {closure}('App\\\\Policies\\\\Mo...', 'App\\\\Model')
#2 Command line code(1): array_map(Object(Closure), Array, Array)
#3 {main}
  thrown at Command line code:1)
[stacktrace]
#0 {main}
"} 
[2026-01-11 00:46:26] local.ERROR: Uncaught ReflectionException: Class "App\Policies\ModelPolicy" does not exist in Command line code:1
Stack trace:
#0 Command line code(1): ReflectionClass->__construct('App\\Policies\\Mo...')
#1 [internal function]: {closure}('App\\Policies\\Mo...', 'App\\Model')
#2 Command line code(1): array_map(Object(Closure), Array, Array)
#3 {main}
  thrown {"exception":"[object] (Symfony\\Component\\ErrorHandler\\Error\\FatalError(code: 0): Uncaught ReflectionException: Class \"App\\Policies\\ModelPolicy\" does not exist in Command line code:1
Stack trace:
#0 Command line code(1): ReflectionClass->__construct('App\\\\Policies\\\\Mo...')
#1 [internal function]: {closure}('App\\\\Policies\\\\Mo...', 'App\\\\Model')
#2 Command line code(1): array_map(Object(Closure), Array, Array)
#3 {main}
  thrown at Command line code:1)
[stacktrace]
#0 {main}
"} 
[2026-01-11 00:47:26] local.ERROR: Uncaught ReflectionException: Class "App\Policies\ModelPolicy" does not exist in Command line code:1
Stack trace:
#0 Command line code(1): ReflectionClass->__construct('App\\Policies\\Mo...')
#1 [internal function]: {closure}('App\\Policies\\Mo...', 'App\\Model')
#2 Command line code(1): array_map(Object(Closure), Array, Array)
#3 {main}
  thrown {"exception":"[object] (Symfony\\Component\\ErrorHandler\\Error\\FatalError(code: 0): Uncaught ReflectionException: Class \"App\\Policies\\ModelPolicy\" does not exist in Command line code:1
Stack trace:
#0 Command line code(1): ReflectionClass->__construct('App\\\\Policies\\\\Mo...')
#1 [internal function]: {closure}('App\\\\Policies\\\\Mo...', 'App\\\\Model')
#2 Command line code(1): array_map(Object(Closure), Array, Array)
#3 {main}
  thrown at Command line code:1)
[stacktrace]
#0 {main}
"} 
[2026-01-11 00:48:26] local.ERROR: Uncaught ReflectionException: Class "App\Policies\ModelPolicy" does not exist in Command line code:1
Stack trace:
#0 Command line code(1): ReflectionClass->__construct('App\\Policies\\Mo...')
#1 [internal function]: {closure}('App\\Policies\\Mo...', 'App\\Model')
#2 Command line code(1): array_map(Object(Closure), Array, Array)
#3 {main}
  thrown {"exception":"[object] (Symfony\\Component\\ErrorHandler\\Error\\FatalError(code: 0): Uncaught ReflectionException: Class \"App\\Policies\\ModelPolicy\" does not exist in Command line code:1
Stack trace:
#0 Command line code(1): ReflectionClass->__construct('App\\\\Policies\\\\Mo...')
#1 [internal function]: {closure}('App\\\\Policies\\\\Mo...', 'App\\\\Model')
#2 Command line code(1): array_map(Object(Closure), Array, Array)
#3 {main}
  thrown at Command line code:1)
[stacktrace]
#0 {main}
"} 
[2026-01-11 00:49:26] local.ERROR: Uncaught ReflectionException: Class "App\Policies\ModelPolicy" does not exist in Command line code:1
Stack trace:
#0 Command line code(1): ReflectionClass->__construct('App\\Policies\\Mo...')
#1 [internal function]: {closure}('App\\Policies\\Mo...', 'App\\Model')
#2 Command line code(1): array_map(Object(Closure), Array, Array)
#3 {main}
  thrown {"exception":"[object] (Symfony\\Component\\ErrorHandler\\Error\\FatalError(code: 0): Uncaught ReflectionException: Class \"App\\Policies\\ModelPolicy\" does not exist in Command line code:1
Stack trace:
#0 Command line code(1): ReflectionClass->__construct('App\\\\Policies\\\\Mo...')
#1 [internal function]: {closure}('App\\\\Policies\\\\Mo...', 'App\\\\Model')
#2 Command line code(1): array_map(Object(Closure), Array, Array)
#3 {main}
  thrown at Command line code:1)
[stacktrace]
#0 {main}
"} 
[2026-01-11 00:50:26] local.ERROR: Uncaught ReflectionException: Class "App\Policies\ModelPolicy" does not exist in Command line code:1
Stack trace:
#0 Command line code(1): ReflectionClass->__construct('App\\Policies\\Mo...')
#1 [internal function]: {closure}('App\\Policies\\Mo...', 'App\\Model')
#2 Command line code(1): array_map(Object(Closure), Array, Array)
#3 {main}
  thrown {"exception":"[object] (Symfony\\Component\\ErrorHandler\\Error\\FatalError(code: 0): Uncaught ReflectionException: Class \"App\\Policies\\ModelPolicy\" does not exist in Command line code:1
Stack trace:
#0 Command line code(1): ReflectionClass->__construct('App\\\\Policies\\\\Mo...')
#1 [internal function]: {closure}('App\\\\Policies\\\\Mo...', 'App\\\\Model')
#2 Command line code(1): array_map(Object(Closure), Array, Array)
#3 {main}
  thrown at Command line code:1)
[stacktrace]
#0 {main}
"} 
[2026-01-11 00:51:26] local.ERROR: Uncaught ReflectionException: Class "App\Policies\ModelPolicy" does not exist in Command line code:1
Stack trace:
#0 Command line code(1): ReflectionClass->__construct('App\\Policies\\Mo...')
#1 [internal function]: {closure}('App\\Policies\\Mo...', 'App\\Model')
#2 Command line code(1): array_map(Object(Closure), Array, Array)
#3 {main}
  thrown {"exception":"[object] (Symfony\\Component\\ErrorHandler\\Error\\FatalError(code: 0): Uncaught ReflectionException: Class \"App\\Policies\\ModelPolicy\" does not exist in Command line code:1
Stack trace:
#0 Command line code(1): ReflectionClass->__construct('App\\\\Policies\\\\Mo...')
#1 [internal function]: {closure}('App\\\\Policies\\\\Mo...', 'App\\\\Model')
#2 Command line code(1): array_map(Object(Closure), Array, Array)
#3 {main}
  thrown at Command line code:1)
[stacktrace]
#0 {main}
"} 
[2026-01-11 00:52:26] local.ERROR: Uncaught ReflectionException: Class "App\Policies\ModelPolicy" does not exist in Command line code:1
Stack trace:
#0 Command line code(1): ReflectionClass->__construct('App\\Policies\\Mo...')
#1 [internal function]: {closure}('App\\Policies\\Mo...', 'App\\Model')
#2 Command line code(1): array_map(Object(Closure), Array, Array)
#3 {main}
  thrown {"exception":"[object] (Symfony\\Component\\ErrorHandler\\Error\\FatalError(code: 0): Uncaught ReflectionException: Class \"App\\Policies\\ModelPolicy\" does not exist in Command line code:1
Stack trace:
#0 Command line code(1): ReflectionClass->__construct('App\\\\Policies\\\\Mo...')
#1 [internal function]: {closure}('App\\\\Policies\\\\Mo...', 'App\\\\Model')
#2 Command line code(1): array_map(Object(Closure), Array, Array)
#3 {main}
  thrown at Command line code:1)
[stacktrace]
#0 {main}
"} 
[2026-01-11 00:53:26] local.ERROR: Uncaught ReflectionException: Class "App\Policies\ModelPolicy" does not exist in Command line code:1
Stack trace:
#0 Command line code(1): ReflectionClass->__construct('App\\Policies\\Mo...')
#1 [internal function]: {closure}('App\\Policies\\Mo...', 'App\\Model')
#2 Command line code(1): array_map(Object(Closure), Array, Array)
#3 {main}
  thrown {"exception":"[object] (Symfony\\Component\\ErrorHandler\\Error\\FatalError(code: 0): Uncaught ReflectionException: Class \"App\\Policies\\ModelPolicy\" does not exist in Command line code:1
Stack trace:
#0 Command line code(1): ReflectionClass->__construct('App\\\\Policies\\\\Mo...')
#1 [internal function]: {closure}('App\\\\Policies\\\\Mo...', 'App\\\\Model')
#2 Command line code(1): array_map(Object(Closure), Array, Array)
#3 {main}
  thrown at Command line code:1)
[stacktrace]
#0 {main}
"} 
[2026-01-11 00:54:26] local.ERROR: Uncaught ReflectionException: Class "App\Policies\ModelPolicy" does not exist in Command line code:1
Stack trace:
#0 Command line code(1): ReflectionClass->__construct('App\\Policies\\Mo...')
#1 [internal function]: {closure}('App\\Policies\\Mo...', 'App\\Model')
#2 Command line code(1): array_map(Object(Closure), Array, Array)
#3 {main}
  thrown {"exception":"[object] (Symfony\\Component\\ErrorHandler\\Error\\FatalError(code: 0): Uncaught ReflectionException: Class \"App\\Policies\\ModelPolicy\" does not exist in Command line code:1
Stack trace:
#0 Command line code(1): ReflectionClass->__construct('App\\\\Policies\\\\Mo...')
#1 [internal function]: {closure}('App\\\\Policies\\\\Mo...', 'App\\\\Model')
#2 Command line code(1): array_map(Object(Closure), Array, Array)
#3 {main}
  thrown at Command line code:1)
[stacktrace]
#0 {main}
"} 
[2026-01-11 00:55:27] local.ERROR: Uncaught ReflectionException: Class "App\Policies\ModelPolicy" does not exist in Command line code:1
Stack trace:
#0 Command line code(1): ReflectionClass->__construct('App\\Policies\\Mo...')
#1 [internal function]: {closure}('App\\Policies\\Mo...', 'App\\Model')
#2 Command line code(1): array_map(Object(Closure), Array, Array)
#3 {main}
  thrown {"exception":"[object] (Symfony\\Component\\ErrorHandler\\Error\\FatalError(code: 0): Uncaught ReflectionException: Class \"App\\Policies\\ModelPolicy\" does not exist in Command line code:1
Stack trace:
#0 Command line code(1): ReflectionClass->__construct('App\\\\Policies\\\\Mo...')
#1 [internal function]: {closure}('App\\\\Policies\\\\Mo...', 'App\\\\Model')
#2 Command line code(1): array_map(Object(Closure), Array, Array)
#3 {main}
  thrown at Command line code:1)
[stacktrace]
#0 {main}
"} 
[2026-01-11 00:56:26] local.ERROR: Uncaught ReflectionException: Class "App\Policies\ModelPolicy" does not exist in Command line code:1
Stack trace:
#0 Command line code(1): ReflectionClass->__construct('App\\Policies\\Mo...')
#1 [internal function]: {closure}('App\\Policies\\Mo...', 'App\\Model')
#2 Command line code(1): array_map(Object(Closure), Array, Array)
#3 {main}
  thrown {"exception":"[object] (Symfony\\Component\\ErrorHandler\\Error\\FatalError(code: 0): Uncaught ReflectionException: Class \"App\\Policies\\ModelPolicy\" does not exist in Command line code:1
Stack trace:
#0 Command line code(1): ReflectionClass->__construct('App\\\\Policies\\\\Mo...')
#1 [internal function]: {closure}('App\\\\Policies\\\\Mo...', 'App\\\\Model')
#2 Command line code(1): array_map(Object(Closure), Array, Array)
#3 {main}
  thrown at Command line code:1)
[stacktrace]
#0 {main}
"} 
[2026-01-11 00:57:26] local.ERROR: Uncaught ReflectionException: Class "App\Policies\ModelPolicy" does not exist in Command line code:1
Stack trace:
#0 Command line code(1): ReflectionClass->__construct('App\\Policies\\Mo...')
#1 [internal function]: {closure}('App\\Policies\\Mo...', 'App\\Model')
#2 Command line code(1): array_map(Object(Closure), Array, Array)
#3 {main}
  thrown {"exception":"[object] (Symfony\\Component\\ErrorHandler\\Error\\FatalError(code: 0): Uncaught ReflectionException: Class \"App\\Policies\\ModelPolicy\" does not exist in Command line code:1
Stack trace:
#0 Command line code(1): ReflectionClass->__construct('App\\\\Policies\\\\Mo...')
#1 [internal function]: {closure}('App\\\\Policies\\\\Mo...', 'App\\\\Model')
#2 Command line code(1): array_map(Object(Closure), Array, Array)
#3 {main}
  thrown at Command line code:1)
[stacktrace]
#0 {main}
"} 
[2026-01-11 00:58:26] local.ERROR: Uncaught ReflectionException: Class "App\Policies\ModelPolicy" does not exist in Command line code:1
Stack trace:
#0 Command line code(1): ReflectionClass->__construct('App\\Policies\\Mo...')
#1 [internal function]: {closure}('App\\Policies\\Mo...', 'App\\Model')
#2 Command line code(1): array_map(Object(Closure), Array, Array)
#3 {main}
  thrown {"exception":"[object] (Symfony\\Component\\ErrorHandler\\Error\\FatalError(code: 0): Uncaught ReflectionException: Class \"App\\Policies\\ModelPolicy\" does not exist in Command line code:1
Stack trace:
#0 Command line code(1): ReflectionClass->__construct('App\\\\Policies\\\\Mo...')
#1 [internal function]: {closure}('App\\\\Policies\\\\Mo...', 'App\\\\Model')
#2 Command line code(1): array_map(Object(Closure), Array, Array)
#3 {main}
  thrown at Command line code:1)
[stacktrace]
#0 {main}
"} 
[2026-01-11 00:59:26] local.ERROR: Uncaught ReflectionException: Class "App\Policies\ModelPolicy" does not exist in Command line code:1
Stack trace:
#0 Command line code(1): ReflectionClass->__construct('App\\Policies\\Mo...')
#1 [internal function]: {closure}('App\\Policies\\Mo...', 'App\\Model')
#2 Command line code(1): array_map(Object(Closure), Array, Array)
#3 {main}
  thrown {"exception":"[object] (Symfony\\Component\\ErrorHandler\\Error\\FatalError(code: 0): Uncaught ReflectionException: Class \"App\\Policies\\ModelPolicy\" does not exist in Command line code:1
Stack trace:
#0 Command line code(1): ReflectionClass->__construct('App\\\\Policies\\\\Mo...')
#1 [internal function]: {closure}('App\\\\Policies\\\\Mo...', 'App\\\\Model')
#2 Command line code(1): array_map(Object(Closure), Array, Array)
#3 {main}
  thrown at Command line code:1)
[stacktrace]
#0 {main}
"} 
[2026-01-11 01:00:26] local.ERROR: Uncaught ReflectionException: Class "App\Policies\ModelPolicy" does not exist in Command line code:1
Stack trace:
#0 Command line code(1): ReflectionClass->__construct('App\\Policies\\Mo...')
#1 [internal function]: {closure}('App\\Policies\\Mo...', 'App\\Model')
#2 Command line code(1): array_map(Object(Closure), Array, Array)
#3 {main}
  thrown {"exception":"[object] (Symfony\\Component\\ErrorHandler\\Error\\FatalError(code: 0): Uncaught ReflectionException: Class \"App\\Policies\\ModelPolicy\" does not exist in Command line code:1
Stack trace:
#0 Command line code(1): ReflectionClass->__construct('App\\\\Policies\\\\Mo...')
#1 [internal function]: {closure}('App\\\\Policies\\\\Mo...', 'App\\\\Model')
#2 Command line code(1): array_map(Object(Closure), Array, Array)
#3 {main}
  thrown at Command line code:1)
[stacktrace]
#0 {main}
"} 
[2026-01-11 01:01:26] local.ERROR: Uncaught ReflectionException: Class "App\Policies\ModelPolicy" does not exist in Command line code:1
Stack trace:
#0 Command line code(1): ReflectionClass->__construct('App\\Policies\\Mo...')
#1 [internal function]: {closure}('App\\Policies\\Mo...', 'App\\Model')
#2 Command line code(1): array_map(Object(Closure), Array, Array)
#3 {main}
  thrown {"exception":"[object] (Symfony\\Component\\ErrorHandler\\Error\\FatalError(code: 0): Uncaught ReflectionException: Class \"App\\Policies\\ModelPolicy\" does not exist in Command line code:1
Stack trace:
#0 Command line code(1): ReflectionClass->__construct('App\\\\Policies\\\\Mo...')
#1 [internal function]: {closure}('App\\\\Policies\\\\Mo...', 'App\\\\Model')
#2 Command line code(1): array_map(Object(Closure), Array, Array)
#3 {main}
  thrown at Command line code:1)
[stacktrace]
#0 {main}
"} 
[2026-01-11 01:02:27] local.ERROR: Uncaught ReflectionException: Class "App\Policies\ModelPolicy" does not exist in Command line code:1
Stack trace:
#0 Command line code(1): ReflectionClass->__construct('App\\Policies\\Mo...')
#1 [internal function]: {closure}('App\\Policies\\Mo...', 'App\\Model')
#2 Command line code(1): array_map(Object(Closure), Array, Array)
#3 {main}
  thrown {"exception":"[object] (Symfony\\Component\\ErrorHandler\\Error\\FatalError(code: 0): Uncaught ReflectionException: Class \"App\\Policies\\ModelPolicy\" does not exist in Command line code:1
Stack trace:
#0 Command line code(1): ReflectionClass->__construct('App\\\\Policies\\\\Mo...')
#1 [internal function]: {closure}('App\\\\Policies\\\\Mo...', 'App\\\\Model')
#2 Command line code(1): array_map(Object(Closure), Array, Array)
#3 {main}
  thrown at Command line code:1)
[stacktrace]
#0 {main}
"} 
[2026-01-11 01:03:26] local.ERROR: Uncaught ReflectionException: Class "App\Policies\ModelPolicy" does not exist in Command line code:1
Stack trace:
#0 Command line code(1): ReflectionClass->__construct('App\\Policies\\Mo...')
#1 [internal function]: {closure}('App\\Policies\\Mo...', 'App\\Model')
#2 Command line code(1): array_map(Object(Closure), Array, Array)
#3 {main}
  thrown {"exception":"[object] (Symfony\\Component\\ErrorHandler\\Error\\FatalError(code: 0): Uncaught ReflectionException: Class \"App\\Policies\\ModelPolicy\" does not exist in Command line code:1
Stack trace:
#0 Command line code(1): ReflectionClass->__construct('App\\\\Policies\\\\Mo...')
#1 [internal function]: {closure}('App\\\\Policies\\\\Mo...', 'App\\\\Model')
#2 Command line code(1): array_map(Object(Closure), Array, Array)
#3 {main}
  thrown at Command line code:1)
[stacktrace]
#0 {main}
"} 
[2026-01-11 01:04:26] local.ERROR: Uncaught ReflectionException: Class "App\Policies\ModelPolicy" does not exist in Command line code:1
Stack trace:
#0 Command line code(1): ReflectionClass->__construct('App\\Policies\\Mo...')
#1 [internal function]: {closure}('App\\Policies\\Mo...', 'App\\Model')
#2 Command line code(1): array_map(Object(Closure), Array, Array)
#3 {main}
  thrown {"exception":"[object] (Symfony\\Component\\ErrorHandler\\Error\\FatalError(code: 0): Uncaught ReflectionException: Class \"App\\Policies\\ModelPolicy\" does not exist in Command line code:1
Stack trace:
#0 Command line code(1): ReflectionClass->__construct('App\\\\Policies\\\\Mo...')
#1 [internal function]: {closure}('App\\\\Policies\\\\Mo...', 'App\\\\Model')
#2 Command line code(1): array_map(Object(Closure), Array, Array)
#3 {main}
  thrown at Command line code:1)
[stacktrace]
#0 {main}
"} 
[2026-01-11 01:05:27] local.ERROR: Uncaught ReflectionException: Class "App\Policies\ModelPolicy" does not exist in Command line code:1
Stack trace:
#0 Command line code(1): ReflectionClass->__construct('App\\Policies\\Mo...')
#1 [internal function]: {closure}('App\\Policies\\Mo...', 'App\\Model')
#2 Command line code(1): array_map(Object(Closure), Array, Array)
#3 {main}
  thrown {"exception":"[object] (Symfony\\Component\\ErrorHandler\\Error\\FatalError(code: 0): Uncaught ReflectionException: Class \"App\\Policies\\ModelPolicy\" does not exist in Command line code:1
Stack trace:
#0 Command line code(1): ReflectionClass->__construct('App\\\\Policies\\\\Mo...')
#1 [internal function]: {closure}('App\\\\Policies\\\\Mo...', 'App\\\\Model')
#2 Command line code(1): array_map(Object(Closure), Array, Array)
#3 {main}
  thrown at Command line code:1)
[stacktrace]
#0 {main}
"} 
[2026-01-11 01:06:26] local.ERROR: Uncaught ReflectionException: Class "App\Policies\ModelPolicy" does not exist in Command line code:1
Stack trace:
#0 Command line code(1): ReflectionClass->__construct('App\\Policies\\Mo...')
#1 [internal function]: {closure}('App\\Policies\\Mo...', 'App\\Model')
#2 Command line code(1): array_map(Object(Closure), Array, Array)
#3 {main}
  thrown {"exception":"[object] (Symfony\\Component\\ErrorHandler\\Error\\FatalError(code: 0): Uncaught ReflectionException: Class \"App\\Policies\\ModelPolicy\" does not exist in Command line code:1
Stack trace:
#0 Command line code(1): ReflectionClass->__construct('App\\\\Policies\\\\Mo...')
#1 [internal function]: {closure}('App\\\\Policies\\\\Mo...', 'App\\\\Model')
#2 Command line code(1): array_map(Object(Closure), Array, Array)
#3 {main}
  thrown at Command line code:1)
[stacktrace]
#0 {main}
"} 
[2026-01-11 01:07:26] local.ERROR: Uncaught ReflectionException: Class "App\Policies\ModelPolicy" does not exist in Command line code:1
Stack trace:
#0 Command line code(1): ReflectionClass->__construct('App\\Policies\\Mo...')
#1 [internal function]: {closure}('App\\Policies\\Mo...', 'App\\Model')
#2 Command line code(1): array_map(Object(Closure), Array, Array)
#3 {main}
  thrown {"exception":"[object] (Symfony\\Component\\ErrorHandler\\Error\\FatalError(code: 0): Uncaught ReflectionException: Class \"App\\Policies\\ModelPolicy\" does not exist in Command line code:1
Stack trace:
#0 Command line code(1): ReflectionClass->__construct('App\\\\Policies\\\\Mo...')
#1 [internal function]: {closure}('App\\\\Policies\\\\Mo...', 'App\\\\Model')
#2 Command line code(1): array_map(Object(Closure), Array, Array)
#3 {main}
  thrown at Command line code:1)
[stacktrace]
#0 {main}
"} 
[2026-01-11 01:08:26] local.ERROR: Uncaught ReflectionException: Class "App\Policies\ModelPolicy" does not exist in Command line code:1
Stack trace:
#0 Command line code(1): ReflectionClass->__construct('App\\Policies\\Mo...')
#1 [internal function]: {closure}('App\\Policies\\Mo...', 'App\\Model')
#2 Command line code(1): array_map(Object(Closure), Array, Array)
#3 {main}
  thrown {"exception":"[object] (Symfony\\Component\\ErrorHandler\\Error\\FatalError(code: 0): Uncaught ReflectionException: Class \"App\\Policies\\ModelPolicy\" does not exist in Command line code:1
Stack trace:
#0 Command line code(1): ReflectionClass->__construct('App\\\\Policies\\\\Mo...')
#1 [internal function]: {closure}('App\\\\Policies\\\\Mo...', 'App\\\\Model')
#2 Command line code(1): array_map(Object(Closure), Array, Array)
#3 {main}
  thrown at Command line code:1)
[stacktrace]
#0 {main}
"} 
[2026-01-11 01:09:26] local.ERROR: Uncaught ReflectionException: Class "App\Policies\ModelPolicy" does not exist in Command line code:1
Stack trace:
#0 Command line code(1): ReflectionClass->__construct('App\\Policies\\Mo...')
#1 [internal function]: {closure}('App\\Policies\\Mo...', 'App\\Model')
#2 Command line code(1): array_map(Object(Closure), Array, Array)
#3 {main}
  thrown {"exception":"[object] (Symfony\\Component\\ErrorHandler\\Error\\FatalError(code: 0): Uncaught ReflectionException: Class \"App\\Policies\\ModelPolicy\" does not exist in Command line code:1
Stack trace:
#0 Command line code(1): ReflectionClass->__construct('App\\\\Policies\\\\Mo...')
#1 [internal function]: {closure}('App\\\\Policies\\\\Mo...', 'App\\\\Model')
#2 Command line code(1): array_map(Object(Closure), Array, Array)
#3 {main}
  thrown at Command line code:1)
[stacktrace]
#0 {main}
"} 
[2026-01-11 01:10:26] local.ERROR: Uncaught ReflectionException: Class "App\Policies\ModelPolicy" does not exist in Command line code:1
Stack trace:
#0 Command line code(1): ReflectionClass->__construct('App\\Policies\\Mo...')
#1 [internal function]: {closure}('App\\Policies\\Mo...', 'App\\Model')
#2 Command line code(1): array_map(Object(Closure), Array, Array)
#3 {main}
  thrown {"exception":"[object] (Symfony\\Component\\ErrorHandler\\Error\\FatalError(code: 0): Uncaught ReflectionException: Class \"App\\Policies\\ModelPolicy\" does not exist in Command line code:1
Stack trace:
#0 Command line code(1): ReflectionClass->__construct('App\\\\Policies\\\\Mo...')
#1 [internal function]: {closure}('App\\\\Policies\\\\Mo...', 'App\\\\Model')
#2 Command line code(1): array_map(Object(Closure), Array, Array)
#3 {main}
  thrown at Command line code:1)
[stacktrace]
#0 {main}
"} 
[2026-01-11 01:11:26] local.ERROR: Uncaught ReflectionException: Class "App\Policies\ModelPolicy" does not exist in Command line code:1
Stack trace:
#0 Command line code(1): ReflectionClass->__construct('App\\Policies\\Mo...')
#1 [internal function]: {closure}('App\\Policies\\Mo...', 'App\\Model')
#2 Command line code(1): array_map(Object(Closure), Array, Array)
#3 {main}
  thrown {"exception":"[object] (Symfony\\Component\\ErrorHandler\\Error\\FatalError(code: 0): Uncaught ReflectionException: Class \"App\\Policies\\ModelPolicy\" does not exist in Command line code:1
Stack trace:
#0 Command line code(1): ReflectionClass->__construct('App\\\\Policies\\\\Mo...')
#1 [internal function]: {closure}('App\\\\Policies\\\\Mo...', 'App\\\\Model')
#2 Command line code(1): array_map(Object(Closure), Array, Array)
#3 {main}
  thrown at Command line code:1)
[stacktrace]
#0 {main}
"} 
[2026-01-11 01:12:27] local.ERROR: Uncaught ReflectionException: Class "App\Policies\ModelPolicy" does not exist in Command line code:1
Stack trace:
#0 Command line code(1): ReflectionClass->__construct('App\\Policies\\Mo...')
#1 [internal function]: {closure}('App\\Policies\\Mo...', 'App\\Model')
#2 Command line code(1): array_map(Object(Closure), Array, Array)
#3 {main}
  thrown {"exception":"[object] (Symfony\\Component\\ErrorHandler\\Error\\FatalError(code: 0): Uncaught ReflectionException: Class \"App\\Policies\\ModelPolicy\" does not exist in Command line code:1
Stack trace:
#0 Command line code(1): ReflectionClass->__construct('App\\\\Policies\\\\Mo...')
#1 [internal function]: {closure}('App\\\\Policies\\\\Mo...', 'App\\\\Model')
#2 Command line code(1): array_map(Object(Closure), Array, Array)
#3 {main}
  thrown at Command line code:1)
[stacktrace]
#0 {main}
"} 
[2026-01-11 01:13:26] local.ERROR: Uncaught ReflectionException: Class "App\Policies\ModelPolicy" does not exist in Command line code:1
Stack trace:
#0 Command line code(1): ReflectionClass->__construct('App\\Policies\\Mo...')
#1 [internal function]: {closure}('App\\Policies\\Mo...', 'App\\Model')
#2 Command line code(1): array_map(Object(Closure), Array, Array)
#3 {main}
  thrown {"exception":"[object] (Symfony\\Component\\ErrorHandler\\Error\\FatalError(code: 0): Uncaught ReflectionException: Class \"App\\Policies\\ModelPolicy\" does not exist in Command line code:1
Stack trace:
#0 Command line code(1): ReflectionClass->__construct('App\\\\Policies\\\\Mo...')
#1 [internal function]: {closure}('App\\\\Policies\\\\Mo...', 'App\\\\Model')
#2 Command line code(1): array_map(Object(Closure), Array, Array)
#3 {main}
  thrown at Command line code:1)
[stacktrace]
#0 {main}
"} 
[2026-01-11 01:14:26] local.ERROR: Uncaught ReflectionException: Class "App\Policies\ModelPolicy" does not exist in Command line code:1
Stack trace:
#0 Command line code(1): ReflectionClass->__construct('App\\Policies\\Mo...')
#1 [internal function]: {closure}('App\\Policies\\Mo...', 'App\\Model')
#2 Command line code(1): array_map(Object(Closure), Array, Array)
#3 {main}
  thrown {"exception":"[object] (Symfony\\Component\\ErrorHandler\\Error\\FatalError(code: 0): Uncaught ReflectionException: Class \"App\\Policies\\ModelPolicy\" does not exist in Command line code:1
Stack trace:
#0 Command line code(1): ReflectionClass->__construct('App\\\\Policies\\\\Mo...')
#1 [internal function]: {closure}('App\\\\Policies\\\\Mo...', 'App\\\\Model')
#2 Command line code(1): array_map(Object(Closure), Array, Array)
#3 {main}
  thrown at Command line code:1)
[stacktrace]
#0 {main}
"} 
[2026-01-11 01:15:27] local.ERROR: Uncaught ReflectionException: Class "App\Policies\ModelPolicy" does not exist in Command line code:1
Stack trace:
#0 Command line code(1): ReflectionClass->__construct('App\\Policies\\Mo...')
#1 [internal function]: {closure}('App\\Policies\\Mo...', 'App\\Model')
#2 Command line code(1): array_map(Object(Closure), Array, Array)
#3 {main}
  thrown {"exception":"[object] (Symfony\\Component\\ErrorHandler\\Error\\FatalError(code: 0): Uncaught ReflectionException: Class \"App\\Policies\\ModelPolicy\" does not exist in Command line code:1
Stack trace:
#0 Command line code(1): ReflectionClass->__construct('App\\\\Policies\\\\Mo...')
#1 [internal function]: {closure}('App\\\\Policies\\\\Mo...', 'App\\\\Model')
#2 Command line code(1): array_map(Object(Closure), Array, Array)
#3 {main}
  thrown at Command line code:1)
[stacktrace]
#0 {main}
"} 
[2026-01-11 01:16:26] local.ERROR: Uncaught ReflectionException: Class "App\Policies\ModelPolicy" does not exist in Command line code:1
Stack trace:
#0 Command line code(1): ReflectionClass->__construct('App\\Policies\\Mo...')
#1 [internal function]: {closure}('App\\Policies\\Mo...', 'App\\Model')
#2 Command line code(1): array_map(Object(Closure), Array, Array)
#3 {main}
  thrown {"exception":"[object] (Symfony\\Component\\ErrorHandler\\Error\\FatalError(code: 0): Uncaught ReflectionException: Class \"App\\Policies\\ModelPolicy\" does not exist in Command line code:1
Stack trace:
#0 Command line code(1): ReflectionClass->__construct('App\\\\Policies\\\\Mo...')
#1 [internal function]: {closure}('App\\\\Policies\\\\Mo...', 'App\\\\Model')
#2 Command line code(1): array_map(Object(Closure), Array, Array)
#3 {main}
  thrown at Command line code:1)
[stacktrace]
#0 {main}
"} 
[2026-01-11 01:17:27] local.ERROR: Uncaught ReflectionException: Class "App\Policies\ModelPolicy" does not exist in Command line code:1
Stack trace:
#0 Command line code(1): ReflectionClass->__construct('App\\Policies\\Mo...')
#1 [internal function]: {closure}('App\\Policies\\Mo...', 'App\\Model')
#2 Command line code(1): array_map(Object(Closure), Array, Array)
#3 {main}
  thrown {"exception":"[object] (Symfony\\Component\\ErrorHandler\\Error\\FatalError(code: 0): Uncaught ReflectionException: Class \"App\\Policies\\ModelPolicy\" does not exist in Command line code:1
Stack trace:
#0 Command line code(1): ReflectionClass->__construct('App\\\\Policies\\\\Mo...')
#1 [internal function]: {closure}('App\\\\Policies\\\\Mo...', 'App\\\\Model')
#2 Command line code(1): array_map(Object(Closure), Array, Array)
#3 {main}
  thrown at Command line code:1)
[stacktrace]
#0 {main}
"} 
[2026-01-11 01:18:26] local.ERROR: Uncaught ReflectionException: Class "App\Policies\ModelPolicy" does not exist in Command line code:1
Stack trace:
#0 Command line code(1): ReflectionClass->__construct('App\\Policies\\Mo...')
#1 [internal function]: {closure}('App\\Policies\\Mo...', 'App\\Model')
#2 Command line code(1): array_map(Object(Closure), Array, Array)
#3 {main}
  thrown {"exception":"[object] (Symfony\\Component\\ErrorHandler\\Error\\FatalError(code: 0): Uncaught ReflectionException: Class \"App\\Policies\\ModelPolicy\" does not exist in Command line code:1
Stack trace:
#0 Command line code(1): ReflectionClass->__construct('App\\\\Policies\\\\Mo...')
#1 [internal function]: {closure}('App\\\\Policies\\\\Mo...', 'App\\\\Model')
#2 Command line code(1): array_map(Object(Closure), Array, Array)
#3 {main}
  thrown at Command line code:1)
[stacktrace]
#0 {main}
"} 
[2026-01-11 01:19:27] local.ERROR: Uncaught ReflectionException: Class "App\Policies\ModelPolicy" does not exist in Command line code:1
Stack trace:
#0 Command line code(1): ReflectionClass->__construct('App\\Policies\\Mo...')
#1 [internal function]: {closure}('App\\Policies\\Mo...', 'App\\Model')
#2 Command line code(1): array_map(Object(Closure), Array, Array)
#3 {main}
  thrown {"exception":"[object] (Symfony\\Component\\ErrorHandler\\Error\\FatalError(code: 0): Uncaught ReflectionException: Class \"App\\Policies\\ModelPolicy\" does not exist in Command line code:1
Stack trace:
#0 Command line code(1): ReflectionClass->__construct('App\\\\Policies\\\\Mo...')
#1 [internal function]: {closure}('App\\\\Policies\\\\Mo...', 'App\\\\Model')
#2 Command line code(1): array_map(Object(Closure), Array, Array)
#3 {main}
  thrown at Command line code:1)
[stacktrace]
#0 {main}
"} 
[2026-01-11 01:20:27] local.ERROR: Uncaught ReflectionException: Class "App\Policies\ModelPolicy" does not exist in Command line code:1
Stack trace:
#0 Command line code(1): ReflectionClass->__construct('App\\Policies\\Mo...')
#1 [internal function]: {closure}('App\\Policies\\Mo...', 'App\\Model')
#2 Command line code(1): array_map(Object(Closure), Array, Array)
#3 {main}
  thrown {"exception":"[object] (Symfony\\Component\\ErrorHandler\\Error\\FatalError(code: 0): Uncaught ReflectionException: Class \"App\\Policies\\ModelPolicy\" does not exist in Command line code:1
Stack trace:
#0 Command line code(1): ReflectionClass->__construct('App\\\\Policies\\\\Mo...')
#1 [internal function]: {closure}('App\\\\Policies\\\\Mo...', 'App\\\\Model')
#2 Command line code(1): array_map(Object(Closure), Array, Array)
#3 {main}
  thrown at Command line code:1)
[stacktrace]
#0 {main}
"} 
[2026-01-11 01:21:26] local.ERROR: Uncaught ReflectionException: Class "App\Policies\ModelPolicy" does not exist in Command line code:1
Stack trace:
#0 Command line code(1): ReflectionClass->__construct('App\\Policies\\Mo...')
#1 [internal function]: {closure}('App\\Policies\\Mo...', 'App\\Model')
#2 Command line code(1): array_map(Object(Closure), Array, Array)
#3 {main}
  thrown {"exception":"[object] (Symfony\\Component\\ErrorHandler\\Error\\FatalError(code: 0): Uncaught ReflectionException: Class \"App\\Policies\\ModelPolicy\" does not exist in Command line code:1
Stack trace:
#0 Command line code(1): ReflectionClass->__construct('App\\\\Policies\\\\Mo...')
#1 [internal function]: {closure}('App\\\\Policies\\\\Mo...', 'App\\\\Model')
#2 Command line code(1): array_map(Object(Closure), Array, Array)
#3 {main}
  thrown at Command line code:1)
[stacktrace]
#0 {main}
"} 
[2026-01-11 01:22:26] local.ERROR: Uncaught ReflectionException: Class "App\Policies\ModelPolicy" does not exist in Command line code:1
Stack trace:
#0 Command line code(1): ReflectionClass->__construct('App\\Policies\\Mo...')
#1 [internal function]: {closure}('App\\Policies\\Mo...', 'App\\Model')
#2 Command line code(1): array_map(Object(Closure), Array, Array)
#3 {main}
  thrown {"exception":"[object] (Symfony\\Component\\ErrorHandler\\Error\\FatalError(code: 0): Uncaught ReflectionException: Class \"App\\Policies\\ModelPolicy\" does not exist in Command line code:1
Stack trace:
#0 Command line code(1): ReflectionClass->__construct('App\\\\Policies\\\\Mo...')
#1 [internal function]: {closure}('App\\\\Policies\\\\Mo...', 'App\\\\Model')
#2 Command line code(1): array_map(Object(Closure), Array, Array)
#3 {main}
  thrown at Command line code:1)
[stacktrace]
#0 {main}
"} 
[2026-01-11 01:23:26] local.ERROR: Uncaught ReflectionException: Class "App\Policies\ModelPolicy" does not exist in Command line code:1
Stack trace:
#0 Command line code(1): ReflectionClass->__construct('App\\Policies\\Mo...')
#1 [internal function]: {closure}('App\\Policies\\Mo...', 'App\\Model')
#2 Command line code(1): array_map(Object(Closure), Array, Array)
#3 {main}
  thrown {"exception":"[object] (Symfony\\Component\\ErrorHandler\\Error\\FatalError(code: 0): Uncaught ReflectionException: Class \"App\\Policies\\ModelPolicy\" does not exist in Command line code:1
Stack trace:
#0 Command line code(1): ReflectionClass->__construct('App\\\\Policies\\\\Mo...')
#1 [internal function]: {closure}('App\\\\Policies\\\\Mo...', 'App\\\\Model')
#2 Command line code(1): array_map(Object(Closure), Array, Array)
#3 {main}
  thrown at Command line code:1)
[stacktrace]
#0 {main}
"} 
[2026-01-11 01:24:26] local.ERROR: Uncaught ReflectionException: Class "App\Policies\ModelPolicy" does not exist in Command line code:1
Stack trace:
#0 Command line code(1): ReflectionClass->__construct('App\\Policies\\Mo...')
#1 [internal function]: {closure}('App\\Policies\\Mo...', 'App\\Model')
#2 Command line code(1): array_map(Object(Closure), Array, Array)
#3 {main}
  thrown {"exception":"[object] (Symfony\\Component\\ErrorHandler\\Error\\FatalError(code: 0): Uncaught ReflectionException: Class \"App\\Policies\\ModelPolicy\" does not exist in Command line code:1
Stack trace:
#0 Command line code(1): ReflectionClass->__construct('App\\\\Policies\\\\Mo...')
#1 [internal function]: {closure}('App\\\\Policies\\\\Mo...', 'App\\\\Model')
#2 Command line code(1): array_map(Object(Closure), Array, Array)
#3 {main}
  thrown at Command line code:1)
[stacktrace]
#0 {main}
"} 
[2026-01-11 01:25:26] local.ERROR: Uncaught ReflectionException: Class "App\Policies\ModelPolicy" does not exist in Command line code:1
Stack trace:
#0 Command line code(1): ReflectionClass->__construct('App\\Policies\\Mo...')
#1 [internal function]: {closure}('App\\Policies\\Mo...', 'App\\Model')
#2 Command line code(1): array_map(Object(Closure), Array, Array)
#3 {main}
  thrown {"exception":"[object] (Symfony\\Component\\ErrorHandler\\Error\\FatalError(code: 0): Uncaught ReflectionException: Class \"App\\Policies\\ModelPolicy\" does not exist in Command line code:1
Stack trace:
#0 Command line code(1): ReflectionClass->__construct('App\\\\Policies\\\\Mo...')
#1 [internal function]: {closure}('App\\\\Policies\\\\Mo...', 'App\\\\Model')
#2 Command line code(1): array_map(Object(Closure), Array, Array)
#3 {main}
  thrown at Command line code:1)
[stacktrace]
#0 {main}
"} 
[2026-01-11 01:26:26] local.ERROR: Uncaught ReflectionException: Class "App\Policies\ModelPolicy" does not exist in Command line code:1
Stack trace:
#0 Command line code(1): ReflectionClass->__construct('App\\Policies\\Mo...')
#1 [internal function]: {closure}('App\\Policies\\Mo...', 'App\\Model')
#2 Command line code(1): array_map(Object(Closure), Array, Array)
#3 {main}
  thrown {"exception":"[object] (Symfony\\Component\\ErrorHandler\\Error\\FatalError(code: 0): Uncaught ReflectionException: Class \"App\\Policies\\ModelPolicy\" does not exist in Command line code:1
Stack trace:
#0 Command line code(1): ReflectionClass->__construct('App\\\\Policies\\\\Mo...')
#1 [internal function]: {closure}('App\\\\Policies\\\\Mo...', 'App\\\\Model')
#2 Command line code(1): array_map(Object(Closure), Array, Array)
#3 {main}
  thrown at Command line code:1)
[stacktrace]
#0 {main}
"} 
[2026-01-11 01:27:26] local.ERROR: Uncaught ReflectionException: Class "App\Policies\ModelPolicy" does not exist in Command line code:1
Stack trace:
#0 Command line code(1): ReflectionClass->__construct('App\\Policies\\Mo...')
#1 [internal function]: {closure}('App\\Policies\\Mo...', 'App\\Model')
#2 Command line code(1): array_map(Object(Closure), Array, Array)
#3 {main}
  thrown {"exception":"[object] (Symfony\\Component\\ErrorHandler\\Error\\FatalError(code: 0): Uncaught ReflectionException: Class \"App\\Policies\\ModelPolicy\" does not exist in Command line code:1
Stack trace:
#0 Command line code(1): ReflectionClass->__construct('App\\\\Policies\\\\Mo...')
#1 [internal function]: {closure}('App\\\\Policies\\\\Mo...', 'App\\\\Model')
#2 Command line code(1): array_map(Object(Closure), Array, Array)
#3 {main}
  thrown at Command line code:1)
[stacktrace]
#0 {main}
"} 
[2026-01-11 01:28:26] local.ERROR: Uncaught ReflectionException: Class "App\Policies\ModelPolicy" does not exist in Command line code:1
Stack trace:
#0 Command line code(1): ReflectionClass->__construct('App\\Policies\\Mo...')
#1 [internal function]: {closure}('App\\Policies\\Mo...', 'App\\Model')
#2 Command line code(1): array_map(Object(Closure), Array, Array)
#3 {main}
  thrown {"exception":"[object] (Symfony\\Component\\ErrorHandler\\Error\\FatalError(code: 0): Uncaught ReflectionException: Class \"App\\Policies\\ModelPolicy\" does not exist in Command line code:1
Stack trace:
#0 Command line code(1): ReflectionClass->__construct('App\\\\Policies\\\\Mo...')
#1 [internal function]: {closure}('App\\\\Policies\\\\Mo...', 'App\\\\Model')
#2 Command line code(1): array_map(Object(Closure), Array, Array)
#3 {main}
  thrown at Command line code:1)
[stacktrace]
#0 {main}
"} 
[2026-01-11 01:29:27] local.ERROR: Uncaught ReflectionException: Class "App\Policies\ModelPolicy" does not exist in Command line code:1
Stack trace:
#0 Command line code(1): ReflectionClass->__construct('App\\Policies\\Mo...')
#1 [internal function]: {closure}('App\\Policies\\Mo...', 'App\\Model')
#2 Command line code(1): array_map(Object(Closure), Array, Array)
#3 {main}
  thrown {"exception":"[object] (Symfony\\Component\\ErrorHandler\\Error\\FatalError(code: 0): Uncaught ReflectionException: Class \"App\\Policies\\ModelPolicy\" does not exist in Command line code:1
Stack trace:
#0 Command line code(1): ReflectionClass->__construct('App\\\\Policies\\\\Mo...')
#1 [internal function]: {closure}('App\\\\Policies\\\\Mo...', 'App\\\\Model')
#2 Command line code(1): array_map(Object(Closure), Array, Array)
#3 {main}
  thrown at Command line code:1)
[stacktrace]
#0 {main}
"} 
[2026-01-11 01:30:26] local.ERROR: Uncaught ReflectionException: Class "App\Policies\ModelPolicy" does not exist in Command line code:1
Stack trace:
#0 Command line code(1): ReflectionClass->__construct('App\\Policies\\Mo...')
#1 [internal function]: {closure}('App\\Policies\\Mo...', 'App\\Model')
#2 Command line code(1): array_map(Object(Closure), Array, Array)
#3 {main}
  thrown {"exception":"[object] (Symfony\\Component\\ErrorHandler\\Error\\FatalError(code: 0): Uncaught ReflectionException: Class \"App\\Policies\\ModelPolicy\" does not exist in Command line code:1
Stack trace:
#0 Command line code(1): ReflectionClass->__construct('App\\\\Policies\\\\Mo...')
#1 [internal function]: {closure}('App\\\\Policies\\\\Mo...', 'App\\\\Model')
#2 Command line code(1): array_map(Object(Closure), Array, Array)
#3 {main}
  thrown at Command line code:1)
[stacktrace]
#0 {main}
"} 
[2026-01-11 01:31:26] local.ERROR: Uncaught ReflectionException: Class "App\Policies\ModelPolicy" does not exist in Command line code:1
Stack trace:
#0 Command line code(1): ReflectionClass->__construct('App\\Policies\\Mo...')
#1 [internal function]: {closure}('App\\Policies\\Mo...', 'App\\Model')
#2 Command line code(1): array_map(Object(Closure), Array, Array)
#3 {main}
  thrown {"exception":"[object] (Symfony\\Component\\ErrorHandler\\Error\\FatalError(code: 0): Uncaught ReflectionException: Class \"App\\Policies\\ModelPolicy\" does not exist in Command line code:1
Stack trace:
#0 Command line code(1): ReflectionClass->__construct('App\\\\Policies\\\\Mo...')
#1 [internal function]: {closure}('App\\\\Policies\\\\Mo...', 'App\\\\Model')
#2 Command line code(1): array_map(Object(Closure), Array, Array)
#3 {main}
  thrown at Command line code:1)
[stacktrace]
#0 {main}
"} 
[2026-01-11 01:32:27] local.ERROR: Uncaught ReflectionException: Class "App\Policies\ModelPolicy" does not exist in Command line code:1
Stack trace:
#0 Command line code(1): ReflectionClass->__construct('App\\Policies\\Mo...')
#1 [internal function]: {closure}('App\\Policies\\Mo...', 'App\\Model')
#2 Command line code(1): array_map(Object(Closure), Array, Array)
#3 {main}
  thrown {"exception":"[object] (Symfony\\Component\\ErrorHandler\\Error\\FatalError(code: 0): Uncaught ReflectionException: Class \"App\\Policies\\ModelPolicy\" does not exist in Command line code:1
Stack trace:
#0 Command line code(1): ReflectionClass->__construct('App\\\\Policies\\\\Mo...')
#1 [internal function]: {closure}('App\\\\Policies\\\\Mo...', 'App\\\\Model')
#2 Command line code(1): array_map(Object(Closure), Array, Array)
#3 {main}
  thrown at Command line code:1)
[stacktrace]
#0 {main}
"} 
[2026-01-11 01:33:26] local.ERROR: Uncaught ReflectionException: Class "App\Policies\ModelPolicy" does not exist in Command line code:1
Stack trace:
#0 Command line code(1): ReflectionClass->__construct('App\\Policies\\Mo...')
#1 [internal function]: {closure}('App\\Policies\\Mo...', 'App\\Model')
#2 Command line code(1): array_map(Object(Closure), Array, Array)
#3 {main}
  thrown {"exception":"[object] (Symfony\\Component\\ErrorHandler\\Error\\FatalError(code: 0): Uncaught ReflectionException: Class \"App\\Policies\\ModelPolicy\" does not exist in Command line code:1
Stack trace:
#0 Command line code(1): ReflectionClass->__construct('App\\\\Policies\\\\Mo...')
#1 [internal function]: {closure}('App\\\\Policies\\\\Mo...', 'App\\\\Model')
#2 Command line code(1): array_map(Object(Closure), Array, Array)
#3 {main}
  thrown at Command line code:1)
[stacktrace]
#0 {main}
"} 
[2026-01-11 01:34:26] local.ERROR: Uncaught ReflectionException: Class "App\Policies\ModelPolicy" does not exist in Command line code:1
Stack trace:
#0 Command line code(1): ReflectionClass->__construct('App\\Policies\\Mo...')
#1 [internal function]: {closure}('App\\Policies\\Mo...', 'App\\Model')
#2 Command line code(1): array_map(Object(Closure), Array, Array)
#3 {main}
  thrown {"exception":"[object] (Symfony\\Component\\ErrorHandler\\Error\\FatalError(code: 0): Uncaught ReflectionException: Class \"App\\Policies\\ModelPolicy\" does not exist in Command line code:1
Stack trace:
#0 Command line code(1): ReflectionClass->__construct('App\\\\Policies\\\\Mo...')
#1 [internal function]: {closure}('App\\\\Policies\\\\Mo...', 'App\\\\Model')
#2 Command line code(1): array_map(Object(Closure), Array, Array)
#3 {main}
  thrown at Command line code:1)
[stacktrace]
#0 {main}
"} 
[2026-01-11 01:35:27] local.ERROR: Uncaught ReflectionException: Class "App\Policies\ModelPolicy" does not exist in Command line code:1
Stack trace:
#0 Command line code(1): ReflectionClass->__construct('App\\Policies\\Mo...')
#1 [internal function]: {closure}('App\\Policies\\Mo...', 'App\\Model')
#2 Command line code(1): array_map(Object(Closure), Array, Array)
#3 {main}
  thrown {"exception":"[object] (Symfony\\Component\\ErrorHandler\\Error\\FatalError(code: 0): Uncaught ReflectionException: Class \"App\\Policies\\ModelPolicy\" does not exist in Command line code:1
Stack trace:
#0 Command line code(1): ReflectionClass->__construct('App\\\\Policies\\\\Mo...')
#1 [internal function]: {closure}('App\\\\Policies\\\\Mo...', 'App\\\\Model')
#2 Command line code(1): array_map(Object(Closure), Array, Array)
#3 {main}
  thrown at Command line code:1)
[stacktrace]
#0 {main}
"} 
[2026-01-11 01:36:27] local.ERROR: Uncaught ReflectionException: Class "App\Policies\ModelPolicy" does not exist in Command line code:1
Stack trace:
#0 Command line code(1): ReflectionClass->__construct('App\\Policies\\Mo...')
#1 [internal function]: {closure}('App\\Policies\\Mo...', 'App\\Model')
#2 Command line code(1): array_map(Object(Closure), Array, Array)
#3 {main}
  thrown {"exception":"[object] (Symfony\\Component\\ErrorHandler\\Error\\FatalError(code: 0): Uncaught ReflectionException: Class \"App\\Policies\\ModelPolicy\" does not exist in Command line code:1
Stack trace:
#0 Command line code(1): ReflectionClass->__construct('App\\\\Policies\\\\Mo...')
#1 [internal function]: {closure}('App\\\\Policies\\\\Mo...', 'App\\\\Model')
#2 Command line code(1): array_map(Object(Closure), Array, Array)
#3 {main}
  thrown at Command line code:1)
[stacktrace]
#0 {main}
"} 
[2026-01-11 01:37:27] local.ERROR: Uncaught ReflectionException: Class "App\Policies\ModelPolicy" does not exist in Command line code:1
Stack trace:
#0 Command line code(1): ReflectionClass->__construct('App\\Policies\\Mo...')
#1 [internal function]: {closure}('App\\Policies\\Mo...', 'App\\Model')
#2 Command line code(1): array_map(Object(Closure), Array, Array)
#3 {main}
  thrown {"exception":"[object] (Symfony\\Component\\ErrorHandler\\Error\\FatalError(code: 0): Uncaught ReflectionException: Class \"App\\Policies\\ModelPolicy\" does not exist in Command line code:1
Stack trace:
#0 Command line code(1): ReflectionClass->__construct('App\\\\Policies\\\\Mo...')
#1 [internal function]: {closure}('App\\\\Policies\\\\Mo...', 'App\\\\Model')
#2 Command line code(1): array_map(Object(Closure), Array, Array)
#3 {main}
  thrown at Command line code:1)
[stacktrace]
#0 {main}
"} 
[2026-01-11 01:38:26] local.ERROR: Uncaught ReflectionException: Class "App\Policies\ModelPolicy" does not exist in Command line code:1
Stack trace:
#0 Command line code(1): ReflectionClass->__construct('App\\Policies\\Mo...')
#1 [internal function]: {closure}('App\\Policies\\Mo...', 'App\\Model')
#2 Command line code(1): array_map(Object(Closure), Array, Array)
#3 {main}
  thrown {"exception":"[object] (Symfony\\Component\\ErrorHandler\\Error\\FatalError(code: 0): Uncaught ReflectionException: Class \"App\\Policies\\ModelPolicy\" does not exist in Command line code:1
Stack trace:
#0 Command line code(1): ReflectionClass->__construct('App\\\\Policies\\\\Mo...')
#1 [internal function]: {closure}('App\\\\Policies\\\\Mo...', 'App\\\\Model')
#2 Command line code(1): array_map(Object(Closure), Array, Array)
#3 {main}
  thrown at Command line code:1)
[stacktrace]
#0 {main}
"} 
[2026-01-11 01:39:27] local.ERROR: Uncaught ReflectionException: Class "App\Policies\ModelPolicy" does not exist in Command line code:1
Stack trace:
#0 Command line code(1): ReflectionClass->__construct('App\\Policies\\Mo...')
#1 [internal function]: {closure}('App\\Policies\\Mo...', 'App\\Model')
#2 Command line code(1): array_map(Object(Closure), Array, Array)
#3 {main}
  thrown {"exception":"[object] (Symfony\\Component\\ErrorHandler\\Error\\FatalError(code: 0): Uncaught ReflectionException: Class \"App\\Policies\\ModelPolicy\" does not exist in Command line code:1
Stack trace:
#0 Command line code(1): ReflectionClass->__construct('App\\\\Policies\\\\Mo...')
#1 [internal function]: {closure}('App\\\\Policies\\\\Mo...', 'App\\\\Model')
#2 Command line code(1): array_map(Object(Closure), Array, Array)
#3 {main}
  thrown at Command line code:1)
[stacktrace]
#0 {main}
"} 
[2026-01-11 01:39:49] local.ERROR: Action Modules\Superadmin\Http\Controllers\PricingController@index not defined. {"view":{"view":"/Users/evills/developer/AudazPOS/resources/views/layouts/auth2.blade.php","data":{"asset_v":"<pre class=sf-dump id=sf-dump-866058890 data-indent-pad=\"  \"><span class=sf-dump-num>670</span>
</pre><script>Sfdump(\"sf-dump-866058890\", {\"maxDepth\":3,\"maxStringLength\":160})</script>
","errors":"<pre class=sf-dump id=sf-dump-718922444 data-indent-pad=\"  \"><span class=sf-dump-note>Illuminate\\Support\\ViewErrorBag</span> {<a class=sf-dump-ref>#2268</a><samp data-depth=1 class=sf-dump-expanded>
  #<span class=sf-dump-protected title=\"Protected property\">bags</span>: []
</samp>}
</pre><script>Sfdump(\"sf-dump-718922444\", {\"maxDepth\":3,\"maxStringLength\":160})</script>
","enabled_modules":"<pre class=sf-dump id=sf-dump-352005385 data-indent-pad=\"  \">[]
</pre><script>Sfdump(\"sf-dump-352005385\", {\"maxDepth\":3,\"maxStringLength\":160})</script>
","__is_pusher_enabled":"<pre class=sf-dump id=sf-dump-1984320261 data-indent-pad=\"  \"><span class=sf-dump-const>false</span>
</pre><script>Sfdump(\"sf-dump-1984320261\", {\"maxDepth\":3,\"maxStringLength\":160})</script>
","request":"<pre class=sf-dump id=sf-dump-248555095 data-indent-pad=\"  \"><span class=sf-dump-note>Illuminate\\Http\\Request</span> {<a class=sf-dump-ref>#53</a><samp data-depth=1 class=sf-dump-expanded>
  +<span class=sf-dump-public title=\"Public property\">attributes</span>: <span class=\"sf-dump-note sf-dump-ellipsization\" title=\"Symfony\\Component\\HttpFoundation\\ParameterBag
\"><span class=\"sf-dump-ellipsis sf-dump-ellipsis-note\">Symfony\\Component\\HttpFoundation</span><span class=\"sf-dump-ellipsis sf-dump-ellipsis-note\">\\</span><span class=\"sf-dump-ellipsis-tail\">ParameterBag</span></span> {<a class=sf-dump-ref>#55</a><samp data-depth=2 class=sf-dump-compact>
    #<span class=sf-dump-protected title=\"Protected property\">parameters</span>: []
  </samp>}
  +<span class=sf-dump-public title=\"Public property\">request</span>: <span class=\"sf-dump-note sf-dump-ellipsization\" title=\"Symfony\\Component\\HttpFoundation\\InputBag
\"><span class=\"sf-dump-ellipsis sf-dump-ellipsis-note\">Symfony\\Component\\HttpFoundation</span><span class=\"sf-dump-ellipsis sf-dump-ellipsis-note\">\\</span><span class=\"sf-dump-ellipsis-tail\">InputBag</span></span> {<a class=sf-dump-ref>#54</a><samp data-depth=2 class=sf-dump-compact>
    #<span class=sf-dump-protected title=\"Protected property\">parameters</span>: []
  </samp>}
  +<span class=sf-dump-public title=\"Public property\">query</span>: <span class=\"sf-dump-note sf-dump-ellipsization\" title=\"Symfony\\Component\\HttpFoundation\\InputBag
\"><span class=\"sf-dump-ellipsis sf-dump-ellipsis-note\">Symfony\\Component\\HttpFoundation</span><span class=\"sf-dump-ellipsis sf-dump-ellipsis-note\">\\</span><span class=\"sf-dump-ellipsis-tail\">InputBag</span></span> {<a class=sf-dump-ref>#61</a><samp data-depth=2 class=sf-dump-compact>
    #<span class=sf-dump-protected title=\"Protected property\">parameters</span>: []
  </samp>}
  +<span class=sf-dump-public title=\"Public property\">server</span>: <span class=\"sf-dump-note sf-dump-ellipsization\" title=\"Symfony\\Component\\HttpFoundation\\ServerBag
\"><span class=\"sf-dump-ellipsis sf-dump-ellipsis-note\">Symfony\\Component\\HttpFoundation</span><span class=\"sf-dump-ellipsis sf-dump-ellipsis-note\">\\</span><span class=\"sf-dump-ellipsis-tail\">ServerBag</span></span> {<a class=sf-dump-ref>#57</a><samp data-depth=2 class=sf-dump-compact>
    #<span class=sf-dump-protected title=\"Protected property\">parameters</span>: <span class=sf-dump-note>array:47</span> [<samp data-depth=3 class=sf-dump-compact>
      \"<span class=sf-dump-key>USER</span>\" => \"<span class=sf-dump-str title=\"6 characters\">evills</span>\"
      \"<span class=sf-dump-key>HOME</span>\" => \"<span class=sf-dump-str title=\"13 characters\">/Users/evills</span>\"
      \"<span class=sf-dump-key>HTTP_COOKIE</span>\" => \"<span class=sf-dump-str title=\"731 characters\">XSRF-TOKEN=eyJpdiI6IjBONlo1U0dkTTZ5L1pLMEU4Y1p0cGc9PSIsInZhbHVlIjoiVWJPSFp4NFByYkk0cHkzQmI2STlBUUFOUXlLUEcxdDBPZFJRMHkxT3hxQmxaMzc4Qkx1U1NMdzd2UE93eGhabCtHWnVmdWdlaG96OUFJYWFLdDJ1T3FrSTlQeUV2UUlCOGZLTzJYSWREczdKSzJqTHUxa2lFNmg1NnlWbUpwK0QiLCJtYWMiOiI1YzZhNWYwMThiZWMzMDg5YzcxMmNkMjE3NGIxNDRiMzRiNTFkZDIzMGYxNjZjNGNkMjhkM2M5NGRkNjk5ZjA0IiwidGFnIjoiIn0%3D; sistema_de_punto_de_venta_session=eyJpdiI6IjRGOE5JN3FRdFZQS3Y0WDRvVmZzRXc9PSIsInZhbHVlIjoiZUR3VmZtVXgzS1huMTN6Ly9yY2JQV1lCK09RaU1idWJ5NUZORkhOVkZBanYrNHNWbnBoWnJsYUZmZjYzTXdkaVdjeFJUZUE5d0ZvM1BNb2tEWlJqcUtNbmFTRWY2WTFiYVptUWJKalFyaEtOVlNZYWVxYlVCSElSdE1maUFNRHMiLCJtYWMiOiIxMzM1MzUzNjg5YWIyOTQ2MTY4MGNhOWQzOThjYWRkMmQ4YzJkNzc4OGE5MDQ5ZTgzZmY1OTczNTVkMjE0YzYzIiwidGFnIjoiIn0%3D</span>\"
      \"<span class=sf-dump-key>HTTP_PRIORITY</span>\" => \"<span class=sf-dump-str title=\"6 characters\">u=0, i</span>\"
      \"<span class=sf-dump-key>HTTP_ACCEPT_ENCODING</span>\" => \"<span class=sf-dump-str title=\"23 characters\">gzip, deflate, br, zstd</span>\"
      \"<span class=sf-dump-key>HTTP_REFERER</span>\" => \"<span class=sf-dump-str title=\"22 characters\">https://audazpos.test/</span>\"
      \"<span class=sf-dump-key>HTTP_SEC_FETCH_DEST</span>\" => \"<span class=sf-dump-str title=\"8 characters\">document</span>\"
      \"<span class=sf-dump-key>HTTP_SEC_FETCH_USER</span>\" => \"<span class=sf-dump-str title=\"2 characters\">?1</span>\"
      \"<span class=sf-dump-key>HTTP_SEC_FETCH_MODE</span>\" => \"<span class=sf-dump-str title=\"8 characters\">navigate</span>\"
      \"<span class=sf-dump-key>HTTP_SEC_FETCH_SITE</span>\" => \"<span class=sf-dump-str title=\"11 characters\">same-origin</span>\"
      \"<span class=sf-dump-key>HTTP_ACCEPT_LANGUAGE</span>\" => \"<span class=sf-dump-str title=\"15 characters\">es-419,es;q=0.5</span>\"
      \"<span class=sf-dump-key>HTTP_SEC_GPC</span>\" => \"<span class=sf-dump-str>1</span>\"
      \"<span class=sf-dump-key>HTTP_ACCEPT</span>\" => \"<span class=sf-dump-str title=\"96 characters\">text/html,application/xhtml+xml,application/xml;q=0.9,image/avif,image/webp,image/apng,*/*;q=0.8</span>\"
      \"<span class=sf-dump-key>HTTP_USER_AGENT</span>\" => \"<span class=sf-dump-str title=\"117 characters\">Mozilla/5.0 (Macintosh; Intel Mac OS X 10_15_7) AppleWebKit/537.36 (KHTML, like Gecko) Chrome/143.0.0.0 Safari/537.36</span>\"
      \"<span class=sf-dump-key>HTTP_UPGRADE_INSECURE_REQUESTS</span>\" => \"<span class=sf-dump-str>1</span>\"
      \"<span class=sf-dump-key>HTTP_SEC_CH_UA_PLATFORM</span>\" => \"<span class=sf-dump-str title=\"7 characters\">&quot;macOS&quot;</span>\"
      \"<span class=sf-dump-key>HTTP_SEC_CH_UA_MOBILE</span>\" => \"<span class=sf-dump-str title=\"2 characters\">?0</span>\"
      \"<span class=sf-dump-key>HTTP_SEC_CH_UA</span>\" => \"<span class=sf-dump-str title=\"57 characters\">&quot;Brave&quot;;v=&quot;143&quot;, &quot;Chromium&quot;;v=&quot;143&quot;, &quot;Not A(Brand&quot;;v=&quot;24&quot;</span>\"
      \"<span class=sf-dump-key>HTTP_HOST</span>\" => \"<span class=sf-dump-str title=\"13 characters\">audazpos.test</span>\"
      \"<span class=sf-dump-key>PATH_INFO</span>\" => \"\"
      \"<span class=sf-dump-key>HERD_HOME</span>\" => \"<span class=sf-dump-str title=\"46 characters\">/Users/evills/Library/Application Support/Herd</span>\"
      \"<span class=sf-dump-key>REDIRECT_STATUS</span>\" => \"<span class=sf-dump-str title=\"3 characters\">200</span>\"
      \"<span class=sf-dump-key>HTTPS</span>\" => \"<span class=sf-dump-str title=\"2 characters\">on</span>\"
      \"<span class=sf-dump-key>SERVER_NAME</span>\" => \"<span class=sf-dump-str title=\"13 characters\">audazpos.test</span>\"
      \"<span class=sf-dump-key>SERVER_PORT</span>\" => \"<span class=sf-dump-str title=\"3 characters\">443</span>\"
      \"<span class=sf-dump-key>SERVER_ADDR</span>\" => \"<span class=sf-dump-str title=\"9 characters\">127.0.0.1</span>\"
      \"<span class=sf-dump-key>REMOTE_PORT</span>\" => \"<span class=sf-dump-str title=\"5 characters\">59084</span>\"
      \"<span class=sf-dump-key>REMOTE_ADDR</span>\" => \"<span class=sf-dump-str title=\"9 characters\">127.0.0.1</span>\"
      \"<span class=sf-dump-key>SERVER_SOFTWARE</span>\" => \"<span class=sf-dump-str title=\"12 characters\">nginx/1.25.4</span>\"
      \"<span class=sf-dump-key>GATEWAY_INTERFACE</span>\" => \"<span class=sf-dump-str title=\"7 characters\">CGI/1.1</span>\"
      \"<span class=sf-dump-key>SERVER_PROTOCOL</span>\" => \"<span class=sf-dump-str title=\"8 characters\">HTTP/2.0</span>\"
      \"<span class=sf-dump-key>DOCUMENT_ROOT</span>\" => \"\"
      \"<span class=sf-dump-key>DOCUMENT_URI</span>\" => \"<span class=sf-dump-str title=\"58 characters\">/Applications/Herd.app/Contents/Resources/valet/server.php</span>\"
      \"<span class=sf-dump-key>REQUEST_URI</span>\" => \"<span class=sf-dump-str title=\"6 characters\">/login</span>\"
      \"<span class=sf-dump-key>SCRIPT_NAME</span>\" => \"<span class=sf-dump-str title=\"58 characters\">/Applications/Herd.app/Contents/Resources/valet/server.php</span>\"
      \"<span class=sf-dump-key>SCRIPT_FILENAME</span>\" => \"<span class=sf-dump-str title=\"58 characters\">/Applications/Herd.app/Contents/Resources/valet/server.php</span>\"
      \"<span class=sf-dump-key>CONTENT_LENGTH</span>\" => \"\"
      \"<span class=sf-dump-key>CONTENT_TYPE</span>\" => \"\"
      \"<span class=sf-dump-key>REQUEST_METHOD</span>\" => \"<span class=sf-dump-str title=\"3 characters\">GET</span>\"
      \"<span class=sf-dump-key>QUERY_STRING</span>\" => \"\"
      \"<span class=sf-dump-key>FCGI_ROLE</span>\" => \"<span class=sf-dump-str title=\"9 characters\">RESPONDER</span>\"
      \"<span class=sf-dump-key>PHP_SELF</span>\" => \"<span class=sf-dump-str title=\"58 characters\">/Applications/Herd.app/Contents/Resources/valet/server.php</span>\"
      \"<span class=sf-dump-key>REQUEST_TIME_FLOAT</span>\" => <span class=sf-dump-num>1768075789.1339</span>
      \"<span class=sf-dump-key>REQUEST_TIME</span>\" => <span class=sf-dump-num>1768075789</span>
      \"<span class=sf-dump-key>argv</span>\" => []
      \"<span class=sf-dump-key>argc</span>\" => <span class=sf-dump-num>0</span>
      \"<span class=sf-dump-key>HERD_SITE_PATH</span>\" => \"<span class=sf-dump-str title=\"32 characters\">/Users/evills/developer/AudazPOS</span>\"
    </samp>]
  </samp>}
  +<span class=sf-dump-public title=\"Public property\">files</span>: <span class=\"sf-dump-note sf-dump-ellipsization\" title=\"Symfony\\Component\\HttpFoundation\\FileBag
\"><span class=\"sf-dump-ellipsis sf-dump-ellipsis-note\">Symfony\\Component\\HttpFoundation</span><span class=\"sf-dump-ellipsis sf-dump-ellipsis-note\">\\</span><span class=\"sf-dump-ellipsis-tail\">FileBag</span></span> {<a class=sf-dump-ref>#58</a><samp data-depth=2 class=sf-dump-compact>
    #<span class=sf-dump-protected title=\"Protected property\">parameters</span>: []
  </samp>}
  +<span class=sf-dump-public title=\"Public property\">cookies</span>: <span class=\"sf-dump-note sf-dump-ellipsization\" title=\"Symfony\\Component\\HttpFoundation\\InputBag
\"><span class=\"sf-dump-ellipsis sf-dump-ellipsis-note\">Symfony\\Component\\HttpFoundation</span><span class=\"sf-dump-ellipsis sf-dump-ellipsis-note\">\\</span><span class=\"sf-dump-ellipsis-tail\">InputBag</span></span> {<a class=sf-dump-ref>#56</a><samp data-depth=2 class=sf-dump-compact>
    #<span class=sf-dump-protected title=\"Protected property\">parameters</span>: <span class=sf-dump-note>array:2</span> [<samp data-depth=3 class=sf-dump-compact>
      \"<span class=sf-dump-key>XSRF-TOKEN</span>\" => \"<span class=sf-dump-str title=\"40 characters\">iMo0kkQJ9WgDwfNMVTYKjoOEEzVWjlZepfZhykyf</span>\"
      \"<span class=sf-dump-key>sistema_de_punto_de_venta_session</span>\" => \"<span class=sf-dump-str title=\"40 characters\">zWxUTi1G4TSPiLeKdMNvx5nRfYSHsk4xOaurkGL3</span>\"
    </samp>]
  </samp>}
  +<span class=sf-dump-public title=\"Public property\">headers</span>: <span class=\"sf-dump-note sf-dump-ellipsization\" title=\"Symfony\\Component\\HttpFoundation\\HeaderBag
\"><span class=\"sf-dump-ellipsis sf-dump-ellipsis-note\">Symfony\\Component\\HttpFoundation</span><span class=\"sf-dump-ellipsis sf-dump-ellipsis-note\">\\</span><span class=\"sf-dump-ellipsis-tail\">HeaderBag</span></span> {<a class=sf-dump-ref>#59</a><samp data-depth=2 class=sf-dump-compact>
    #<span class=sf-dump-protected title=\"Protected property\">headers</span>: <span class=sf-dump-note>array:17</span> [<samp data-depth=3 class=sf-dump-compact>
      \"<span class=sf-dump-key>cookie</span>\" => <span class=sf-dump-note>array:1</span> [ &#8230;1]
      \"<span class=sf-dump-key>priority</span>\" => <span class=sf-dump-note>array:1</span> [ &#8230;1]
      \"<span class=sf-dump-key>accept-encoding</span>\" => <span class=sf-dump-note>array:1</span> [ &#8230;1]
      \"<span class=sf-dump-key>referer</span>\" => <span class=sf-dump-note>array:1</span> [ &#8230;1]
      \"<span class=sf-dump-key>sec-fetch-dest</span>\" => <span class=sf-dump-note>array:1</span> [ &#8230;1]
      \"<span class=sf-dump-key>sec-fetch-user</span>\" => <span class=sf-dump-note>array:1</span> [ &#8230;1]
      \"<span class=sf-dump-key>sec-fetch-mode</span>\" => <span class=sf-dump-note>array:1</span> [ &#8230;1]
      \"<span class=sf-dump-key>sec-fetch-site</span>\" => <span class=sf-dump-note>array:1</span> [ &#8230;1]
      \"<span class=sf-dump-key>accept-language</span>\" => <span class=sf-dump-note>array:1</span> [ &#8230;1]
      \"<span class=sf-dump-key>sec-gpc</span>\" => <span class=sf-dump-note>array:1</span> [ &#8230;1]
      \"<span class=sf-dump-key>accept</span>\" => <span class=sf-dump-note>array:1</span> [ &#8230;1]
      \"<span class=sf-dump-key>user-agent</span>\" => <span class=sf-dump-note>array:1</span> [ &#8230;1]
      \"<span class=sf-dump-key>upgrade-insecure-requests</span>\" => <span class=sf-dump-note>array:1</span> [ &#8230;1]
      \"<span class=sf-dump-key>sec-ch-ua-platform</span>\" => <span class=sf-dump-note>array:1</span> [ &#8230;1]
      \"<span class=sf-dump-key>sec-ch-ua-mobile</span>\" => <span class=sf-dump-note>array:1</span> [ &#8230;1]
      \"<span class=sf-dump-key>sec-ch-ua</span>\" => <span class=sf-dump-note>array:1</span> [ &#8230;1]
      \"<span class=sf-dump-key>host</span>\" => <span class=sf-dump-note>array:1</span> [ &#8230;1]
    </samp>]
    #<span class=sf-dump-protected title=\"Protected property\">cacheControl</span>: []
  </samp>}
  #<span class=sf-dump-protected title=\"Protected property\">content</span>: <span class=sf-dump-const>null</span>
  #<span class=sf-dump-protected title=\"Protected property\">languages</span>: <span class=sf-dump-const>null</span>
  #<span class=sf-dump-protected title=\"Protected property\">charsets</span>: <span class=sf-dump-const>null</span>
  #<span class=sf-dump-protected title=\"Protected property\">encodings</span>: <span class=sf-dump-const>null</span>
  #<span class=sf-dump-protected title=\"Protected property\">acceptableContentTypes</span>: <span class=sf-dump-const>null</span>
  #<span class=sf-dump-protected title=\"Protected property\">pathInfo</span>: \"<span class=sf-dump-str title=\"6 characters\">/login</span>\"
  #<span class=sf-dump-protected title=\"Protected property\">requestUri</span>: \"<span class=sf-dump-str title=\"6 characters\">/login</span>\"
  #<span class=sf-dump-protected title=\"Protected property\">baseUrl</span>: \"\"
  #<span class=sf-dump-protected title=\"Protected property\">basePath</span>: <span class=sf-dump-const>null</span>
  #<span class=sf-dump-protected title=\"Protected property\">method</span>: \"<span class=sf-dump-str title=\"3 characters\">GET</span>\"
  #<span class=sf-dump-protected title=\"Protected property\">format</span>: <span class=sf-dump-const>null</span>
  #<span class=sf-dump-protected title=\"Protected property\">session</span>: <span class=\"sf-dump-note sf-dump-ellipsization\" title=\"Illuminate\\Session\\Store
\"><span class=\"sf-dump-ellipsis sf-dump-ellipsis-note\">Illuminate\\Session</span><span class=\"sf-dump-ellipsis sf-dump-ellipsis-note\">\\</span><span class=\"sf-dump-ellipsis-tail\">Store</span></span> {<a class=sf-dump-ref>#2264</a><samp data-depth=2 class=sf-dump-compact>
    #<span class=sf-dump-protected title=\"Protected property\">id</span>: \"<span class=sf-dump-str title=\"40 characters\">zWxUTi1G4TSPiLeKdMNvx5nRfYSHsk4xOaurkGL3</span>\"
    #<span class=sf-dump-protected title=\"Protected property\">name</span>: \"<span class=sf-dump-str title=\"33 characters\">sistema_de_punto_de_venta_session</span>\"
    #<span class=sf-dump-protected title=\"Protected property\">attributes</span>: <span class=sf-dump-note>array:3</span> [<samp data-depth=3 class=sf-dump-compact>
      \"<span class=sf-dump-key>_token</span>\" => \"<span class=sf-dump-str title=\"40 characters\">iMo0kkQJ9WgDwfNMVTYKjoOEEzVWjlZepfZhykyf</span>\"
      \"<span class=sf-dump-key>_previous</span>\" => <span class=sf-dump-note>array:1</span> [ &#8230;1]
      \"<span class=sf-dump-key>_flash</span>\" => <span class=sf-dump-note>array:2</span> [ &#8230;2]
    </samp>]
    #<span class=sf-dump-protected title=\"Protected property\">handler</span>: <span class=\"sf-dump-note sf-dump-ellipsization\" title=\"Illuminate\\Session\\FileSessionHandler
\"><span class=\"sf-dump-ellipsis sf-dump-ellipsis-note\">Illuminate\\Session</span><span class=\"sf-dump-ellipsis sf-dump-ellipsis-note\">\\</span><span class=\"sf-dump-ellipsis-tail\">FileSessionHandler</span></span> {<a class=sf-dump-ref>#2263</a><samp data-depth=3 class=sf-dump-compact>
      #<span class=sf-dump-protected title=\"Protected property\">files</span>: <span class=\"sf-dump-note sf-dump-ellipsization\" title=\"Illuminate\\Filesystem\\Filesystem
\"><span class=\"sf-dump-ellipsis sf-dump-ellipsis-note\">Illuminate\\Filesystem</span><span class=\"sf-dump-ellipsis sf-dump-ellipsis-note\">\\</span><span class=\"sf-dump-ellipsis-tail\">Filesystem</span></span> {<a class=sf-dump-ref>#267</a>}
      #<span class=sf-dump-protected title=\"Protected property\">path</span>: \"<span class=sf-dump-str title=\"59 characters\">/Users/evills/developer/AudazPOS/storage/framework/sessions</span>\"
      #<span class=sf-dump-protected title=\"Protected property\">minutes</span>: <span class=sf-dump-num>120</span>
    </samp>}
    #<span class=sf-dump-protected title=\"Protected property\">serialization</span>: \"<span class=sf-dump-str title=\"3 characters\">php</span>\"
    #<span class=sf-dump-protected title=\"Protected property\">started</span>: <span class=sf-dump-const>true</span>
  </samp>}
  #<span class=sf-dump-protected title=\"Protected property\">locale</span>: <span class=sf-dump-const>null</span>
  #<span class=sf-dump-protected title=\"Protected property\">defaultLocale</span>: \"<span class=sf-dump-str title=\"2 characters\">en</span>\"
  -<span class=sf-dump-private title=\"Private property defined in class:&#10;`Symfony\\Component\\HttpFoundation\\Request`\">preferredFormat</span>: <span class=sf-dump-const>null</span>
  -<span class=sf-dump-private title=\"Private property defined in class:&#10;`Symfony\\Component\\HttpFoundation\\Request`\">isHostValid</span>: <span class=sf-dump-const>true</span>
  -<span class=sf-dump-private title=\"Private property defined in class:&#10;`Symfony\\Component\\HttpFoundation\\Request`\">isForwardedValid</span>: <span class=sf-dump-const>true</span>
  -<span class=sf-dump-private title=\"Private property defined in class:&#10;`Symfony\\Component\\HttpFoundation\\Request`\">isSafeContentPreferred</span>: <span class=sf-dump-const title=\"Uninitialized property\">? bool</span>
  -<span class=sf-dump-private title=\"Private property defined in class:&#10;`Symfony\\Component\\HttpFoundation\\Request`\">trustedValuesCache</span>: []
  -<span class=sf-dump-private title=\"Private property defined in class:&#10;`Symfony\\Component\\HttpFoundation\\Request`\">isIisRewrite</span>: <span class=sf-dump-const>false</span>
  #<span class=sf-dump-protected title=\"Protected property\">json</span>: <span class=sf-dump-const>null</span>
  #<span class=sf-dump-protected title=\"Protected property\">convertedFiles</span>: []
  #<span class=sf-dump-protected title=\"Protected property\">userResolver</span>: <span class=sf-dump-note>Closure($guard = null)</span> {<a class=sf-dump-ref>#2204</a><samp data-depth=2 class=sf-dump-compact>
    <span class=sf-dump-meta>class</span>: \"<span class=\"sf-dump-str sf-dump-ellipsization\" title=\"Illuminate\\Auth\\AuthServiceProvider
35 characters\"><span class=\"sf-dump-ellipsis sf-dump-ellipsis-class\">Illuminate\\Auth</span><span class=\"sf-dump-ellipsis sf-dump-ellipsis-class\">\\</span><span class=\"sf-dump-ellipsis-tail\">AuthServiceProvider</span></span>\"
    <span class=sf-dump-meta>this</span>: <span class=\"sf-dump-note sf-dump-ellipsization\" title=\"Illuminate\\Auth\\AuthServiceProvider
\"><span class=\"sf-dump-ellipsis sf-dump-ellipsis-note\">Illuminate\\Auth</span><span class=\"sf-dump-ellipsis sf-dump-ellipsis-note\">\\</span><span class=\"sf-dump-ellipsis-tail\">AuthServiceProvider</span></span> {<a class=sf-dump-ref>#65</a> &#8230;}
    <span class=sf-dump-meta>use</span>: {<samp data-depth=3 class=sf-dump-compact>
      <span class=sf-dump-meta>$app</span>: <span class=\"sf-dump-note sf-dump-ellipsization\" title=\"Illuminate\\Foundation\\Application
\"><span class=\"sf-dump-ellipsis sf-dump-ellipsis-note\">Illuminate\\Foundation</span><span class=\"sf-dump-ellipsis sf-dump-ellipsis-note\">\\</span><span class=\"sf-dump-ellipsis-tail\">Application</span></span> {<a class=sf-dump-ref>#10</a> &#8230;}
    </samp>}
    <span class=sf-dump-meta>file</span>: \"<span class=\"sf-dump-str sf-dump-ellipsization\" title=\"/Users/evills/developer/AudazPOS/vendor/laravel/framework/src/Illuminate/Auth/AuthServiceProvider.php
101 characters\"><span class=\"sf-dump-ellipsis sf-dump-ellipsis-path\">/Users/evills/developer/AudazPOS/vendor</span><span class=\"sf-dump-ellipsis sf-dump-ellipsis-path\">/laravel/framework/</span><span class=\"sf-dump-ellipsis-tail\">src/Illuminate/Auth/AuthServiceProvider.php</span></span>\"
    <span class=sf-dump-meta>line</span>: \"<span class=sf-dump-str title=\"8 characters\">88 to 90</span>\"
  </samp>}
  #<span class=sf-dump-protected title=\"Protected property\">routeResolver</span>: <span class=sf-dump-note>Closure()</span> {<a class=sf-dump-ref>#1680</a><samp data-depth=2 class=sf-dump-compact>
    <span class=sf-dump-meta>class</span>: \"<span class=\"sf-dump-str sf-dump-ellipsization\" title=\"Illuminate\\Routing\\Router
25 characters\"><span class=\"sf-dump-ellipsis sf-dump-ellipsis-class\">Illuminate\\Routing</span><span class=\"sf-dump-ellipsis sf-dump-ellipsis-class\">\\</span><span class=\"sf-dump-ellipsis-tail\">Router</span></span>\"
    <span class=sf-dump-meta>this</span>: <span class=\"sf-dump-note sf-dump-ellipsization\" title=\"Illuminate\\Routing\\Router
\"><span class=\"sf-dump-ellipsis sf-dump-ellipsis-note\">Illuminate\\Routing</span><span class=\"sf-dump-ellipsis sf-dump-ellipsis-note\">\\</span><span class=\"sf-dump-ellipsis-tail\">Router</span></span> {<a class=sf-dump-ref>#36</a> &#8230;}
    <span class=sf-dump-meta>use</span>: {<samp data-depth=3 class=sf-dump-compact>
      <span class=sf-dump-meta>$route</span>: <span class=\"sf-dump-note sf-dump-ellipsization\" title=\"Illuminate\\Routing\\Route
\"><span class=\"sf-dump-ellipsis sf-dump-ellipsis-note\">Illuminate\\Routing</span><span class=\"sf-dump-ellipsis sf-dump-ellipsis-note\">\\</span><span class=\"sf-dump-ellipsis-tail\">Route</span></span> {<a class=sf-dump-ref>#583</a> &#8230;}
    </samp>}
    <span class=sf-dump-meta>file</span>: \"<span class=\"sf-dump-str sf-dump-ellipsization\" title=\"/Users/evills/developer/AudazPOS/vendor/laravel/framework/src/Illuminate/Routing/Router.php
91 characters\"><span class=\"sf-dump-ellipsis sf-dump-ellipsis-path\">/Users/evills/developer/AudazPOS/vendor</span><span class=\"sf-dump-ellipsis sf-dump-ellipsis-path\">/laravel/framework/</span><span class=\"sf-dump-ellipsis-tail\">src/Illuminate/Routing/Router.php</span></span>\"
    <span class=sf-dump-meta>line</span>: \"<span class=sf-dump-str title=\"10 characters\">771 to 771</span>\"
  </samp>}
  <span class=sf-dump-meta>basePath</span>: \"\"
  <span class=sf-dump-meta>format</span>: \"<span class=sf-dump-str title=\"4 characters\">html</span>\"
</samp>}
</pre><script>Sfdump(\"sf-dump-248555095\", {\"maxDepth\":3,\"maxStringLength\":160})</script>
","username":"<pre class=sf-dump id=sf-dump-1984048171 data-indent-pad=\"  \"><span class=sf-dump-const>null</span>
</pre><script>Sfdump(\"sf-dump-1984048171\", {\"maxDepth\":3,\"maxStringLength\":160})</script>
","password":"<pre class=sf-dump id=sf-dump-1611022623 data-indent-pad=\"  \"><span class=sf-dump-const>null</span>
</pre><script>Sfdump(\"sf-dump-1611022623\", {\"maxDepth\":3,\"maxStringLength\":160})</script>
","__additional_views":"<pre class=sf-dump id=sf-dump-1308046808 data-indent-pad=\"  \">[]
</pre><script>Sfdump(\"sf-dump-1308046808\", {\"maxDepth\":3,\"maxStringLength\":160})</script>
","__additional_html":"<pre class=sf-dump id=sf-dump-939872306 data-indent-pad=\"  \">\"\"
</pre><script>Sfdump(\"sf-dump-939872306\", {\"maxDepth\":3,\"maxStringLength\":160})</script>
","__system_settings":"<pre class=sf-dump id=sf-dump-1573569967 data-indent-pad=\"  \"><span class=sf-dump-note>Illuminate\\Support\\Collection</span> {<a class=sf-dump-ref>#2300</a><samp data-depth=1 class=sf-dump-expanded>
  #<span class=sf-dump-protected title=\"Protected property\">items</span>: <span class=sf-dump-note>array:2</span> [<samp data-depth=2 class=sf-dump-compact>
    \"<span class=sf-dump-key>additional_js</span>\" => <span class=sf-dump-const>null</span>
    \"<span class=sf-dump-key>additional_css</span>\" => <span class=sf-dump-const>null</span>
  </samp>]
  #<span class=sf-dump-protected title=\"Protected property\">escapeWhenCastingToString</span>: <span class=sf-dump-const>false</span>
</samp>}
</pre><script>Sfdump(\"sf-dump-1573569967\", {\"maxDepth\":3,\"maxStringLength\":160})</script>
"}},"exception":"[object] (Spatie\\LaravelIgnition\\Exceptions\\ViewException(code: 0): Action Modules\\Superadmin\\Http\\Controllers\\PricingController@index not defined. at /Users/evills/developer/AudazPOS/vendor/laravel/framework/src/Illuminate/Routing/UrlGenerator.php:510)
[stacktrace]
#0 /Users/evills/developer/AudazPOS/vendor/laravel/framework/src/Illuminate/Foundation/helpers.php(102): Illuminate\\Routing\\UrlGenerator->action('Modules\\\\Superad...', Array, true)
#1 /Users/evills/developer/AudazPOS/resources/views/layouts/auth2.blade.php(84): action(Array)
#2 /Users/evills/developer/AudazPOS/vendor/laravel/framework/src/Illuminate/Filesystem/Filesystem.php(109): require('/Users/evills/d...')
#3 /Users/evills/developer/AudazPOS/vendor/laravel/framework/src/Illuminate/Filesystem/Filesystem.php(110): Illuminate\\Filesystem\\Filesystem::Illuminate\\Filesystem\\{closure}()
#4 /Users/evills/developer/AudazPOS/vendor/laravel/framework/src/Illuminate/View/Engines/PhpEngine.php(58): Illuminate\\Filesystem\\Filesystem->getRequire('/Users/evills/d...', Array)
#5 /Users/evills/developer/AudazPOS/vendor/laravel/framework/src/Illuminate/View/Engines/CompilerEngine.php(70): Illuminate\\View\\Engines\\PhpEngine->evaluatePath('/Users/evills/d...', Array)
#6 /Users/evills/developer/AudazPOS/vendor/laravel/framework/src/Illuminate/View/View.php(195): Illuminate\\View\\Engines\\CompilerEngine->get('/Users/evills/d...', Array)
#7 /Users/evills/developer/AudazPOS/vendor/laravel/framework/src/Illuminate/View/View.php(178): Illuminate\\View\\View->getContents()
#8 /Users/evills/developer/AudazPOS/vendor/laravel/framework/src/Illuminate/View/View.php(147): Illuminate\\View\\View->renderContents()
#9 /Users/evills/developer/AudazPOS/resources/views/auth/login.blade.php(251): Illuminate\\View\\View->render()
#10 /Users/evills/developer/AudazPOS/vendor/laravel/framework/src/Illuminate/Filesystem/Filesystem.php(109): require('/Users/evills/d...')
#11 /Users/evills/developer/AudazPOS/vendor/laravel/framework/src/Illuminate/Filesystem/Filesystem.php(110): Illuminate\\Filesystem\\Filesystem::Illuminate\\Filesystem\\{closure}()
#12 /Users/evills/developer/AudazPOS/vendor/laravel/framework/src/Illuminate/View/Engines/PhpEngine.php(58): Illuminate\\Filesystem\\Filesystem->getRequire('/Users/evills/d...', Array)
#13 /Users/evills/developer/AudazPOS/vendor/laravel/framework/src/Illuminate/View/Engines/CompilerEngine.php(70): Illuminate\\View\\Engines\\PhpEngine->evaluatePath('/Users/evills/d...', Array)
#14 /Users/evills/developer/AudazPOS/vendor/laravel/framework/src/Illuminate/View/View.php(195): Illuminate\\View\\Engines\\CompilerEngine->get('/Users/evills/d...', Array)
#15 /Users/evills/developer/AudazPOS/vendor/laravel/framework/src/Illuminate/View/View.php(178): Illuminate\\View\\View->getContents()
#16 /Users/evills/developer/AudazPOS/vendor/laravel/framework/src/Illuminate/View/View.php(147): Illuminate\\View\\View->renderContents()
#17 /Users/evills/developer/AudazPOS/vendor/laravel/framework/src/Illuminate/Http/Response.php(69): Illuminate\\View\\View->render()
#18 /Users/evills/developer/AudazPOS/vendor/laravel/framework/src/Illuminate/Http/Response.php(35): Illuminate\\Http\\Response->setContent(Object(Illuminate\\View\\View))
#19 /Users/evills/developer/AudazPOS/vendor/laravel/framework/src/Illuminate/Routing/Router.php(906): Illuminate\\Http\\Response->__construct(Object(Illuminate\\View\\View), 200, Array)
#20 /Users/evills/developer/AudazPOS/vendor/laravel/framework/src/Illuminate/Routing/Router.php(875): Illuminate\\Routing\\Router::toResponse(Object(Illuminate\\Http\\Request), Object(Illuminate\\View\\View))
#21 /Users/evills/developer/AudazPOS/vendor/laravel/framework/src/Illuminate/Routing/Router.php(797): Illuminate\\Routing\\Router->prepareResponse(Object(Illuminate\\Http\\Request), Object(Illuminate\\View\\View))
#22 /Users/evills/developer/AudazPOS/vendor/laravel/framework/src/Illuminate/Pipeline/Pipeline.php(141): Illuminate\\Routing\\Router->Illuminate\\Routing\\{closure}(Object(Illuminate\\Http\\Request))
#23 /Users/evills/developer/AudazPOS/app/Http/Middleware/RedirectIfAuthenticated.php(30): Illuminate\\Pipeline\\Pipeline->Illuminate\\Pipeline\\{closure}(Object(Illuminate\\Http\\Request))
#24 /Users/evills/developer/AudazPOS/vendor/laravel/framework/src/Illuminate/Pipeline/Pipeline.php(180): App\\Http\\Middleware\\RedirectIfAuthenticated->handle(Object(Illuminate\\Http\\Request), Object(Closure))
#25 /Users/evills/developer/AudazPOS/app/Http/Middleware/IsInstalled.php(50): Illuminate\\Pipeline\\Pipeline->Illuminate\\Pipeline\\{closure}(Object(Illuminate\\Http\\Request))
#26 /Users/evills/developer/AudazPOS/vendor/laravel/framework/src/Illuminate/Pipeline/Pipeline.php(180): App\\Http\\Middleware\\IsInstalled->handle(Object(Illuminate\\Http\\Request), Object(Closure))
#27 /Users/evills/developer/AudazPOS/vendor/barryvdh/laravel-debugbar/src/Middleware/InjectDebugbar.php(59): Illuminate\\Pipeline\\Pipeline->Illuminate\\Pipeline\\{closure}(Object(Illuminate\\Http\\Request))
#28 /Users/evills/developer/AudazPOS/vendor/laravel/framework/src/Illuminate/Pipeline/Pipeline.php(180): Barryvdh\\Debugbar\\Middleware\\InjectDebugbar->handle(Object(Illuminate\\Http\\Request), Object(Closure))
#29 /Users/evills/developer/AudazPOS/vendor/laravel/framework/src/Illuminate/Routing/Middleware/SubstituteBindings.php(50): Illuminate\\Pipeline\\Pipeline->Illuminate\\Pipeline\\{closure}(Object(Illuminate\\Http\\Request))
#30 /Users/evills/developer/AudazPOS/vendor/laravel/framework/src/Illuminate/Pipeline/Pipeline.php(180): Illuminate\\Routing\\Middleware\\SubstituteBindings->handle(Object(Illuminate\\Http\\Request), Object(Closure))
#31 /Users/evills/developer/AudazPOS/vendor/laravel/framework/src/Illuminate/Foundation/Http/Middleware/VerifyCsrfToken.php(78): Illuminate\\Pipeline\\Pipeline->Illuminate\\Pipeline\\{closure}(Object(Illuminate\\Http\\Request))
#32 /Users/evills/developer/AudazPOS/vendor/laravel/framework/src/Illuminate/Pipeline/Pipeline.php(180): Illuminate\\Foundation\\Http\\Middleware\\VerifyCsrfToken->handle(Object(Illuminate\\Http\\Request), Object(Closure))
#33 /Users/evills/developer/AudazPOS/vendor/laravel/framework/src/Illuminate/View/Middleware/ShareErrorsFromSession.php(49): Illuminate\\Pipeline\\Pipeline->Illuminate\\Pipeline\\{closure}(Object(Illuminate\\Http\\Request))
#34 /Users/evills/developer/AudazPOS/vendor/laravel/framework/src/Illuminate/Pipeline/Pipeline.php(180): Illuminate\\View\\Middleware\\ShareErrorsFromSession->handle(Object(Illuminate\\Http\\Request), Object(Closure))
#35 /Users/evills/developer/AudazPOS/vendor/laravel/framework/src/Illuminate/Session/Middleware/StartSession.php(121): Illuminate\\Pipeline\\Pipeline->Illuminate\\Pipeline\\{closure}(Object(Illuminate\\Http\\Request))
#36 /Users/evills/developer/AudazPOS/vendor/laravel/framework/src/Illuminate/Session/Middleware/StartSession.php(64): Illuminate\\Session\\Middleware\\StartSession->handleStatefulRequest(Object(Illuminate\\Http\\Request), Object(Illuminate\\Session\\Store), Object(Closure))
#37 /Users/evills/developer/AudazPOS/vendor/laravel/framework/src/Illuminate/Pipeline/Pipeline.php(180): Illuminate\\Session\\Middleware\\StartSession->handle(Object(Illuminate\\Http\\Request), Object(Closure))
#38 /Users/evills/developer/AudazPOS/vendor/laravel/framework/src/Illuminate/Cookie/Middleware/AddQueuedCookiesToResponse.php(37): Illuminate\\Pipeline\\Pipeline->Illuminate\\Pipeline\\{closure}(Object(Illuminate\\Http\\Request))
#39 /Users/evills/developer/AudazPOS/vendor/laravel/framework/src/Illuminate/Pipeline/Pipeline.php(180): Illuminate\\Cookie\\Middleware\\AddQueuedCookiesToResponse->handle(Object(Illuminate\\Http\\Request), Object(Closure))
#40 /Users/evills/developer/AudazPOS/vendor/laravel/framework/src/Illuminate/Cookie/Middleware/EncryptCookies.php(67): Illuminate\\Pipeline\\Pipeline->Illuminate\\Pipeline\\{closure}(Object(Illuminate\\Http\\Request))
#41 /Users/evills/developer/AudazPOS/vendor/laravel/framework/src/Illuminate/Pipeline/Pipeline.php(180): Illuminate\\Cookie\\Middleware\\EncryptCookies->handle(Object(Illuminate\\Http\\Request), Object(Closure))
#42 /Users/evills/developer/AudazPOS/vendor/laravel/framework/src/Illuminate/Pipeline/Pipeline.php(116): Illuminate\\Pipeline\\Pipeline->Illuminate\\Pipeline\\{closure}(Object(Illuminate\\Http\\Request))
#43 /Users/evills/developer/AudazPOS/vendor/laravel/framework/src/Illuminate/Routing/Router.php(797): Illuminate\\Pipeline\\Pipeline->then(Object(Closure))
#44 /Users/evills/developer/AudazPOS/vendor/laravel/framework/src/Illuminate/Routing/Router.php(776): Illuminate\\Routing\\Router->runRouteWithinStack(Object(Illuminate\\Routing\\Route), Object(Illuminate\\Http\\Request))
#45 /Users/evills/developer/AudazPOS/vendor/laravel/framework/src/Illuminate/Routing/Router.php(740): Illuminate\\Routing\\Router->runRoute(Object(Illuminate\\Http\\Request), Object(Illuminate\\Routing\\Route))
#46 /Users/evills/developer/AudazPOS/vendor/laravel/framework/src/Illuminate/Routing/Router.php(729): Illuminate\\Routing\\Router->dispatchToRoute(Object(Illuminate\\Http\\Request))
#47 /Users/evills/developer/AudazPOS/vendor/laravel/framework/src/Illuminate/Foundation/Http/Kernel.php(190): Illuminate\\Routing\\Router->dispatch(Object(Illuminate\\Http\\Request))
#48 /Users/evills/developer/AudazPOS/vendor/laravel/framework/src/Illuminate/Pipeline/Pipeline.php(141): Illuminate\\Foundation\\Http\\Kernel->Illuminate\\Foundation\\Http\\{closure}(Object(Illuminate\\Http\\Request))
#49 /Users/evills/developer/AudazPOS/vendor/barryvdh/laravel-debugbar/src/Middleware/InjectDebugbar.php(59): Illuminate\\Pipeline\\Pipeline->Illuminate\\Pipeline\\{closure}(Object(Illuminate\\Http\\Request))
#50 /Users/evills/developer/AudazPOS/vendor/laravel/framework/src/Illuminate/Pipeline/Pipeline.php(180): Barryvdh\\Debugbar\\Middleware\\InjectDebugbar->handle(Object(Illuminate\\Http\\Request), Object(Closure))
#51 /Users/evills/developer/AudazPOS/vendor/laravel/framework/src/Illuminate/Foundation/Http/Middleware/TransformsRequest.php(21): Illuminate\\Pipeline\\Pipeline->Illuminate\\Pipeline\\{closure}(Object(Illuminate\\Http\\Request))
#52 /Users/evills/developer/AudazPOS/vendor/laravel/framework/src/Illuminate/Foundation/Http/Middleware/ConvertEmptyStringsToNull.php(31): Illuminate\\Foundation\\Http\\Middleware\\TransformsRequest->handle(Object(Illuminate\\Http\\Request), Object(Closure))
#53 /Users/evills/developer/AudazPOS/vendor/laravel/framework/src/Illuminate/Pipeline/Pipeline.php(180): Illuminate\\Foundation\\Http\\Middleware\\ConvertEmptyStringsToNull->handle(Object(Illuminate\\Http\\Request), Object(Closure))
#54 /Users/evills/developer/AudazPOS/vendor/laravel/framework/src/Illuminate/Foundation/Http/Middleware/TransformsRequest.php(21): Illuminate\\Pipeline\\Pipeline->Illuminate\\Pipeline\\{closure}(Object(Illuminate\\Http\\Request))
#55 /Users/evills/developer/AudazPOS/vendor/laravel/framework/src/Illuminate/Foundation/Http/Middleware/TrimStrings.php(40): Illuminate\\Foundation\\Http\\Middleware\\TransformsRequest->handle(Object(Illuminate\\Http\\Request), Object(Closure))
#56 /Users/evills/developer/AudazPOS/vendor/laravel/framework/src/Illuminate/Pipeline/Pipeline.php(180): Illuminate\\Foundation\\Http\\Middleware\\TrimStrings->handle(Object(Illuminate\\Http\\Request), Object(Closure))
#57 /Users/evills/developer/AudazPOS/vendor/laravel/framework/src/Illuminate/Foundation/Http/Middleware/ValidatePostSize.php(27): Illuminate\\Pipeline\\Pipeline->Illuminate\\Pipeline\\{closure}(Object(Illuminate\\Http\\Request))
#58 /Users/evills/developer/AudazPOS/vendor/laravel/framework/src/Illuminate/Pipeline/Pipeline.php(180): Illuminate\\Foundation\\Http\\Middleware\\ValidatePostSize->handle(Object(Illuminate\\Http\\Request), Object(Closure))
#59 /Users/evills/developer/AudazPOS/vendor/laravel/framework/src/Illuminate/Foundation/Http/Middleware/PreventRequestsDuringMaintenance.php(86): Illuminate\\Pipeline\\Pipeline->Illuminate\\Pipeline\\{closure}(Object(Illuminate\\Http\\Request))
#60 /Users/evills/developer/AudazPOS/vendor/laravel/framework/src/Illuminate/Pipeline/Pipeline.php(180): Illuminate\\Foundation\\Http\\Middleware\\PreventRequestsDuringMaintenance->handle(Object(Illuminate\\Http\\Request), Object(Closure))
#61 /Users/evills/developer/AudazPOS/vendor/laravel/framework/src/Illuminate/Http/Middleware/HandleCors.php(49): Illuminate\\Pipeline\\Pipeline->Illuminate\\Pipeline\\{closure}(Object(Illuminate\\Http\\Request))
#62 /Users/evills/developer/AudazPOS/vendor/laravel/framework/src/Illuminate/Pipeline/Pipeline.php(180): Illuminate\\Http\\Middleware\\HandleCors->handle(Object(Illuminate\\Http\\Request), Object(Closure))
#63 /Users/evills/developer/AudazPOS/vendor/laravel/framework/src/Illuminate/Http/Middleware/TrustProxies.php(39): Illuminate\\Pipeline\\Pipeline->Illuminate\\Pipeline\\{closure}(Object(Illuminate\\Http\\Request))
#64 /Users/evills/developer/AudazPOS/vendor/laravel/framework/src/Illuminate/Pipeline/Pipeline.php(180): Illuminate\\Http\\Middleware\\TrustProxies->handle(Object(Illuminate\\Http\\Request), Object(Closure))
#65 /Users/evills/developer/AudazPOS/vendor/laravel/framework/src/Illuminate/Pipeline/Pipeline.php(116): Illuminate\\Pipeline\\Pipeline->Illuminate\\Pipeline\\{closure}(Object(Illuminate\\Http\\Request))
#66 /Users/evills/developer/AudazPOS/vendor/laravel/framework/src/Illuminate/Foundation/Http/Kernel.php(165): Illuminate\\Pipeline\\Pipeline->then(Object(Closure))
#67 /Users/evills/developer/AudazPOS/vendor/laravel/framework/src/Illuminate/Foundation/Http/Kernel.php(134): Illuminate\\Foundation\\Http\\Kernel->sendRequestThroughRouter(Object(Illuminate\\Http\\Request))
#68 /Users/evills/developer/AudazPOS/public/index.php(51): Illuminate\\Foundation\\Http\\Kernel->handle(Object(Illuminate\\Http\\Request))
#69 /Applications/Herd.app/Contents/Resources/valet/server.php(167): require('/Users/evills/d...')
#70 {main}

[previous exception] [object] (InvalidArgumentException(code: 0): Action Modules\\Superadmin\\Http\\Controllers\\PricingController@index not defined. at /Users/evills/developer/AudazPOS/vendor/laravel/framework/src/Illuminate/Routing/UrlGenerator.php:510)
[stacktrace]
#0 /Users/evills/developer/AudazPOS/vendor/laravel/framework/src/Illuminate/Foundation/helpers.php(102): Illuminate\\Routing\\UrlGenerator->action('Modules\\\\Superad...', Array, true)
#1 /Users/evills/developer/AudazPOS/storage/framework/views/76889ebe82abdfbd896881efafc37980a5e18a27.php(79): action(Array)
#2 /Users/evills/developer/AudazPOS/vendor/laravel/framework/src/Illuminate/Filesystem/Filesystem.php(109): require('/Users/evills/d...')
#3 /Users/evills/developer/AudazPOS/vendor/laravel/framework/src/Illuminate/Filesystem/Filesystem.php(110): Illuminate\\Filesystem\\Filesystem::Illuminate\\Filesystem\\{closure}()
#4 /Users/evills/developer/AudazPOS/vendor/laravel/framework/src/Illuminate/View/Engines/PhpEngine.php(58): Illuminate\\Filesystem\\Filesystem->getRequire('/Users/evills/d...', Array)
#5 /Users/evills/developer/AudazPOS/vendor/laravel/framework/src/Illuminate/View/Engines/CompilerEngine.php(70): Illuminate\\View\\Engines\\PhpEngine->evaluatePath('/Users/evills/d...', Array)
#6 /Users/evills/developer/AudazPOS/vendor/laravel/framework/src/Illuminate/View/View.php(195): Illuminate\\View\\Engines\\CompilerEngine->get('/Users/evills/d...', Array)
#7 /Users/evills/developer/AudazPOS/vendor/laravel/framework/src/Illuminate/View/View.php(178): Illuminate\\View\\View->getContents()
#8 /Users/evills/developer/AudazPOS/vendor/laravel/framework/src/Illuminate/View/View.php(147): Illuminate\\View\\View->renderContents()
#9 /Users/evills/developer/AudazPOS/storage/framework/views/d7f4592fef5531c380ebe9f195aec2204dfb3ff8.php(256): Illuminate\\View\\View->render()
#10 /Users/evills/developer/AudazPOS/vendor/laravel/framework/src/Illuminate/Filesystem/Filesystem.php(109): require('/Users/evills/d...')
#11 /Users/evills/developer/AudazPOS/vendor/laravel/framework/src/Illuminate/Filesystem/Filesystem.php(110): Illuminate\\Filesystem\\Filesystem::Illuminate\\Filesystem\\{closure}()
#12 /Users/evills/developer/AudazPOS/vendor/laravel/framework/src/Illuminate/View/Engines/PhpEngine.php(58): Illuminate\\Filesystem\\Filesystem->getRequire('/Users/evills/d...', Array)
#13 /Users/evills/developer/AudazPOS/vendor/laravel/framework/src/Illuminate/View/Engines/CompilerEngine.php(70): Illuminate\\View\\Engines\\PhpEngine->evaluatePath('/Users/evills/d...', Array)
#14 /Users/evills/developer/AudazPOS/vendor/laravel/framework/src/Illuminate/View/View.php(195): Illuminate\\View\\Engines\\CompilerEngine->get('/Users/evills/d...', Array)
#15 /Users/evills/developer/AudazPOS/vendor/laravel/framework/src/Illuminate/View/View.php(178): Illuminate\\View\\View->getContents()
#16 /Users/evills/developer/AudazPOS/vendor/laravel/framework/src/Illuminate/View/View.php(147): Illuminate\\View\\View->renderContents()
#17 /Users/evills/developer/AudazPOS/vendor/laravel/framework/src/Illuminate/Http/Response.php(69): Illuminate\\View\\View->render()
#18 /Users/evills/developer/AudazPOS/vendor/laravel/framework/src/Illuminate/Http/Response.php(35): Illuminate\\Http\\Response->setContent(Object(Illuminate\\View\\View))
#19 /Users/evills/developer/AudazPOS/vendor/laravel/framework/src/Illuminate/Routing/Router.php(906): Illuminate\\Http\\Response->__construct(Object(Illuminate\\View\\View), 200, Array)
#20 /Users/evills/developer/AudazPOS/vendor/laravel/framework/src/Illuminate/Routing/Router.php(875): Illuminate\\Routing\\Router::toResponse(Object(Illuminate\\Http\\Request), Object(Illuminate\\View\\View))
#21 /Users/evills/developer/AudazPOS/vendor/laravel/framework/src/Illuminate/Routing/Router.php(797): Illuminate\\Routing\\Router->prepareResponse(Object(Illuminate\\Http\\Request), Object(Illuminate\\View\\View))
#22 /Users/evills/developer/AudazPOS/vendor/laravel/framework/src/Illuminate/Pipeline/Pipeline.php(141): Illuminate\\Routing\\Router->Illuminate\\Routing\\{closure}(Object(Illuminate\\Http\\Request))
#23 /Users/evills/developer/AudazPOS/app/Http/Middleware/RedirectIfAuthenticated.php(30): Illuminate\\Pipeline\\Pipeline->Illuminate\\Pipeline\\{closure}(Object(Illuminate\\Http\\Request))
#24 /Users/evills/developer/AudazPOS/vendor/laravel/framework/src/Illuminate/Pipeline/Pipeline.php(180): App\\Http\\Middleware\\RedirectIfAuthenticated->handle(Object(Illuminate\\Http\\Request), Object(Closure))
#25 /Users/evills/developer/AudazPOS/app/Http/Middleware/IsInstalled.php(50): Illuminate\\Pipeline\\Pipeline->Illuminate\\Pipeline\\{closure}(Object(Illuminate\\Http\\Request))
#26 /Users/evills/developer/AudazPOS/vendor/laravel/framework/src/Illuminate/Pipeline/Pipeline.php(180): App\\Http\\Middleware\\IsInstalled->handle(Object(Illuminate\\Http\\Request), Object(Closure))
#27 /Users/evills/developer/AudazPOS/vendor/barryvdh/laravel-debugbar/src/Middleware/InjectDebugbar.php(59): Illuminate\\Pipeline\\Pipeline->Illuminate\\Pipeline\\{closure}(Object(Illuminate\\Http\\Request))
#28 /Users/evills/developer/AudazPOS/vendor/laravel/framework/src/Illuminate/Pipeline/Pipeline.php(180): Barryvdh\\Debugbar\\Middleware\\InjectDebugbar->handle(Object(Illuminate\\Http\\Request), Object(Closure))
#29 /Users/evills/developer/AudazPOS/vendor/laravel/framework/src/Illuminate/Routing/Middleware/SubstituteBindings.php(50): Illuminate\\Pipeline\\Pipeline->Illuminate\\Pipeline\\{closure}(Object(Illuminate\\Http\\Request))
#30 /Users/evills/developer/AudazPOS/vendor/laravel/framework/src/Illuminate/Pipeline/Pipeline.php(180): Illuminate\\Routing\\Middleware\\SubstituteBindings->handle(Object(Illuminate\\Http\\Request), Object(Closure))
#31 /Users/evills/developer/AudazPOS/vendor/laravel/framework/src/Illuminate/Foundation/Http/Middleware/VerifyCsrfToken.php(78): Illuminate\\Pipeline\\Pipeline->Illuminate\\Pipeline\\{closure}(Object(Illuminate\\Http\\Request))
#32 /Users/evills/developer/AudazPOS/vendor/laravel/framework/src/Illuminate/Pipeline/Pipeline.php(180): Illuminate\\Foundation\\Http\\Middleware\\VerifyCsrfToken->handle(Object(Illuminate\\Http\\Request), Object(Closure))
#33 /Users/evills/developer/AudazPOS/vendor/laravel/framework/src/Illuminate/View/Middleware/ShareErrorsFromSession.php(49): Illuminate\\Pipeline\\Pipeline->Illuminate\\Pipeline\\{closure}(Object(Illuminate\\Http\\Request))
#34 /Users/evills/developer/AudazPOS/vendor/laravel/framework/src/Illuminate/Pipeline/Pipeline.php(180): Illuminate\\View\\Middleware\\ShareErrorsFromSession->handle(Object(Illuminate\\Http\\Request), Object(Closure))
#35 /Users/evills/developer/AudazPOS/vendor/laravel/framework/src/Illuminate/Session/Middleware/StartSession.php(121): Illuminate\\Pipeline\\Pipeline->Illuminate\\Pipeline\\{closure}(Object(Illuminate\\Http\\Request))
#36 /Users/evills/developer/AudazPOS/vendor/laravel/framework/src/Illuminate/Session/Middleware/StartSession.php(64): Illuminate\\Session\\Middleware\\StartSession->handleStatefulRequest(Object(Illuminate\\Http\\Request), Object(Illuminate\\Session\\Store), Object(Closure))
#37 /Users/evills/developer/AudazPOS/vendor/laravel/framework/src/Illuminate/Pipeline/Pipeline.php(180): Illuminate\\Session\\Middleware\\StartSession->handle(Object(Illuminate\\Http\\Request), Object(Closure))
#38 /Users/evills/developer/AudazPOS/vendor/laravel/framework/src/Illuminate/Cookie/Middleware/AddQueuedCookiesToResponse.php(37): Illuminate\\Pipeline\\Pipeline->Illuminate\\Pipeline\\{closure}(Object(Illuminate\\Http\\Request))
#39 /Users/evills/developer/AudazPOS/vendor/laravel/framework/src/Illuminate/Pipeline/Pipeline.php(180): Illuminate\\Cookie\\Middleware\\AddQueuedCookiesToResponse->handle(Object(Illuminate\\Http\\Request), Object(Closure))
#40 /Users/evills/developer/AudazPOS/vendor/laravel/framework/src/Illuminate/Cookie/Middleware/EncryptCookies.php(67): Illuminate\\Pipeline\\Pipeline->Illuminate\\Pipeline\\{closure}(Object(Illuminate\\Http\\Request))
#41 /Users/evills/developer/AudazPOS/vendor/laravel/framework/src/Illuminate/Pipeline/Pipeline.php(180): Illuminate\\Cookie\\Middleware\\EncryptCookies->handle(Object(Illuminate\\Http\\Request), Object(Closure))
#42 /Users/evills/developer/AudazPOS/vendor/laravel/framework/src/Illuminate/Pipeline/Pipeline.php(116): Illuminate\\Pipeline\\Pipeline->Illuminate\\Pipeline\\{closure}(Object(Illuminate\\Http\\Request))
#43 /Users/evills/developer/AudazPOS/vendor/laravel/framework/src/Illuminate/Routing/Router.php(797): Illuminate\\Pipeline\\Pipeline->then(Object(Closure))
#44 /Users/evills/developer/AudazPOS/vendor/laravel/framework/src/Illuminate/Routing/Router.php(776): Illuminate\\Routing\\Router->runRouteWithinStack(Object(Illuminate\\Routing\\Route), Object(Illuminate\\Http\\Request))
#45 /Users/evills/developer/AudazPOS/vendor/laravel/framework/src/Illuminate/Routing/Router.php(740): Illuminate\\Routing\\Router->runRoute(Object(Illuminate\\Http\\Request), Object(Illuminate\\Routing\\Route))
#46 /Users/evills/developer/AudazPOS/vendor/laravel/framework/src/Illuminate/Routing/Router.php(729): Illuminate\\Routing\\Router->dispatchToRoute(Object(Illuminate\\Http\\Request))
#47 /Users/evills/developer/AudazPOS/vendor/laravel/framework/src/Illuminate/Foundation/Http/Kernel.php(190): Illuminate\\Routing\\Router->dispatch(Object(Illuminate\\Http\\Request))
#48 /Users/evills/developer/AudazPOS/vendor/laravel/framework/src/Illuminate/Pipeline/Pipeline.php(141): Illuminate\\Foundation\\Http\\Kernel->Illuminate\\Foundation\\Http\\{closure}(Object(Illuminate\\Http\\Request))
#49 /Users/evills/developer/AudazPOS/vendor/barryvdh/laravel-debugbar/src/Middleware/InjectDebugbar.php(59): Illuminate\\Pipeline\\Pipeline->Illuminate\\Pipeline\\{closure}(Object(Illuminate\\Http\\Request))
#50 /Users/evills/developer/AudazPOS/vendor/laravel/framework/src/Illuminate/Pipeline/Pipeline.php(180): Barryvdh\\Debugbar\\Middleware\\InjectDebugbar->handle(Object(Illuminate\\Http\\Request), Object(Closure))
#51 /Users/evills/developer/AudazPOS/vendor/laravel/framework/src/Illuminate/Foundation/Http/Middleware/TransformsRequest.php(21): Illuminate\\Pipeline\\Pipeline->Illuminate\\Pipeline\\{closure}(Object(Illuminate\\Http\\Request))
#52 /Users/evills/developer/AudazPOS/vendor/laravel/framework/src/Illuminate/Foundation/Http/Middleware/ConvertEmptyStringsToNull.php(31): Illuminate\\Foundation\\Http\\Middleware\\TransformsRequest->handle(Object(Illuminate\\Http\\Request), Object(Closure))
#53 /Users/evills/developer/AudazPOS/vendor/laravel/framework/src/Illuminate/Pipeline/Pipeline.php(180): Illuminate\\Foundation\\Http\\Middleware\\ConvertEmptyStringsToNull->handle(Object(Illuminate\\Http\\Request), Object(Closure))
#54 /Users/evills/developer/AudazPOS/vendor/laravel/framework/src/Illuminate/Foundation/Http/Middleware/TransformsRequest.php(21): Illuminate\\Pipeline\\Pipeline->Illuminate\\Pipeline\\{closure}(Object(Illuminate\\Http\\Request))
#55 /Users/evills/developer/AudazPOS/vendor/laravel/framework/src/Illuminate/Foundation/Http/Middleware/TrimStrings.php(40): Illuminate\\Foundation\\Http\\Middleware\\TransformsRequest->handle(Object(Illuminate\\Http\\Request), Object(Closure))
#56 /Users/evills/developer/AudazPOS/vendor/laravel/framework/src/Illuminate/Pipeline/Pipeline.php(180): Illuminate\\Foundation\\Http\\Middleware\\TrimStrings->handle(Object(Illuminate\\Http\\Request), Object(Closure))
#57 /Users/evills/developer/AudazPOS/vendor/laravel/framework/src/Illuminate/Foundation/Http/Middleware/ValidatePostSize.php(27): Illuminate\\Pipeline\\Pipeline->Illuminate\\Pipeline\\{closure}(Object(Illuminate\\Http\\Request))
#58 /Users/evills/developer/AudazPOS/vendor/laravel/framework/src/Illuminate/Pipeline/Pipeline.php(180): Illuminate\\Foundation\\Http\\Middleware\\ValidatePostSize->handle(Object(Illuminate\\Http\\Request), Object(Closure))
#59 /Users/evills/developer/AudazPOS/vendor/laravel/framework/src/Illuminate/Foundation/Http/Middleware/PreventRequestsDuringMaintenance.php(86): Illuminate\\Pipeline\\Pipeline->Illuminate\\Pipeline\\{closure}(Object(Illuminate\\Http\\Request))
#60 /Users/evills/developer/AudazPOS/vendor/laravel/framework/src/Illuminate/Pipeline/Pipeline.php(180): Illuminate\\Foundation\\Http\\Middleware\\PreventRequestsDuringMaintenance->handle(Object(Illuminate\\Http\\Request), Object(Closure))
#61 /Users/evills/developer/AudazPOS/vendor/laravel/framework/src/Illuminate/Http/Middleware/HandleCors.php(49): Illuminate\\Pipeline\\Pipeline->Illuminate\\Pipeline\\{closure}(Object(Illuminate\\Http\\Request))
#62 /Users/evills/developer/AudazPOS/vendor/laravel/framework/src/Illuminate/Pipeline/Pipeline.php(180): Illuminate\\Http\\Middleware\\HandleCors->handle(Object(Illuminate\\Http\\Request), Object(Closure))
#63 /Users/evills/developer/AudazPOS/vendor/laravel/framework/src/Illuminate/Http/Middleware/TrustProxies.php(39): Illuminate\\Pipeline\\Pipeline->Illuminate\\Pipeline\\{closure}(Object(Illuminate\\Http\\Request))
#64 /Users/evills/developer/AudazPOS/vendor/laravel/framework/src/Illuminate/Pipeline/Pipeline.php(180): Illuminate\\Http\\Middleware\\TrustProxies->handle(Object(Illuminate\\Http\\Request), Object(Closure))
#65 /Users/evills/developer/AudazPOS/vendor/laravel/framework/src/Illuminate/Pipeline/Pipeline.php(116): Illuminate\\Pipeline\\Pipeline->Illuminate\\Pipeline\\{closure}(Object(Illuminate\\Http\\Request))
#66 /Users/evills/developer/AudazPOS/vendor/laravel/framework/src/Illuminate/Foundation/Http/Kernel.php(165): Illuminate\\Pipeline\\Pipeline->then(Object(Closure))
#67 /Users/evills/developer/AudazPOS/vendor/laravel/framework/src/Illuminate/Foundation/Http/Kernel.php(134): Illuminate\\Foundation\\Http\\Kernel->sendRequestThroughRouter(Object(Illuminate\\Http\\Request))
#68 /Users/evills/developer/AudazPOS/public/index.php(51): Illuminate\\Foundation\\Http\\Kernel->handle(Object(Illuminate\\Http\\Request))
#69 /Applications/Herd.app/Contents/Resources/valet/server.php(167): require('/Users/evills/d...')
#70 {main}
"} 
[2026-01-11 01:40:27] local.ERROR: Uncaught ReflectionException: Class "App\Policies\ModelPolicy" does not exist in Command line code:1
Stack trace:
#0 Command line code(1): ReflectionClass->__construct('App\\Policies\\Mo...')
#1 [internal function]: {closure}('App\\Policies\\Mo...', 'App\\Model')
#2 Command line code(1): array_map(Object(Closure), Array, Array)
#3 {main}
  thrown {"exception":"[object] (Symfony\\Component\\ErrorHandler\\Error\\FatalError(code: 0): Uncaught ReflectionException: Class \"App\\Policies\\ModelPolicy\" does not exist in Command line code:1
Stack trace:
#0 Command line code(1): ReflectionClass->__construct('App\\\\Policies\\\\Mo...')
#1 [internal function]: {closure}('App\\\\Policies\\\\Mo...', 'App\\\\Model')
#2 Command line code(1): array_map(Object(Closure), Array, Array)
#3 {main}
  thrown at Command line code:1)
[stacktrace]
#0 {main}
"} 
[2026-01-11 01:41:26] local.ERROR: Uncaught ReflectionException: Class "App\Policies\ModelPolicy" does not exist in Command line code:1
Stack trace:
#0 Command line code(1): ReflectionClass->__construct('App\\Policies\\Mo...')
#1 [internal function]: {closure}('App\\Policies\\Mo...', 'App\\Model')
#2 Command line code(1): array_map(Object(Closure), Array, Array)
#3 {main}
  thrown {"exception":"[object] (Symfony\\Component\\ErrorHandler\\Error\\FatalError(code: 0): Uncaught ReflectionException: Class \"App\\Policies\\ModelPolicy\" does not exist in Command line code:1
Stack trace:
#0 Command line code(1): ReflectionClass->__construct('App\\\\Policies\\\\Mo...')
#1 [internal function]: {closure}('App\\\\Policies\\\\Mo...', 'App\\\\Model')
#2 Command line code(1): array_map(Object(Closure), Array, Array)
#3 {main}
  thrown at Command line code:1)
[stacktrace]
#0 {main}
"} 
[2026-01-11 01:41:27] local.ERROR: Class "PaymentAccountController" does not exist {"exception":"[object] (ReflectionException(code: -1): Class \"PaymentAccountController\" does not exist at /Users/evills/developer/AudazPOS/vendor/laravel/framework/src/Illuminate/Foundation/Console/RouteListCommand.php:234)
[stacktrace]
#0 /Users/evills/developer/AudazPOS/vendor/laravel/framework/src/Illuminate/Foundation/Console/RouteListCommand.php(234): ReflectionClass->__construct('PaymentAccountC...')
#1 /Users/evills/developer/AudazPOS/vendor/laravel/framework/src/Illuminate/Foundation/Console/RouteListCommand.php(156): Illuminate\\Foundation\\Console\\RouteListCommand->isVendorRoute(Object(Illuminate\\Routing\\Route))
#2 /Users/evills/developer/AudazPOS/vendor/laravel/framework/src/Illuminate/Foundation/Console/RouteListCommand.php(125): Illuminate\\Foundation\\Console\\RouteListCommand->getRouteInformation(Object(Illuminate\\Routing\\Route))
#3 [internal function]: Illuminate\\Foundation\\Console\\RouteListCommand->Illuminate\\Foundation\\Console\\{closure}(Object(Illuminate\\Routing\\Route), 101)
#4 /Users/evills/developer/AudazPOS/vendor/laravel/framework/src/Illuminate/Collections/Arr.php(560): array_map(Object(Closure), Array, Array)
#5 /Users/evills/developer/AudazPOS/vendor/laravel/framework/src/Illuminate/Collections/Collection.php(768): Illuminate\\Support\\Arr::map(Array, Object(Closure))
#6 /Users/evills/developer/AudazPOS/vendor/laravel/framework/src/Illuminate/Foundation/Console/RouteListCommand.php(124): Illuminate\\Support\\Collection->map(Object(Closure))
#7 /Users/evills/developer/AudazPOS/vendor/laravel/framework/src/Illuminate/Foundation/Console/RouteListCommand.php(110): Illuminate\\Foundation\\Console\\RouteListCommand->getRoutes()
#8 /Users/evills/developer/AudazPOS/vendor/laravel/framework/src/Illuminate/Container/BoundMethod.php(36): Illuminate\\Foundation\\Console\\RouteListCommand->handle()
#9 /Users/evills/developer/AudazPOS/vendor/laravel/framework/src/Illuminate/Container/Util.php(41): Illuminate\\Container\\BoundMethod::Illuminate\\Container\\{closure}()
#10 /Users/evills/developer/AudazPOS/vendor/laravel/framework/src/Illuminate/Container/BoundMethod.php(93): Illuminate\\Container\\Util::unwrapIfClosure(Object(Closure))
#11 /Users/evills/developer/AudazPOS/vendor/laravel/framework/src/Illuminate/Container/BoundMethod.php(35): Illuminate\\Container\\BoundMethod::callBoundMethod(Object(Illuminate\\Foundation\\Application), Array, Object(Closure))
#12 /Users/evills/developer/AudazPOS/vendor/laravel/framework/src/Illuminate/Container/Container.php(661): Illuminate\\Container\\BoundMethod::call(Object(Illuminate\\Foundation\\Application), Array, Array, NULL)
#13 /Users/evills/developer/AudazPOS/vendor/laravel/framework/src/Illuminate/Console/Command.php(183): Illuminate\\Container\\Container->call(Array)
#14 /Users/evills/developer/AudazPOS/vendor/symfony/console/Command/Command.php(326): Illuminate\\Console\\Command->execute(Object(Symfony\\Component\\Console\\Input\\ArgvInput), Object(Illuminate\\Console\\OutputStyle))
#15 /Users/evills/developer/AudazPOS/vendor/laravel/framework/src/Illuminate/Console/Command.php(152): Symfony\\Component\\Console\\Command\\Command->run(Object(Symfony\\Component\\Console\\Input\\ArgvInput), Object(Illuminate\\Console\\OutputStyle))
#16 /Users/evills/developer/AudazPOS/vendor/symfony/console/Application.php(1078): Illuminate\\Console\\Command->run(Object(Symfony\\Component\\Console\\Input\\ArgvInput), Object(Symfony\\Component\\Console\\Output\\ConsoleOutput))
#17 /Users/evills/developer/AudazPOS/vendor/symfony/console/Application.php(324): Symfony\\Component\\Console\\Application->doRunCommand(Object(Illuminate\\Foundation\\Console\\RouteListCommand), Object(Symfony\\Component\\Console\\Input\\ArgvInput), Object(Symfony\\Component\\Console\\Output\\ConsoleOutput))
#18 /Users/evills/developer/AudazPOS/vendor/symfony/console/Application.php(175): Symfony\\Component\\Console\\Application->doRun(Object(Symfony\\Component\\Console\\Input\\ArgvInput), Object(Symfony\\Component\\Console\\Output\\ConsoleOutput))
#19 /Users/evills/developer/AudazPOS/vendor/laravel/framework/src/Illuminate/Console/Application.php(102): Symfony\\Component\\Console\\Application->run(Object(Symfony\\Component\\Console\\Input\\ArgvInput), Object(Symfony\\Component\\Console\\Output\\ConsoleOutput))
#20 /Users/evills/developer/AudazPOS/vendor/laravel/framework/src/Illuminate/Foundation/Console/Kernel.php(155): Illuminate\\Console\\Application->run(Object(Symfony\\Component\\Console\\Input\\ArgvInput), Object(Symfony\\Component\\Console\\Output\\ConsoleOutput))
#21 /Users/evills/developer/AudazPOS/artisan(35): Illuminate\\Foundation\\Console\\Kernel->handle(Object(Symfony\\Component\\Console\\Input\\ArgvInput), Object(Symfony\\Component\\Console\\Output\\ConsoleOutput))
#22 {main}
"} 
[2026-01-11 01:41:35] local.ERROR: Class "PaymentAccountController" does not exist {"exception":"[object] (ReflectionException(code: -1): Class \"PaymentAccountController\" does not exist at /Users/evills/developer/AudazPOS/vendor/laravel/framework/src/Illuminate/Foundation/Console/RouteListCommand.php:234)
[stacktrace]
#0 /Users/evills/developer/AudazPOS/vendor/laravel/framework/src/Illuminate/Foundation/Console/RouteListCommand.php(234): ReflectionClass->__construct('PaymentAccountC...')
#1 /Users/evills/developer/AudazPOS/vendor/laravel/framework/src/Illuminate/Foundation/Console/RouteListCommand.php(156): Illuminate\\Foundation\\Console\\RouteListCommand->isVendorRoute(Object(Illuminate\\Routing\\Route))
#2 /Users/evills/developer/AudazPOS/vendor/laravel/framework/src/Illuminate/Foundation/Console/RouteListCommand.php(125): Illuminate\\Foundation\\Console\\RouteListCommand->getRouteInformation(Object(Illuminate\\Routing\\Route))
#3 [internal function]: Illuminate\\Foundation\\Console\\RouteListCommand->Illuminate\\Foundation\\Console\\{closure}(Object(Illuminate\\Routing\\Route), 101)
#4 /Users/evills/developer/AudazPOS/vendor/laravel/framework/src/Illuminate/Collections/Arr.php(560): array_map(Object(Closure), Array, Array)
#5 /Users/evills/developer/AudazPOS/vendor/laravel/framework/src/Illuminate/Collections/Collection.php(768): Illuminate\\Support\\Arr::map(Array, Object(Closure))
#6 /Users/evills/developer/AudazPOS/vendor/laravel/framework/src/Illuminate/Foundation/Console/RouteListCommand.php(124): Illuminate\\Support\\Collection->map(Object(Closure))
#7 /Users/evills/developer/AudazPOS/vendor/laravel/framework/src/Illuminate/Foundation/Console/RouteListCommand.php(110): Illuminate\\Foundation\\Console\\RouteListCommand->getRoutes()
#8 /Users/evills/developer/AudazPOS/vendor/laravel/framework/src/Illuminate/Container/BoundMethod.php(36): Illuminate\\Foundation\\Console\\RouteListCommand->handle()
#9 /Users/evills/developer/AudazPOS/vendor/laravel/framework/src/Illuminate/Container/Util.php(41): Illuminate\\Container\\BoundMethod::Illuminate\\Container\\{closure}()
#10 /Users/evills/developer/AudazPOS/vendor/laravel/framework/src/Illuminate/Container/BoundMethod.php(93): Illuminate\\Container\\Util::unwrapIfClosure(Object(Closure))
#11 /Users/evills/developer/AudazPOS/vendor/laravel/framework/src/Illuminate/Container/BoundMethod.php(35): Illuminate\\Container\\BoundMethod::callBoundMethod(Object(Illuminate\\Foundation\\Application), Array, Object(Closure))
#12 /Users/evills/developer/AudazPOS/vendor/laravel/framework/src/Illuminate/Container/Container.php(661): Illuminate\\Container\\BoundMethod::call(Object(Illuminate\\Foundation\\Application), Array, Array, NULL)
#13 /Users/evills/developer/AudazPOS/vendor/laravel/framework/src/Illuminate/Console/Command.php(183): Illuminate\\Container\\Container->call(Array)
#14 /Users/evills/developer/AudazPOS/vendor/symfony/console/Command/Command.php(326): Illuminate\\Console\\Command->execute(Object(Symfony\\Component\\Console\\Input\\ArgvInput), Object(Illuminate\\Console\\OutputStyle))
#15 /Users/evills/developer/AudazPOS/vendor/laravel/framework/src/Illuminate/Console/Command.php(152): Symfony\\Component\\Console\\Command\\Command->run(Object(Symfony\\Component\\Console\\Input\\ArgvInput), Object(Illuminate\\Console\\OutputStyle))
#16 /Users/evills/developer/AudazPOS/vendor/symfony/console/Application.php(1078): Illuminate\\Console\\Command->run(Object(Symfony\\Component\\Console\\Input\\ArgvInput), Object(Symfony\\Component\\Console\\Output\\ConsoleOutput))
#17 /Users/evills/developer/AudazPOS/vendor/symfony/console/Application.php(324): Symfony\\Component\\Console\\Application->doRunCommand(Object(Illuminate\\Foundation\\Console\\RouteListCommand), Object(Symfony\\Component\\Console\\Input\\ArgvInput), Object(Symfony\\Component\\Console\\Output\\ConsoleOutput))
#18 /Users/evills/developer/AudazPOS/vendor/symfony/console/Application.php(175): Symfony\\Component\\Console\\Application->doRun(Object(Symfony\\Component\\Console\\Input\\ArgvInput), Object(Symfony\\Component\\Console\\Output\\ConsoleOutput))
#19 /Users/evills/developer/AudazPOS/vendor/laravel/framework/src/Illuminate/Console/Application.php(102): Symfony\\Component\\Console\\Application->run(Object(Symfony\\Component\\Console\\Input\\ArgvInput), Object(Symfony\\Component\\Console\\Output\\ConsoleOutput))
#20 /Users/evills/developer/AudazPOS/vendor/laravel/framework/src/Illuminate/Foundation/Console/Kernel.php(155): Illuminate\\Console\\Application->run(Object(Symfony\\Component\\Console\\Input\\ArgvInput), Object(Symfony\\Component\\Console\\Output\\ConsoleOutput))
#21 /Users/evills/developer/AudazPOS/artisan(35): Illuminate\\Foundation\\Console\\Kernel->handle(Object(Symfony\\Component\\Console\\Input\\ArgvInput), Object(Symfony\\Component\\Console\\Output\\ConsoleOutput))
#22 {main}
"} 
[2026-01-11 01:42:26] local.ERROR: Uncaught ReflectionException: Class "App\Policies\ModelPolicy" does not exist in Command line code:1
Stack trace:
#0 Command line code(1): ReflectionClass->__construct('App\\Policies\\Mo...')
#1 [internal function]: {closure}('App\\Policies\\Mo...', 'App\\Model')
#2 Command line code(1): array_map(Object(Closure), Array, Array)
#3 {main}
  thrown {"exception":"[object] (Symfony\\Component\\ErrorHandler\\Error\\FatalError(code: 0): Uncaught ReflectionException: Class \"App\\Policies\\ModelPolicy\" does not exist in Command line code:1
Stack trace:
#0 Command line code(1): ReflectionClass->__construct('App\\\\Policies\\\\Mo...')
#1 [internal function]: {closure}('App\\\\Policies\\\\Mo...', 'App\\\\Model')
#2 Command line code(1): array_map(Object(Closure), Array, Array)
#3 {main}
  thrown at Command line code:1)
[stacktrace]
#0 {main}
"} 
[2026-01-11 01:42:30] local.ERROR: Class "PaymentAccountController" does not exist {"exception":"[object] (ReflectionException(code: -1): Class \"PaymentAccountController\" does not exist at /Users/evills/developer/AudazPOS/vendor/laravel/framework/src/Illuminate/Foundation/Console/RouteListCommand.php:234)
[stacktrace]
#0 /Users/evills/developer/AudazPOS/vendor/laravel/framework/src/Illuminate/Foundation/Console/RouteListCommand.php(234): ReflectionClass->__construct('PaymentAccountC...')
#1 /Users/evills/developer/AudazPOS/vendor/laravel/framework/src/Illuminate/Foundation/Console/RouteListCommand.php(156): Illuminate\\Foundation\\Console\\RouteListCommand->isVendorRoute(Object(Illuminate\\Routing\\Route))
#2 /Users/evills/developer/AudazPOS/vendor/laravel/framework/src/Illuminate/Foundation/Console/RouteListCommand.php(125): Illuminate\\Foundation\\Console\\RouteListCommand->getRouteInformation(Object(Illuminate\\Routing\\Route))
#3 [internal function]: Illuminate\\Foundation\\Console\\RouteListCommand->Illuminate\\Foundation\\Console\\{closure}(Object(Illuminate\\Routing\\Route), 101)
#4 /Users/evills/developer/AudazPOS/vendor/laravel/framework/src/Illuminate/Collections/Arr.php(560): array_map(Object(Closure), Array, Array)
#5 /Users/evills/developer/AudazPOS/vendor/laravel/framework/src/Illuminate/Collections/Collection.php(768): Illuminate\\Support\\Arr::map(Array, Object(Closure))
#6 /Users/evills/developer/AudazPOS/vendor/laravel/framework/src/Illuminate/Foundation/Console/RouteListCommand.php(124): Illuminate\\Support\\Collection->map(Object(Closure))
#7 /Users/evills/developer/AudazPOS/vendor/laravel/framework/src/Illuminate/Foundation/Console/RouteListCommand.php(110): Illuminate\\Foundation\\Console\\RouteListCommand->getRoutes()
#8 /Users/evills/developer/AudazPOS/vendor/laravel/framework/src/Illuminate/Container/BoundMethod.php(36): Illuminate\\Foundation\\Console\\RouteListCommand->handle()
#9 /Users/evills/developer/AudazPOS/vendor/laravel/framework/src/Illuminate/Container/Util.php(41): Illuminate\\Container\\BoundMethod::Illuminate\\Container\\{closure}()
#10 /Users/evills/developer/AudazPOS/vendor/laravel/framework/src/Illuminate/Container/BoundMethod.php(93): Illuminate\\Container\\Util::unwrapIfClosure(Object(Closure))
#11 /Users/evills/developer/AudazPOS/vendor/laravel/framework/src/Illuminate/Container/BoundMethod.php(35): Illuminate\\Container\\BoundMethod::callBoundMethod(Object(Illuminate\\Foundation\\Application), Array, Object(Closure))
#12 /Users/evills/developer/AudazPOS/vendor/laravel/framework/src/Illuminate/Container/Container.php(661): Illuminate\\Container\\BoundMethod::call(Object(Illuminate\\Foundation\\Application), Array, Array, NULL)
#13 /Users/evills/developer/AudazPOS/vendor/laravel/framework/src/Illuminate/Console/Command.php(183): Illuminate\\Container\\Container->call(Array)
#14 /Users/evills/developer/AudazPOS/vendor/symfony/console/Command/Command.php(326): Illuminate\\Console\\Command->execute(Object(Symfony\\Component\\Console\\Input\\ArgvInput), Object(Illuminate\\Console\\OutputStyle))
#15 /Users/evills/developer/AudazPOS/vendor/laravel/framework/src/Illuminate/Console/Command.php(152): Symfony\\Component\\Console\\Command\\Command->run(Object(Symfony\\Component\\Console\\Input\\ArgvInput), Object(Illuminate\\Console\\OutputStyle))
#16 /Users/evills/developer/AudazPOS/vendor/symfony/console/Application.php(1078): Illuminate\\Console\\Command->run(Object(Symfony\\Component\\Console\\Input\\ArgvInput), Object(Symfony\\Component\\Console\\Output\\ConsoleOutput))
#17 /Users/evills/developer/AudazPOS/vendor/symfony/console/Application.php(324): Symfony\\Component\\Console\\Application->doRunCommand(Object(Illuminate\\Foundation\\Console\\RouteListCommand), Object(Symfony\\Component\\Console\\Input\\ArgvInput), Object(Symfony\\Component\\Console\\Output\\ConsoleOutput))
#18 /Users/evills/developer/AudazPOS/vendor/symfony/console/Application.php(175): Symfony\\Component\\Console\\Application->doRun(Object(Symfony\\Component\\Console\\Input\\ArgvInput), Object(Symfony\\Component\\Console\\Output\\ConsoleOutput))
#19 /Users/evills/developer/AudazPOS/vendor/laravel/framework/src/Illuminate/Console/Application.php(102): Symfony\\Component\\Console\\Application->run(Object(Symfony\\Component\\Console\\Input\\ArgvInput), Object(Symfony\\Component\\Console\\Output\\ConsoleOutput))
#20 /Users/evills/developer/AudazPOS/vendor/laravel/framework/src/Illuminate/Foundation/Console/Kernel.php(155): Illuminate\\Console\\Application->run(Object(Symfony\\Component\\Console\\Input\\ArgvInput), Object(Symfony\\Component\\Console\\Output\\ConsoleOutput))
#21 /Users/evills/developer/AudazPOS/artisan(35): Illuminate\\Foundation\\Console\\Kernel->handle(Object(Symfony\\Component\\Console\\Input\\ArgvInput), Object(Symfony\\Component\\Console\\Output\\ConsoleOutput))
#22 {main}
"} 
[2026-01-11 01:43:26] local.ERROR: Uncaught ReflectionException: Class "App\Policies\ModelPolicy" does not exist in Command line code:1
Stack trace:
#0 Command line code(1): ReflectionClass->__construct('App\\Policies\\Mo...')
#1 [internal function]: {closure}('App\\Policies\\Mo...', 'App\\Model')
#2 Command line code(1): array_map(Object(Closure), Array, Array)
#3 {main}
  thrown {"exception":"[object] (Symfony\\Component\\ErrorHandler\\Error\\FatalError(code: 0): Uncaught ReflectionException: Class \"App\\Policies\\ModelPolicy\" does not exist in Command line code:1
Stack trace:
#0 Command line code(1): ReflectionClass->__construct('App\\\\Policies\\\\Mo...')
#1 [internal function]: {closure}('App\\\\Policies\\\\Mo...', 'App\\\\Model')
#2 Command line code(1): array_map(Object(Closure), Array, Array)
#3 {main}
  thrown at Command line code:1)
[stacktrace]
#0 {main}
"} 
[2026-01-11 01:44:26] local.ERROR: Uncaught ReflectionException: Class "App\Policies\ModelPolicy" does not exist in Command line code:1
Stack trace:
#0 Command line code(1): ReflectionClass->__construct('App\\Policies\\Mo...')
#1 [internal function]: {closure}('App\\Policies\\Mo...', 'App\\Model')
#2 Command line code(1): array_map(Object(Closure), Array, Array)
#3 {main}
  thrown {"exception":"[object] (Symfony\\Component\\ErrorHandler\\Error\\FatalError(code: 0): Uncaught ReflectionException: Class \"App\\Policies\\ModelPolicy\" does not exist in Command line code:1
Stack trace:
#0 Command line code(1): ReflectionClass->__construct('App\\\\Policies\\\\Mo...')
#1 [internal function]: {closure}('App\\\\Policies\\\\Mo...', 'App\\\\Model')
#2 Command line code(1): array_map(Object(Closure), Array, Array)
#3 {main}
  thrown at Command line code:1)
[stacktrace]
#0 {main}
"} 
[2026-01-11 01:45:26] local.ERROR: Uncaught ReflectionException: Class "App\Policies\ModelPolicy" does not exist in Command line code:1
Stack trace:
#0 Command line code(1): ReflectionClass->__construct('App\\Policies\\Mo...')
#1 [internal function]: {closure}('App\\Policies\\Mo...', 'App\\Model')
#2 Command line code(1): array_map(Object(Closure), Array, Array)
#3 {main}
  thrown {"exception":"[object] (Symfony\\Component\\ErrorHandler\\Error\\FatalError(code: 0): Uncaught ReflectionException: Class \"App\\Policies\\ModelPolicy\" does not exist in Command line code:1
Stack trace:
#0 Command line code(1): ReflectionClass->__construct('App\\\\Policies\\\\Mo...')
#1 [internal function]: {closure}('App\\\\Policies\\\\Mo...', 'App\\\\Model')
#2 Command line code(1): array_map(Object(Closure), Array, Array)
#3 {main}
  thrown at Command line code:1)
[stacktrace]
#0 {main}
"} 
[2026-01-11 01:46:26] local.ERROR: Uncaught ReflectionException: Class "App\Policies\ModelPolicy" does not exist in Command line code:1
Stack trace:
#0 Command line code(1): ReflectionClass->__construct('App\\Policies\\Mo...')
#1 [internal function]: {closure}('App\\Policies\\Mo...', 'App\\Model')
#2 Command line code(1): array_map(Object(Closure), Array, Array)
#3 {main}
  thrown {"exception":"[object] (Symfony\\Component\\ErrorHandler\\Error\\FatalError(code: 0): Uncaught ReflectionException: Class \"App\\Policies\\ModelPolicy\" does not exist in Command line code:1
Stack trace:
#0 Command line code(1): ReflectionClass->__construct('App\\\\Policies\\\\Mo...')
#1 [internal function]: {closure}('App\\\\Policies\\\\Mo...', 'App\\\\Model')
#2 Command line code(1): array_map(Object(Closure), Array, Array)
#3 {main}
  thrown at Command line code:1)
[stacktrace]
#0 {main}
"} 
[2026-01-11 01:47:26] local.ERROR: Uncaught ReflectionException: Class "App\Policies\ModelPolicy" does not exist in Command line code:1
Stack trace:
#0 Command line code(1): ReflectionClass->__construct('App\\Policies\\Mo...')
#1 [internal function]: {closure}('App\\Policies\\Mo...', 'App\\Model')
#2 Command line code(1): array_map(Object(Closure), Array, Array)
#3 {main}
  thrown {"exception":"[object] (Symfony\\Component\\ErrorHandler\\Error\\FatalError(code: 0): Uncaught ReflectionException: Class \"App\\Policies\\ModelPolicy\" does not exist in Command line code:1
Stack trace:
#0 Command line code(1): ReflectionClass->__construct('App\\\\Policies\\\\Mo...')
#1 [internal function]: {closure}('App\\\\Policies\\\\Mo...', 'App\\\\Model')
#2 Command line code(1): array_map(Object(Closure), Array, Array)
#3 {main}
  thrown at Command line code:1)
[stacktrace]
#0 {main}
"} 
[2026-01-11 01:48:27] local.ERROR: Uncaught ReflectionException: Class "App\Policies\ModelPolicy" does not exist in Command line code:1
Stack trace:
#0 Command line code(1): ReflectionClass->__construct('App\\Policies\\Mo...')
#1 [internal function]: {closure}('App\\Policies\\Mo...', 'App\\Model')
#2 Command line code(1): array_map(Object(Closure), Array, Array)
#3 {main}
  thrown {"exception":"[object] (Symfony\\Component\\ErrorHandler\\Error\\FatalError(code: 0): Uncaught ReflectionException: Class \"App\\Policies\\ModelPolicy\" does not exist in Command line code:1
Stack trace:
#0 Command line code(1): ReflectionClass->__construct('App\\\\Policies\\\\Mo...')
#1 [internal function]: {closure}('App\\\\Policies\\\\Mo...', 'App\\\\Model')
#2 Command line code(1): array_map(Object(Closure), Array, Array)
#3 {main}
  thrown at Command line code:1)
[stacktrace]
#0 {main}
"} 
[2026-01-11 01:49:27] local.ERROR: Uncaught ReflectionException: Class "App\Policies\ModelPolicy" does not exist in Command line code:1
Stack trace:
#0 Command line code(1): ReflectionClass->__construct('App\\Policies\\Mo...')
#1 [internal function]: {closure}('App\\Policies\\Mo...', 'App\\Model')
#2 Command line code(1): array_map(Object(Closure), Array, Array)
#3 {main}
  thrown {"exception":"[object] (Symfony\\Component\\ErrorHandler\\Error\\FatalError(code: 0): Uncaught ReflectionException: Class \"App\\Policies\\ModelPolicy\" does not exist in Command line code:1
Stack trace:
#0 Command line code(1): ReflectionClass->__construct('App\\\\Policies\\\\Mo...')
#1 [internal function]: {closure}('App\\\\Policies\\\\Mo...', 'App\\\\Model')
#2 Command line code(1): array_map(Object(Closure), Array, Array)
#3 {main}
  thrown at Command line code:1)
[stacktrace]
#0 {main}
"} 
[2026-01-11 01:50:27] local.ERROR: Uncaught ReflectionException: Class "App\Policies\ModelPolicy" does not exist in Command line code:1
Stack trace:
#0 Command line code(1): ReflectionClass->__construct('App\\Policies\\Mo...')
#1 [internal function]: {closure}('App\\Policies\\Mo...', 'App\\Model')
#2 Command line code(1): array_map(Object(Closure), Array, Array)
#3 {main}
  thrown {"exception":"[object] (Symfony\\Component\\ErrorHandler\\Error\\FatalError(code: 0): Uncaught ReflectionException: Class \"App\\Policies\\ModelPolicy\" does not exist in Command line code:1
Stack trace:
#0 Command line code(1): ReflectionClass->__construct('App\\\\Policies\\\\Mo...')
#1 [internal function]: {closure}('App\\\\Policies\\\\Mo...', 'App\\\\Model')
#2 Command line code(1): array_map(Object(Closure), Array, Array)
#3 {main}
  thrown at Command line code:1)
[stacktrace]
#0 {main}
"} 
[2026-01-11 01:51:27] local.ERROR: Uncaught ReflectionException: Class "App\Policies\ModelPolicy" does not exist in Command line code:1
Stack trace:
#0 Command line code(1): ReflectionClass->__construct('App\\Policies\\Mo...')
#1 [internal function]: {closure}('App\\Policies\\Mo...', 'App\\Model')
#2 Command line code(1): array_map(Object(Closure), Array, Array)
#3 {main}
  thrown {"exception":"[object] (Symfony\\Component\\ErrorHandler\\Error\\FatalError(code: 0): Uncaught ReflectionException: Class \"App\\Policies\\ModelPolicy\" does not exist in Command line code:1
Stack trace:
#0 Command line code(1): ReflectionClass->__construct('App\\\\Policies\\\\Mo...')
#1 [internal function]: {closure}('App\\\\Policies\\\\Mo...', 'App\\\\Model')
#2 Command line code(1): array_map(Object(Closure), Array, Array)
#3 {main}
  thrown at Command line code:1)
[stacktrace]
#0 {main}
"} 
[2026-01-11 01:52:27] local.ERROR: Uncaught ReflectionException: Class "App\Policies\ModelPolicy" does not exist in Command line code:1
Stack trace:
#0 Command line code(1): ReflectionClass->__construct('App\\Policies\\Mo...')
#1 [internal function]: {closure}('App\\Policies\\Mo...', 'App\\Model')
#2 Command line code(1): array_map(Object(Closure), Array, Array)
#3 {main}
  thrown {"exception":"[object] (Symfony\\Component\\ErrorHandler\\Error\\FatalError(code: 0): Uncaught ReflectionException: Class \"App\\Policies\\ModelPolicy\" does not exist in Command line code:1
Stack trace:
#0 Command line code(1): ReflectionClass->__construct('App\\\\Policies\\\\Mo...')
#1 [internal function]: {closure}('App\\\\Policies\\\\Mo...', 'App\\\\Model')
#2 Command line code(1): array_map(Object(Closure), Array, Array)
#3 {main}
  thrown at Command line code:1)
[stacktrace]
#0 {main}
"} 
[2026-01-11 01:53:26] local.ERROR: Uncaught ReflectionException: Class "App\Policies\ModelPolicy" does not exist in Command line code:1
Stack trace:
#0 Command line code(1): ReflectionClass->__construct('App\\Policies\\Mo...')
#1 [internal function]: {closure}('App\\Policies\\Mo...', 'App\\Model')
#2 Command line code(1): array_map(Object(Closure), Array, Array)
#3 {main}
  thrown {"exception":"[object] (Symfony\\Component\\ErrorHandler\\Error\\FatalError(code: 0): Uncaught ReflectionException: Class \"App\\Policies\\ModelPolicy\" does not exist in Command line code:1
Stack trace:
#0 Command line code(1): ReflectionClass->__construct('App\\\\Policies\\\\Mo...')
#1 [internal function]: {closure}('App\\\\Policies\\\\Mo...', 'App\\\\Model')
#2 Command line code(1): array_map(Object(Closure), Array, Array)
#3 {main}
  thrown at Command line code:1)
[stacktrace]
#0 {main}
"} 
[2026-01-11 01:54:26] local.ERROR: Uncaught ReflectionException: Class "App\Policies\ModelPolicy" does not exist in Command line code:1
Stack trace:
#0 Command line code(1): ReflectionClass->__construct('App\\Policies\\Mo...')
#1 [internal function]: {closure}('App\\Policies\\Mo...', 'App\\Model')
#2 Command line code(1): array_map(Object(Closure), Array, Array)
#3 {main}
  thrown {"exception":"[object] (Symfony\\Component\\ErrorHandler\\Error\\FatalError(code: 0): Uncaught ReflectionException: Class \"App\\Policies\\ModelPolicy\" does not exist in Command line code:1
Stack trace:
#0 Command line code(1): ReflectionClass->__construct('App\\\\Policies\\\\Mo...')
#1 [internal function]: {closure}('App\\\\Policies\\\\Mo...', 'App\\\\Model')
#2 Command line code(1): array_map(Object(Closure), Array, Array)
#3 {main}
  thrown at Command line code:1)
[stacktrace]
#0 {main}
"} 
[2026-01-11 01:55:26] local.ERROR: Uncaught ReflectionException: Class "App\Policies\ModelPolicy" does not exist in Command line code:1
Stack trace:
#0 Command line code(1): ReflectionClass->__construct('App\\Policies\\Mo...')
#1 [internal function]: {closure}('App\\Policies\\Mo...', 'App\\Model')
#2 Command line code(1): array_map(Object(Closure), Array, Array)
#3 {main}
  thrown {"exception":"[object] (Symfony\\Component\\ErrorHandler\\Error\\FatalError(code: 0): Uncaught ReflectionException: Class \"App\\Policies\\ModelPolicy\" does not exist in Command line code:1
Stack trace:
#0 Command line code(1): ReflectionClass->__construct('App\\\\Policies\\\\Mo...')
#1 [internal function]: {closure}('App\\\\Policies\\\\Mo...', 'App\\\\Model')
#2 Command line code(1): array_map(Object(Closure), Array, Array)
#3 {main}
  thrown at Command line code:1)
[stacktrace]
#0 {main}
"} 
[2026-01-11 01:56:27] local.ERROR: Uncaught ReflectionException: Class "App\Policies\ModelPolicy" does not exist in Command line code:1
Stack trace:
#0 Command line code(1): ReflectionClass->__construct('App\\Policies\\Mo...')
#1 [internal function]: {closure}('App\\Policies\\Mo...', 'App\\Model')
#2 Command line code(1): array_map(Object(Closure), Array, Array)
#3 {main}
  thrown {"exception":"[object] (Symfony\\Component\\ErrorHandler\\Error\\FatalError(code: 0): Uncaught ReflectionException: Class \"App\\Policies\\ModelPolicy\" does not exist in Command line code:1
Stack trace:
#0 Command line code(1): ReflectionClass->__construct('App\\\\Policies\\\\Mo...')
#1 [internal function]: {closure}('App\\\\Policies\\\\Mo...', 'App\\\\Model')
#2 Command line code(1): array_map(Object(Closure), Array, Array)
#3 {main}
  thrown at Command line code:1)
[stacktrace]
#0 {main}
"} 
[2026-01-11 01:57:27] local.ERROR: Uncaught ReflectionException: Class "App\Policies\ModelPolicy" does not exist in Command line code:1
Stack trace:
#0 Command line code(1): ReflectionClass->__construct('App\\Policies\\Mo...')
#1 [internal function]: {closure}('App\\Policies\\Mo...', 'App\\Model')
#2 Command line code(1): array_map(Object(Closure), Array, Array)
#3 {main}
  thrown {"exception":"[object] (Symfony\\Component\\ErrorHandler\\Error\\FatalError(code: 0): Uncaught ReflectionException: Class \"App\\Policies\\ModelPolicy\" does not exist in Command line code:1
Stack trace:
#0 Command line code(1): ReflectionClass->__construct('App\\\\Policies\\\\Mo...')
#1 [internal function]: {closure}('App\\\\Policies\\\\Mo...', 'App\\\\Model')
#2 Command line code(1): array_map(Object(Closure), Array, Array)
#3 {main}
  thrown at Command line code:1)
[stacktrace]
#0 {main}
"} 
